OrderedDict({'model.features.0.0.weight': tensor([[[[ 1.1502e-01,  6.5163e-01,  4.5433e-01],
          [-1.1507e-01, -6.1681e-01, -3.3770e-01],
          [ 2.6298e-02, -1.0650e-01, -1.0365e-01]],

         [[ 6.3690e-02,  1.6563e+00,  1.7462e+00],
          [-1.3487e-01, -1.5379e+00, -1.5931e+00],
          [ 5.5038e-02, -1.1206e-01, -1.2045e-01]],

         [[ 8.6986e-02,  3.6119e-01,  2.6861e-01],
          [-1.1845e-01, -2.8374e-01, -2.2073e-01],
          [ 4.1544e-02, -6.9506e-02, -7.7594e-02]]],


        [[[ 1.6457e-01, -2.0225e-01,  7.9249e-02],
          [ 8.9600e-01, -1.2077e+00,  2.7410e-01],
          [ 1.0806e+00, -1.2565e+00,  2.0537e-01]],

         [[ 3.2863e-01, -4.3561e-01,  1.8432e-01],
          [ 1.6275e+00, -2.1143e+00,  4.0844e-01],
          [ 1.7302e+00, -2.0709e+00,  3.3915e-01]],

         [[ 9.5657e-02, -1.6137e-01,  7.1385e-02],
          [ 8.0927e-01, -9.6898e-01,  2.5890e-01],
          [ 7.2446e-01, -1.0010e+00,  1.9597e-01]]],


        [[[ 5.7154e-02,  2.6891e-01,  1.2092e-01],
          [ 7.6110e-03, -4.0177e-01, -2.8293e-02],
          [ 4.3165e-02, -9.8121e-02,  2.2182e-02]],

         [[-2.6865e-02,  6.5303e-01,  7.1164e-01],
          [ 6.5375e-02, -5.8293e-01, -7.5352e-01],
          [ 6.9728e-03, -1.9511e-02, -2.4044e-02]],

         [[ 4.8099e-02,  1.0182e-01,  5.9610e-02],
          [-6.1522e-02,  1.1825e-02, -2.3813e-02],
          [-1.6666e-02, -9.9221e-03, -2.7537e-02]]],


        [[[ 1.5381e-01,  1.3011e+00,  1.3266e+00],
          [ 2.2881e-01, -9.9432e-02, -1.7415e-01],
          [-3.8034e-01, -1.1329e+00, -1.1162e+00]],

         [[ 5.5398e-01,  2.1668e+00,  2.1859e+00],
          [ 2.2031e-01,  1.0724e-01, -8.3306e-02],
          [-6.9436e-01, -2.1706e+00, -2.1435e+00]],

         [[ 1.0755e-01,  8.1595e-01,  8.4395e-01],
          [ 1.7702e-01, -1.6216e-01, -1.3603e-01],
          [-2.8119e-01, -6.3775e-01, -6.0300e-01]]],


        [[[-3.4558e-02,  4.7344e-01, -1.5189e-01],
          [-4.3900e-01,  1.8582e-01, -1.7476e-01],
          [ 4.1034e-02,  1.3012e-01, -7.7753e-02]],

         [[-1.5553e-01,  6.8644e-01, -1.5322e-01],
          [-6.6674e-01,  3.3460e-01, -2.4898e-01],
          [ 6.2555e-02,  1.8908e-01, -9.2705e-02]],

         [[-4.1114e-02,  4.1395e-01, -1.1389e-01],
          [-3.6082e-01,  1.6128e-01, -7.7574e-02],
          [ 7.0794e-02,  7.2675e-02, -4.7275e-02]]],


        [[[-5.6041e-02, -6.0656e-02, -9.2703e-02],
          [-1.7918e-01, -3.3265e-01, -3.2745e-01],
          [-2.0949e-01, -3.7395e-01, -2.9591e-01]],

         [[ 4.3593e-03,  6.9411e-02,  2.0537e-01],
          [ 1.6272e-01,  1.4346e+00,  8.3563e-01],
          [ 2.4380e-01,  9.5563e-01,  7.0224e-01]],

         [[-3.4331e-02, -2.0421e-01, -7.4650e-02],
          [-3.1802e-01, -7.2975e-01, -5.8175e-01],
          [-2.2739e-01, -5.5049e-01, -2.7683e-01]]],


        [[[-1.0154e-01,  4.4533e-03, -1.2584e-01],
          [-1.7549e-02,  7.8245e-02, -6.1354e-02],
          [-1.3647e-01, -8.9480e-02, -1.6406e-01]],

         [[-1.9301e-01,  8.7790e-02, -1.0707e-01],
          [ 6.7210e-02,  3.3402e-01,  1.5509e-01],
          [-1.2566e-01,  1.4058e-01,  7.5056e-02]],

         [[ 1.9880e-01,  4.4079e-01,  7.3423e-02],
          [ 4.3286e-01,  4.4641e-01,  4.3021e-01],
          [ 1.1857e-01,  2.1767e-01,  7.6910e-02]]],


        [[[ 3.7459e-02,  2.2323e-03, -1.1628e-02],
          [ 5.3314e-02, -1.6031e-01, -1.3024e-01],
          [-1.1551e-01, -4.3653e-01, -3.2014e-01]],

         [[ 3.7919e-02,  9.4037e-02,  6.8508e-02],
          [ 8.9614e-02, -4.1711e-01, -3.1109e-01],
          [-9.5337e-02, -7.1700e-01, -6.1947e-01]],

         [[ 5.5613e-02,  1.3739e-02,  3.8071e-02],
          [ 3.0994e-02, -8.6296e-02, -5.0743e-02],
          [-5.5745e-02, -2.2950e-01, -1.9030e-01]]],


        [[[-9.5561e-02,  1.6223e-02,  3.5526e-02],
          [-2.0465e-02, -1.5899e-01, -2.3421e-01],
          [-3.5061e-02, -3.5468e-01, -4.1836e-01]],

         [[-4.2214e-02,  1.2825e-01,  1.4702e-01],
          [ 3.7225e-02, -3.3659e-01, -3.1788e-01],
          [ 1.1894e-02, -6.0763e-01, -5.8922e-01]],

         [[-2.5046e-02,  2.0930e-02,  1.0373e-01],
          [-1.8999e-02, -1.4447e-01, -1.4421e-01],
          [ 1.7738e-02, -2.1078e-01, -3.0697e-01]]],


        [[[ 6.5918e-02,  5.4320e-02, -1.1712e-02],
          [ 1.1930e-01, -2.4870e-01,  9.0468e-04],
          [ 1.5723e-01, -1.1421e-01,  1.1427e-01]],

         [[ 2.1770e-01,  1.7599e-02,  3.1357e-01],
          [-1.7629e-01, -5.7278e-01,  1.7511e-02],
          [-5.1096e-02, -3.9574e-01,  1.6489e-01]],

         [[-3.0896e-01, -3.2910e-01, -3.2557e-01],
          [-3.2030e-01, -1.8729e-01, -4.5571e-01],
          [-3.2255e-01, -2.8665e-01, -4.4229e-01]]],


        [[[ 6.4869e-01,  6.3948e-01,  4.6082e-01],
          [ 6.8240e-01,  4.1393e-01,  7.3016e-01],
          [ 6.2463e-01,  6.9776e-01,  4.9919e-01]],

         [[-3.1868e-02,  8.4411e-02, -1.3561e-01],
          [ 8.7912e-02,  3.2323e-01,  1.8467e-01],
          [-2.1757e-01,  1.3306e-01, -1.3679e-01]],

         [[ 6.3313e-03,  3.4551e-02,  2.9390e-02],
          [ 2.9842e-02,  1.6228e-03, -1.4394e-03],
          [ 5.9442e-02, -3.1982e-03, -4.3916e-02]]],


        [[[-1.3637e-03, -6.3577e-02, -3.7415e-02],
          [ 4.5736e-02,  7.9382e-01,  7.1577e-01],
          [-1.6286e-01, -7.2717e-01, -6.1878e-01]],

         [[ 1.4284e-02, -2.5464e-02, -1.2538e-02],
          [ 1.0084e-01,  1.5661e+00,  1.0963e+00],
          [-2.3846e-01, -1.2140e+00, -1.4220e+00]],

         [[-5.7833e-03,  1.8002e-02, -1.9454e-02],
          [ 5.2940e-02,  6.1965e-01,  5.0638e-01],
          [-1.0062e-01, -5.6296e-01, -4.1518e-01]]],


        [[[-8.6889e-02,  3.1497e-02, -1.2727e-01],
          [ 1.4430e-01,  1.7489e-01,  3.3012e-03],
          [ 9.1349e-02,  3.2890e-01,  1.2739e-01]],

         [[-9.6210e-02, -1.7407e-02, -2.0985e-01],
          [ 1.9901e-01,  6.2881e-01,  5.1602e-02],
          [ 1.0407e-01,  7.1056e-01,  2.6930e-01]],

         [[-4.1492e-02,  1.0023e-02,  3.0127e-03],
          [ 2.0859e-01,  4.2792e-01, -2.2730e-03],
          [ 9.5186e-02,  3.8907e-01, -2.4645e-02]]],


        [[[ 4.4618e-03,  7.4691e-02,  1.3297e-01],
          [ 2.7828e-02,  9.9113e-02,  1.8843e-01],
          [ 1.4350e-01,  1.7230e-01,  2.5844e-02]],

         [[-3.4449e-02,  5.4138e-02,  1.5124e-01],
          [-1.9374e-02,  2.9347e-01,  1.7901e-01],
          [ 8.2348e-02,  3.4482e-01,  1.4837e-01]],

         [[ 1.9626e-02,  9.9788e-02,  1.4976e-01],
          [-2.8017e-02,  1.4444e-01,  1.0506e-01],
          [ 5.9215e-02,  1.2852e-01, -1.4444e-02]]],


        [[[-4.6311e-02, -5.8976e-01, -8.4979e-01],
          [ 2.0545e-01,  1.1197e+00,  1.2019e+00],
          [-1.3607e-01, -4.5029e-01, -4.0824e-01]],

         [[-2.4707e-01, -1.1892e+00, -1.2153e+00],
          [ 4.1782e-01,  1.9645e+00,  1.8673e+00],
          [-2.3562e-01, -6.7284e-01, -7.2368e-01]],

         [[-4.7072e-03, -4.6844e-01, -6.2614e-01],
          [ 4.6539e-02,  8.8716e-01,  1.0187e+00],
          [-4.8753e-02, -3.9217e-01, -4.1636e-01]]],


        [[[-2.2626e-02, -1.4452e-02,  4.0664e-03],
          [-1.2286e-01,  9.9445e-03,  7.6298e-02],
          [ 3.8856e-01,  2.2209e-01, -5.7517e-01]],

         [[-2.2164e-02,  5.7450e-02, -3.7310e-02],
          [-1.4669e-01, -4.2478e-02,  1.1200e-01],
          [ 5.7241e-01,  4.6683e-01, -9.0678e-01]],

         [[ 2.3003e-02,  1.5974e-02,  3.3156e-02],
          [-7.4239e-02,  1.9991e-02,  5.1572e-02],
          [ 2.9252e-01,  2.0861e-01, -3.9991e-01]]],


        [[[ 4.9573e-03,  6.4528e-02, -6.7542e-02],
          [ 5.7806e-02,  3.2729e-01, -4.0315e-01],
          [ 7.8161e-02,  3.2677e-01, -2.8621e-01]],

         [[-3.6704e-03,  1.2252e-01, -4.8413e-02],
          [ 6.6100e-03,  5.0413e-01, -2.9864e-01],
          [-1.0376e-01,  4.0460e-01, -2.7486e-01]],

         [[ 1.3266e-02,  3.0091e-02, -4.3635e-02],
          [-1.4974e-02,  3.2749e-01, -3.0802e-01],
          [-9.3423e-03,  3.4614e-01, -2.5503e-01]]],


        [[[-7.7305e-02,  4.8577e-02,  8.1375e-02],
          [-8.0369e-03, -5.7872e-02, -2.4630e-01],
          [ 2.1468e-02, -5.6435e-03, -3.0377e-01]],

         [[ 1.9371e-02,  6.8104e-02,  2.5452e-02],
          [ 9.7332e-02, -2.9364e-01, -5.4415e-01],
          [ 1.1230e-01, -2.8658e-01, -6.8266e-01]],

         [[-9.6145e-03,  8.4110e-02,  2.0940e-01],
          [ 3.0171e-02, -9.2558e-03, -1.1939e-01],
          [-4.8262e-03, -1.6854e-01, -4.1550e-01]]],


        [[[-2.0868e-02, -2.3448e-02,  6.6390e-02],
          [-4.4123e-02, -2.6678e-01,  3.6341e-03],
          [ 1.3711e-01,  8.0461e-02,  1.3441e-01]],

         [[-3.6307e-01, -5.5693e-01, -2.6582e-01],
          [-6.3331e-01, -9.0900e-01, -5.0995e-01],
          [-3.1122e-01, -5.9675e-01, -2.6807e-01]],

         [[ 4.1701e-01,  6.8911e-01,  1.8461e-01],
          [ 7.6339e-01,  1.0663e+00,  4.8062e-01],
          [ 1.8294e-01,  4.4406e-01,  2.1616e-01]]],


        [[[-5.8647e-02,  1.7973e-01,  7.2210e-02],
          [ 1.5844e-01,  9.3447e-01,  6.7430e-01],
          [ 7.9104e-02,  6.8336e-01,  4.9154e-01]],

         [[-1.1743e-01, -9.4630e-02, -8.7228e-02],
          [-1.0172e-01, -1.5227e-01, -9.6108e-02],
          [-9.4793e-02, -1.3146e-01, -4.9077e-02]],

         [[ 1.1402e-01, -9.5878e-02, -2.4870e-02],
          [-1.2567e-01, -8.5116e-01, -6.1370e-01],
          [-2.9814e-02, -5.9680e-01, -4.8077e-01]]],


        [[[-7.1847e-03,  3.7551e-02,  7.3345e-02],
          [-3.0934e-02, -2.0829e-01, -2.7721e-01],
          [ 1.4940e-02, -2.8212e-01, -4.3533e-01]],

         [[ 3.4145e-02,  1.0126e-01,  9.1958e-02],
          [ 6.9181e-02, -2.3933e-01, -3.2131e-01],
          [ 1.3370e-01, -3.6284e-01, -6.0503e-01]],

         [[ 5.3555e-02,  4.7943e-02,  5.5261e-02],
          [-2.7536e-02, -1.3621e-01, -1.3453e-01],
          [ 5.9755e-02, -2.0464e-01, -3.5745e-01]]],


        [[[ 6.4725e-02, -4.8334e-02, -4.7294e-02],
          [-8.6488e-02, -2.6874e-01, -3.7730e-01],
          [ 6.3743e-02, -7.0458e-02, -7.2025e-02]],

         [[-9.5796e-02, -1.3966e-01, -1.1685e-02],
          [-1.5017e-01, -4.7002e-01, -2.8352e-01],
          [-4.9582e-02, -3.6162e-01, -1.0996e-01]],

         [[ 9.0196e-03,  4.3008e-03,  7.6918e-02],
          [ 2.4888e-02, -3.3115e-01, -1.3081e-01],
          [ 2.7498e-02,  2.5074e-02,  1.7496e-01]]],


        [[[ 1.1632e-01,  6.7532e-02,  1.0026e-01],
          [ 1.4779e-01, -6.7014e-02,  7.5130e-02],
          [-1.1075e-01, -4.7270e-01, -5.1277e-02]],

         [[-7.1675e-02, -1.6138e-02,  2.2573e-03],
          [-6.4863e-02, -2.3410e-02,  4.8827e-03],
          [-2.0124e-02, -3.0921e-01, -2.7123e-01]],

         [[ 2.7353e-02,  2.1532e-03,  3.3741e-02],
          [-2.2585e-03,  9.4948e-03, -4.3556e-03],
          [-1.0473e-01, -2.7841e-01, -2.1912e-01]]],


        [[[ 2.5658e-02,  4.6565e-02, -6.4764e-02],
          [-9.0907e-02, -6.5655e-01, -6.1916e-01],
          [-4.6591e-03,  6.7181e-01,  6.8461e-01]],

         [[ 1.3310e-01,  3.4970e-02, -2.1239e-02],
          [-1.5481e-01, -1.3357e+00, -1.3893e+00],
          [ 2.7314e-02,  1.5350e+00,  1.1682e+00]],

         [[-3.2428e-02,  8.0601e-02, -5.7220e-02],
          [-1.6693e-02, -4.5522e-01, -4.2131e-01],
          [-3.5211e-02,  4.0225e-01,  4.5575e-01]]],


        [[[-5.3834e-02, -4.7287e-02, -5.7696e-02],
          [-5.2236e-02, -5.0632e-02,  1.3607e-01],
          [-7.8723e-02, -1.8840e-02,  6.0179e-01]],

         [[ 3.8291e-02,  4.2698e-02,  6.1926e-02],
          [ 1.1536e-01, -9.8539e-02, -1.9778e-02],
          [ 1.5308e-01, -8.7924e-02,  3.6916e-01]],

         [[-4.5060e-02, -6.7443e-02, -8.1019e-02],
          [-5.8903e-02, -4.6258e-02,  2.3980e-01],
          [-4.5151e-02,  6.0784e-02,  6.5542e-01]]],


        [[[-4.0290e-01, -5.9285e-01, -8.1185e-02],
          [-7.2419e-01, -1.2876e+00, -4.0903e-01],
          [-9.9667e-02, -4.5034e-01, -8.4108e-02]],

         [[ 3.2992e-01,  4.5080e-01,  2.2217e-01],
          [ 5.3315e-01,  1.1493e+00,  5.3760e-01],
          [ 2.1192e-01,  5.9726e-01,  2.3002e-01]],

         [[ 1.1206e-01,  3.4606e-02, -1.1644e-01],
          [ 1.2414e-01,  2.4066e-01, -4.1360e-02],
          [-1.3045e-01, -6.4194e-02, -1.4838e-01]]],


        [[[-6.9121e-02, -1.4009e-01, -2.6871e-02],
          [-7.9619e-02,  1.0967e+00,  3.3546e-01],
          [-4.3930e-02,  5.6780e-01,  2.1130e-01]],

         [[-1.3361e-01, -2.1008e-01, -8.9636e-02],
          [-3.3819e-01, -1.0415e+00, -7.2014e-01],
          [-2.8059e-01, -8.9114e-01, -5.7086e-01]],

         [[-1.1557e-02, -9.6861e-03,  1.1177e-01],
          [ 2.4300e-02,  6.4273e-01,  3.7264e-01],
          [ 1.1733e-01,  5.1836e-01,  4.9873e-01]]],


        [[[-1.8910e-01,  1.5284e-01, -1.2672e-01],
          [ 3.0054e-01,  5.5078e-01, -1.2662e-01],
          [-2.4146e-01, -2.1575e-01, -7.0098e-02]],

         [[-1.9960e-01,  2.3424e-01, -1.6464e-01],
          [ 4.5656e-01,  8.5836e-01, -2.1839e-01],
          [-4.0007e-01, -4.1179e-01, -1.2904e-01]],

         [[-1.4196e-01,  1.1366e-01, -8.4213e-02],
          [ 2.3590e-01,  4.2136e-01, -1.2970e-01],
          [-1.8420e-01, -2.0077e-01, -3.8267e-02]]],


        [[[-2.5421e-01, -3.6786e-01, -2.1336e-01],
          [-3.4484e-01, -6.4491e-01, -4.9468e-01],
          [-3.1034e-01, -6.1573e-01, -5.5070e-01]],

         [[ 4.4421e-02,  1.1193e-01, -1.2170e-03],
          [ 1.1048e-01,  9.7377e-02,  1.3353e-01],
          [ 4.7002e-02,  1.1776e-01,  1.0749e-01]],

         [[ 1.0196e-01,  2.5826e-01,  1.7438e-01],
          [ 1.4197e-01,  4.7601e-01,  3.4905e-01],
          [ 1.5471e-01,  4.7587e-01,  3.8563e-01]]],


        [[[-2.7948e-02,  1.6797e-01,  1.9073e-01],
          [ 7.9039e-02,  2.8568e-01,  4.3797e-01],
          [ 1.9026e-02,  3.0631e-02,  1.6827e-01]],

         [[-3.2740e-02,  2.0940e-01,  3.4316e-01],
          [ 1.5345e-02,  4.5844e-01,  7.1285e-01],
          [-5.6878e-02,  3.3346e-02,  2.4594e-01]],

         [[-6.1171e-02,  3.7894e-02,  1.2658e-01],
          [-3.0122e-03,  6.5173e-02,  2.4623e-01],
          [-1.4237e-02, -3.4657e-02,  4.4818e-02]]],


        [[[-3.1672e-02, -1.2844e-01,  1.2707e-01],
          [ 4.4092e-02, -1.0228e+00,  1.0005e+00],
          [ 1.8607e-03, -9.7044e-01,  9.1732e-01]],

         [[ 1.1301e-02, -1.9034e-01,  2.0891e-01],
          [ 8.6284e-02, -2.5257e+00,  2.3697e+00],
          [ 8.6303e-03, -2.1871e+00,  2.2672e+00]],

         [[ 2.4059e-03, -7.7158e-02,  7.1821e-02],
          [ 4.9463e-02, -7.2118e-01,  6.9816e-01],
          [ 6.9569e-03, -6.2049e-01,  6.0047e-01]]],


        [[[ 2.4224e-01,  3.9055e-01,  2.8402e-01],
          [ 4.5685e-01,  9.6933e-01,  6.8102e-01],
          [ 4.2276e-01,  7.8299e-01,  6.5591e-01]],

         [[-8.1892e-02, -1.0983e-01, -1.3062e-01],
          [-1.2315e-01, -3.6546e-01, -2.3473e-01],
          [-1.1293e-01, -2.8518e-01, -2.4236e-01]],

         [[-1.8131e-01, -2.5485e-01, -2.4190e-01],
          [-2.2965e-01, -6.3796e-01, -4.3431e-01],
          [-2.5842e-01, -5.4215e-01, -4.8189e-01]]]]), 'model.features.0.1.weight': tensor([ 1.9009,  1.7216,  2.7199, 10.8555,  1.3574,  0.7881,  6.9737,  3.9462,
         2.9516,  2.0760,  6.8218,  1.7144,  0.2774, -0.4984,  1.4095,  2.2043,
         1.1138,  0.4989,  1.6700,  7.0855,  2.5623,  2.8200,  2.1684,  2.0298,
         2.5023,  1.8157,  0.9880,  1.1328,  1.1565,  4.5255,  0.4389,  0.7902]), 'model.features.0.1.bias': tensor([ 2.4719e+00,  2.3166e+00,  3.2282e+00,  1.4672e+00,  2.6350e+00,
         1.7364e+00, -1.3168e+01,  1.0602e+01,  7.9846e+00, -2.6660e+00,
        -1.1402e+01,  2.4896e+00,  1.1233e-03, -2.4764e+00,  2.6291e+00,
         7.0779e+00,  4.4009e+00, -8.2041e-01,  1.2196e+00,  4.3795e+00,
         7.8674e+00, -4.3381e+00, -2.5593e+00,  2.4272e+00, -3.8735e+00,
         1.6556e+00,  1.6002e+00,  2.4343e+00,  4.0161e-02,  1.0749e+01,
         1.0695e+00,  1.7076e-01]), 'model.features.0.1.running_mean': tensor([ 0.0378,  0.0569, -0.0527, -0.0401, -0.0035, -0.4916, -0.9823,  1.1508,
         1.1260,  1.2473, -1.0373,  0.0249, -1.1743, -0.8686, -0.0291, -0.0542,
        -0.1815,  0.8560,  0.1748,  0.8326,  0.8805,  0.8741,  0.5514,  0.0294,
        -0.5388, -1.0701,  0.6146, -0.0178, -0.6024, -1.1743, -0.0042,  1.0654]), 'model.features.0.1.running_var': tensor([ 1.7635,  3.1210,  0.2730,  9.9348,  0.1971,  1.7428,  7.4735, 16.3596,
        16.8787, 14.0773, 50.9163,  1.1243, 14.9872,  9.6034,  1.6930,  0.2550,
         0.5553,  8.0580,  3.1410,  5.7385, 11.0007,  9.3680,  3.0380,  0.9575,
         3.4234,  5.3598,  1.5278,  0.2060,  7.2972, 18.4452,  2.7949, 11.3282]), 'model.features.0.1.num_batches_tracked': tensor(703214), 'model.features.1.0.block.0.0.weight': tensor([[[[-6.9264e-02, -1.4027e-02, -1.9003e-02],
          [-5.7957e-02, -2.6863e-01, -8.0152e-02],
          [-2.7560e-01,  1.5889e+00, -1.9952e-01]]],


        [[[ 5.6792e-03, -7.9674e-02, -1.3455e-01],
          [-3.4264e-02,  8.3297e-02,  1.6621e+00],
          [-1.3126e-02, -1.4707e-01, -6.0503e-02]]],


        [[[ 2.9134e-02, -1.1587e-01, -2.3636e-02],
          [-1.4534e-01, -2.7490e-01, -9.7955e-02],
          [-1.1509e-01,  9.7926e-01, -6.3799e-02]]],


        [[[ 2.6157e-02, -3.8476e-02,  1.8236e-03],
          [-4.1558e-02, -1.7761e+00, -2.8029e-02],
          [ 2.1360e-03, -4.7105e-02,  3.3532e-02]]],


        [[[-4.1355e-03, -7.3611e-02,  5.4125e-02],
          [-4.9311e-02, -6.5750e-01,  7.3923e-01],
          [ 4.3970e-02,  4.8879e-01, -5.8902e-01]]],


        [[[-1.7620e-02,  5.5632e-01,  4.3342e-02],
          [ 5.0130e-01, -2.4608e+00,  6.0560e-01],
          [ 2.9286e-02,  5.8259e-01,  4.2440e-02]]],


        [[[ 4.2390e-02, -1.1410e-01,  2.3277e-02],
          [-1.8249e-02,  1.0270e+00, -1.7532e-01],
          [ 4.3527e-02, -1.9763e-02,  1.1329e-02]]],


        [[[-4.0472e-01, -1.4584e+00, -7.1706e-01],
          [-9.1347e-01, -1.7295e+00, -9.5434e-01],
          [ 1.2039e+00,  3.4162e+00,  1.4948e+00]]],


        [[[ 5.1002e-01, -9.3586e-01,  3.0018e-01],
          [ 2.7677e+00, -2.2074e+00, -4.8449e-01],
          [ 2.1436e-02, -1.8189e-01,  1.6644e-01]]],


        [[[ 3.2179e-02,  1.3163e-01, -3.2592e-02],
          [ 5.6678e-03,  7.1613e-01, -7.0978e-02],
          [-4.5963e-02, -1.4450e-01, -4.2532e-02]]],


        [[[-6.1077e-03, -3.2984e-02, -2.8083e-03],
          [-5.1816e-03,  7.8191e-01, -1.0102e-01],
          [ 3.7970e-02, -2.9691e-02,  2.0894e-02]]],


        [[[ 5.2395e-02,  1.3957e-01,  8.5803e-02],
          [ 1.4540e-01, -1.2131e+00,  2.8562e-02],
          [ 1.1892e-01,  6.2414e-02,  9.5323e-02]]],


        [[[ 2.3581e-01, -3.5204e-01,  3.7746e-03],
          [-1.6797e-02, -1.6726e+00,  4.9063e-01],
          [ 2.7414e-01,  2.1281e-01,  4.6356e-02]]],


        [[[ 2.1867e-01,  7.4870e-01,  2.6499e-01],
          [ 2.0935e-01,  6.4879e-01,  4.2282e-01],
          [-4.5638e-01, -1.1370e+00, -8.0903e-01]]],


        [[[-1.6968e-02,  1.2471e-01,  2.5175e-02],
          [ 1.0677e-01, -3.1261e-01,  7.2609e-02],
          [ 8.9574e-02, -1.3611e+00,  8.6457e-02]]],


        [[[-6.4968e-02,  1.0519e+00,  7.3712e-03],
          [ 7.9485e-03, -9.5400e-01, -6.0374e-02],
          [ 3.3434e-02, -1.2356e-01,  1.1713e-01]]],


        [[[-7.0857e-03,  4.8153e-02, -6.4263e-02],
          [ 6.2934e-02, -9.0252e-01,  5.1219e-02],
          [ 7.3975e-03,  9.4582e-03, -2.5698e-02]]],


        [[[-1.6039e-01, -4.6854e-01,  3.6240e-01],
          [-3.8613e-01, -1.0162e+00,  1.5672e-01],
          [ 1.7611e-01,  2.5375e-01,  1.4440e-01]]],


        [[[ 1.5668e-01,  1.5242e-01,  1.2954e-01],
          [ 1.0446e-01, -1.1170e+00,  1.4165e-01],
          [ 9.4620e-02,  3.6169e-02,  5.5478e-02]]],


        [[[ 6.1663e-02, -1.0519e-01,  1.1437e-01],
          [-1.6731e-01, -8.0424e-01,  1.3270e-01],
          [ 1.2472e-01,  1.8111e-01,  1.0553e-01]]],


        [[[ 4.6952e-01,  2.6581e+00, -7.4882e-02],
          [-8.9857e-01, -2.1149e+00, -1.9111e-01],
          [ 3.4765e-01, -4.4578e-01,  1.5257e-01]]],


        [[[-8.7129e-02, -1.5867e-02, -2.2974e-03],
          [ 9.2805e-02,  1.0001e+00, -2.2550e-01],
          [-2.4611e-02, -1.1990e-01, -5.0880e-03]]],


        [[[ 6.2670e-02, -3.8710e-01,  2.8830e-01],
          [-2.3569e-01, -3.6937e-01,  8.6022e-01],
          [ 6.6282e-02, -4.6888e-02, -1.1870e-01]]],


        [[[-9.7296e-02, -1.6729e-01, -1.5163e-01],
          [-1.5305e-01,  1.2137e+00, -2.3261e-01],
          [-9.8752e-02,  2.9861e-02, -6.1386e-02]]],


        [[[-9.4587e-02, -1.2044e-01, -1.3646e-01],
          [-3.0066e-01,  1.1576e+00, -6.0902e-02],
          [-6.1369e-02, -1.6089e-01, -4.0623e-02]]],


        [[[ 4.2891e-02,  2.2506e-01,  7.3533e-02],
          [ 2.7364e-01, -1.2283e+00,  9.9592e-02],
          [ 9.4168e-02,  9.0060e-02,  2.7332e-02]]],


        [[[ 8.9208e-03,  4.1551e-01,  8.2210e-02],
          [ 4.2084e-01, -2.3249e+00,  5.3275e-01],
          [ 4.1936e-02,  5.7890e-01,  7.0938e-02]]],


        [[[-4.5125e-02,  1.5420e-01, -7.2998e-02],
          [ 1.4021e-01,  5.8880e-01, -7.2170e-01],
          [ 1.9591e-02, -7.6214e-01,  6.7659e-01]]],


        [[[ 3.0553e-01, -5.1526e-02,  2.6010e-01],
          [-2.4488e-01, -1.7399e+00,  4.3903e-01],
          [ 3.1034e-01,  4.6409e-01,  1.0783e-01]]],


        [[[ 1.4541e-01, -3.7750e-01,  2.6348e-01],
          [-2.2429e+00, -1.3684e+00,  3.6412e+00],
          [-8.1311e-01, -6.6392e-01,  1.4864e+00]]],


        [[[ 4.5592e-02,  1.7119e-01,  3.3944e-02],
          [ 1.1453e-01, -1.8201e+00,  4.3664e-02],
          [ 9.4479e-02,  9.1461e-02,  3.5433e-02]]],


        [[[-3.5600e-01,  5.4347e-02, -3.6782e-01],
          [ 1.3399e-01,  2.1977e+00, -4.2410e-01],
          [-3.8389e-01, -4.5917e-01, -1.8378e-01]]]]), 'model.features.1.0.block.0.1.weight': tensor([ 1.8283,  1.4804,  4.1051,  5.9412,  2.1808,  0.8938,  0.7849,  4.6932,
         1.6196,  0.6082,  0.8117, -2.2475,  1.4549,  4.0680,  1.2848,  2.4801,
         1.9548,  1.1058,  1.3188,  6.4813,  1.4202,  0.5105,  1.6236,  1.8840,
         2.2946,  1.2030,  0.8393,  1.3016,  0.7369,  5.9401,  1.7020,  3.5950]), 'model.features.1.0.block.0.1.bias': tensor([ 1.7326,  2.3432, -2.4702, -0.4497,  8.7489,  9.4032, -1.5575,  1.6989,
         2.0095, -0.3958, -1.4859,  2.3097,  6.6430, -1.9018,  4.0054,  2.2627,
        -1.6602,  6.4312,  1.9632, -1.4991,  2.2515, -0.0103,  0.0975,  1.9274,
         0.1661,  2.2891,  9.6438,  2.5672,  9.8739,  2.0140,  1.9550,  2.2450]), 'model.features.1.0.block.0.1.running_mean': tensor([ 1.3733e+00,  2.6654e+00,  4.2600e-01, -6.0834e+00, -1.2500e-01,
        -2.2907e-01,  1.3647e-01, -1.2659e+00, -5.4246e-01, -7.9594e-02,
         2.3248e-02, -1.2108e+00, -1.4257e-02, -2.2253e-02, -3.0228e+00,
         1.2961e-01, -3.6154e+00,  1.9720e-01, -3.3853e-01, -1.8770e+00,
        -8.8780e-01, -6.3328e-02, -1.0387e-02,  6.9530e-01, -1.3276e-03,
        -5.4834e-01, -2.6411e-01, -6.8086e-02, -4.8996e-02,  5.1414e-01,
        -9.8277e-01,  4.7868e-02]), 'model.features.1.0.block.0.1.running_var': tensor([2.8720e+00, 2.8710e+00, 3.0751e+00, 2.1784e+02, 6.1888e-01, 9.3601e-02,
        5.2860e-01, 1.1094e+02, 1.5467e+01, 3.1472e-03, 4.5037e-02, 2.2544e+00,
        1.7038e-02, 3.9942e-03, 1.3975e+00, 3.3342e+00, 8.9714e-01, 5.6576e-03,
        1.5517e-01, 4.9079e+00, 1.3069e+01, 4.2010e-03, 4.3954e-03, 2.5672e+00,
        1.9217e-02, 2.4451e-01, 1.7929e-01, 8.2855e-01, 3.3112e-02, 9.0160e+01,
        3.5326e-01, 3.5274e-02]), 'model.features.1.0.block.0.1.num_batches_tracked': tensor(703214), 'model.features.1.0.block.1.fc1.weight': tensor([[[[-1.0663e-01]],

         [[-6.3487e-02]],

         [[ 2.7695e-01]],

         [[ 1.8359e-01]],

         [[-1.2981e-01]],

         [[ 3.0346e-01]],

         [[-2.6214e-02]],

         [[-4.0737e-01]],

         [[-8.2463e-02]],

         [[-4.9064e-01]],

         [[-2.4179e-01]],

         [[-2.0524e-01]],

         [[-1.8198e-01]],

         [[-7.0853e-02]],

         [[-2.3195e-01]],

         [[-3.8016e-03]],

         [[ 7.3050e-03]],

         [[-1.3152e-01]],

         [[-3.6012e-02]],

         [[-1.7754e-01]],

         [[-1.3338e-01]],

         [[ 6.2950e-02]],

         [[-1.0323e-01]],

         [[ 8.1873e-02]],

         [[-1.4885e-01]],

         [[ 6.4259e-01]],

         [[-2.1678e-01]],

         [[-1.7018e-01]],

         [[ 2.2518e-01]],

         [[ 2.1286e-01]],

         [[-1.5260e-01]],

         [[-2.4030e-01]]],


        [[[-8.8718e-03]],

         [[-2.0179e-01]],

         [[ 7.1817e-02]],

         [[-1.2853e-01]],

         [[-1.6772e-02]],

         [[ 9.4498e-03]],

         [[ 1.9623e-01]],

         [[ 3.1992e-02]],

         [[ 3.9345e-02]],

         [[-2.9274e-01]],

         [[-4.7237e-01]],

         [[-1.2562e-02]],

         [[ 1.5220e-01]],

         [[-2.7992e-02]],

         [[-9.7025e-02]],

         [[-1.1180e-01]],

         [[ 1.4742e-02]],

         [[-1.8361e-01]],

         [[-6.9287e-02]],

         [[ 2.2849e-02]],

         [[-1.5230e-01]],

         [[-4.5350e-02]],

         [[-6.1581e-02]],

         [[-1.5025e-02]],

         [[-9.9136e-03]],

         [[-3.9540e-01]],

         [[-8.2470e-02]],

         [[-1.4865e-01]],

         [[ 7.7060e-02]],

         [[ 3.1367e-01]],

         [[-2.9834e-01]],

         [[-1.6529e-01]]],


        [[[-1.0325e-02]],

         [[ 6.5722e-02]],

         [[ 1.6594e-01]],

         [[-5.2871e-01]],

         [[-1.6969e-01]],

         [[ 4.6392e-02]],

         [[-1.3991e-01]],

         [[-5.9718e-02]],

         [[-2.0920e-01]],

         [[-2.4801e-01]],

         [[-2.2980e-01]],

         [[ 2.7884e-02]],

         [[-3.6373e-01]],

         [[-1.5605e-01]],

         [[-2.0550e-01]],

         [[ 3.9036e-02]],

         [[-2.9639e-01]],

         [[ 6.7942e-01]],

         [[ 6.6941e-02]],

         [[-3.6241e-02]],

         [[-2.8818e-01]],

         [[ 1.3249e-01]],

         [[-2.5295e-01]],

         [[-1.5313e-01]],

         [[ 2.5325e-02]],

         [[-7.3377e-02]],

         [[ 4.6373e-02]],

         [[-2.2184e-01]],

         [[ 3.8359e-02]],

         [[-2.9843e-02]],

         [[ 5.2209e-02]],

         [[-1.0768e-01]]],


        [[[ 5.6904e-02]],

         [[ 1.3337e-01]],

         [[ 4.7540e-01]],

         [[ 1.7380e-01]],

         [[-2.1224e-01]],

         [[ 8.1779e-02]],

         [[ 7.6649e-03]],

         [[-3.6891e-01]],

         [[-8.7921e-02]],

         [[-1.9313e-01]],

         [[-1.6357e-01]],

         [[ 5.1512e-02]],

         [[-2.3692e-01]],

         [[-1.2598e-01]],

         [[-1.2866e-01]],

         [[ 1.8767e-01]],

         [[-5.5844e-02]],

         [[ 4.2477e-02]],

         [[ 3.6847e-02]],

         [[-3.8024e-01]],

         [[-1.9314e-02]],

         [[ 7.5144e-02]],

         [[-9.5759e-04]],

         [[ 1.9144e-01]],

         [[-4.4979e-02]],

         [[ 2.8756e-01]],

         [[-1.1046e-01]],

         [[-6.4071e-02]],

         [[ 3.4886e-01]],

         [[-1.9279e-01]],

         [[ 9.2469e-02]],

         [[-1.1153e+00]]],


        [[[ 8.6780e-03]],

         [[-1.2143e-01]],

         [[ 1.1022e-01]],

         [[-3.1308e-01]],

         [[ 3.6464e-02]],

         [[-3.7662e-01]],

         [[ 1.5968e-01]],

         [[ 1.1071e-01]],

         [[ 1.4020e-02]],

         [[ 1.2901e-01]],

         [[-2.5815e-01]],

         [[ 2.1657e-02]],

         [[-2.4451e-02]],

         [[ 7.6788e-02]],

         [[-1.5746e-01]],

         [[-1.0956e-01]],

         [[ 2.8084e-02]],

         [[-3.2976e-01]],

         [[ 5.0871e-01]],

         [[-1.7902e-01]],

         [[-1.7951e-01]],

         [[-1.1436e-01]],

         [[ 2.4234e-02]],

         [[-1.2009e-01]],

         [[-7.5139e-02]],

         [[ 1.7856e-01]],

         [[ 6.2770e-01]],

         [[-8.6168e-02]],

         [[ 2.6039e-02]],

         [[-1.7287e-01]],

         [[-1.6504e-01]],

         [[-1.1255e-01]]],


        [[[ 3.3404e-03]],

         [[ 9.1903e-02]],

         [[-1.2902e-02]],

         [[-1.7633e-01]],

         [[ 9.5901e-02]],

         [[ 3.0922e-01]],

         [[ 1.3292e-01]],

         [[-3.9799e-02]],

         [[-1.9308e-01]],

         [[-2.6623e-01]],

         [[-9.8024e-02]],

         [[ 2.9310e-02]],

         [[ 1.0829e-01]],

         [[-1.0089e-01]],

         [[-3.5117e-02]],

         [[ 3.6479e-02]],

         [[-2.9330e-02]],

         [[-7.7455e-02]],

         [[-4.4554e-01]],

         [[-9.3016e-02]],

         [[-1.1176e-01]],

         [[ 2.0812e-02]],

         [[ 1.1795e-02]],

         [[-1.4988e-02]],

         [[ 3.1127e-02]],

         [[-3.1925e-02]],

         [[-1.6531e-01]],

         [[-3.8343e-02]],

         [[-4.7540e-02]],

         [[-5.4196e-01]],

         [[ 9.8497e-02]],

         [[-8.4852e-03]]],


        [[[ 8.9015e-02]],

         [[ 5.7971e-03]],

         [[ 2.7059e-01]],

         [[-3.8982e-01]],

         [[-1.9785e-01]],

         [[-6.1579e-02]],

         [[ 5.7943e-02]],

         [[ 6.5501e-02]],

         [[-5.0794e-02]],

         [[-2.6622e-01]],

         [[-1.7239e-01]],

         [[ 1.0031e-01]],

         [[ 1.3211e-01]],

         [[-7.5667e-02]],

         [[-5.5164e-02]],

         [[ 1.0982e-02]],

         [[-4.2268e-02]],

         [[-2.6337e-02]],

         [[ 2.9800e-01]],

         [[-3.5079e-02]],

         [[-2.0743e-01]],

         [[-1.8553e-02]],

         [[-1.5172e-01]],

         [[-1.6257e-02]],

         [[-1.1199e-01]],

         [[ 3.4649e-02]],

         [[-5.5468e-02]],

         [[-1.0679e-01]],

         [[ 2.7994e-01]],

         [[-1.8659e-01]],

         [[-6.6190e-02]],

         [[-6.9908e-01]]],


        [[[-1.3497e-01]],

         [[ 2.5498e-01]],

         [[ 1.2157e-01]],

         [[ 6.5570e-01]],

         [[-1.7619e-01]],

         [[-1.2291e-01]],

         [[ 4.9873e-02]],

         [[-6.1131e-01]],

         [[-1.2289e-01]],

         [[ 1.0733e-01]],

         [[-3.3443e-01]],

         [[-2.7560e-01]],

         [[-4.8903e-02]],

         [[-1.1711e-01]],

         [[-1.1281e-01]],

         [[ 5.6406e-02]],

         [[-1.4476e-02]],

         [[-2.4353e-02]],

         [[ 2.1829e-01]],

         [[ 1.3265e-02]],

         [[ 1.1997e-02]],

         [[-1.1196e-01]],

         [[-3.3025e-02]],

         [[ 1.5537e-01]],

         [[-9.7770e-02]],

         [[-2.1328e-01]],

         [[ 2.4531e-01]],

         [[-8.2802e-02]],

         [[-1.3320e-02]],

         [[-8.1933e-02]],

         [[ 1.5885e-01]],

         [[-1.1408e-01]]]]), 'model.features.1.0.block.1.fc1.bias': tensor([-1.2326, -0.1335, -1.2459, -1.1016, -1.7477, -1.8161, -1.5553, -0.7195]), 'model.features.1.0.block.1.fc2.weight': tensor([[[[-6.9253e-02]],

         [[ 4.7898e-02]],

         [[ 8.0859e-02]],

         [[ 1.2201e-01]],

         [[ 5.3146e-02]],

         [[-1.9905e-02]],

         [[ 1.4545e-01]],

         [[-2.7120e-01]]],


        [[[ 3.7616e-02]],

         [[-4.2063e-03]],

         [[-1.8337e-02]],

         [[ 7.0588e-03]],

         [[ 6.2370e-03]],

         [[ 1.5575e-02]],

         [[-7.5099e-03]],

         [[ 6.5168e-03]]],


        [[[-2.4192e-02]],

         [[ 5.4759e-02]],

         [[-4.0180e-02]],

         [[-1.8363e-01]],

         [[ 3.6621e-02]],

         [[ 9.8783e-02]],

         [[-2.7686e-02]],

         [[ 2.2319e-01]]],


        [[[ 8.1368e-03]],

         [[ 1.3229e-01]],

         [[ 3.8560e-01]],

         [[ 7.9653e-02]],

         [[-4.7130e-02]],

         [[-2.1338e-01]],

         [[ 6.3994e-02]],

         [[-6.0127e-02]]],


        [[[ 6.8176e-02]],

         [[ 2.1405e-04]],

         [[ 3.0346e-03]],

         [[ 5.7179e-02]],

         [[-3.4481e-04]],

         [[ 6.6848e-04]],

         [[ 2.4217e-02]],

         [[-1.3963e-02]]],


        [[[ 3.9397e-01]],

         [[ 9.2652e-02]],

         [[-1.4698e-02]],

         [[ 3.8779e-02]],

         [[-6.8119e-01]],

         [[ 4.5967e-01]],

         [[ 4.0945e-03]],

         [[-5.4575e-01]]],


        [[[ 1.2293e-02]],

         [[-2.8850e-02]],

         [[ 9.1044e-02]],

         [[ 1.2195e-02]],

         [[-3.2751e-02]],

         [[ 4.3878e-02]],

         [[-7.6008e-03]],

         [[ 5.4578e-02]]],


        [[[-2.0299e-01]],

         [[ 2.0762e-01]],

         [[ 1.8198e-01]],

         [[-1.5784e-01]],

         [[ 1.5049e-01]],

         [[ 1.2113e-02]],

         [[ 2.0516e-01]],

         [[-5.7708e-01]]],


        [[[-2.7975e-02]],

         [[ 4.2045e-02]],

         [[-1.6649e-02]],

         [[ 2.1275e-02]],

         [[-8.8197e-02]],

         [[-9.1142e-02]],

         [[-3.6226e-02]],

         [[-7.0008e-02]]],


        [[[ 1.4135e-01]],

         [[ 1.7330e-01]],

         [[ 1.0274e-02]],

         [[ 1.6672e-01]],

         [[-1.6497e-01]],

         [[ 1.5584e-01]],

         [[ 1.7883e-01]],

         [[ 5.0103e-02]]],


        [[[ 1.0469e-01]],

         [[-1.5330e-02]],

         [[ 7.4170e-03]],

         [[ 6.1515e-02]],

         [[-3.4108e-02]],

         [[ 9.3462e-02]],

         [[ 4.7500e-02]],

         [[ 6.9213e-02]]],


        [[[-1.7233e-01]],

         [[ 9.6079e-02]],

         [[ 1.7306e-01]],

         [[ 8.7037e-02]],

         [[ 2.2700e-01]],

         [[-4.0104e-02]],

         [[ 2.4066e-01]],

         [[-6.2049e-01]]],


        [[[ 9.3282e-02]],

         [[ 6.4627e-01]],

         [[-1.1693e+00]],

         [[-2.1729e-01]],

         [[ 3.8355e-01]],

         [[ 1.8369e-01]],

         [[ 3.2358e-01]],

         [[ 4.2987e-02]]],


        [[[-9.5773e-02]],

         [[ 1.2599e-01]],

         [[ 1.0878e-01]],

         [[-1.1419e-01]],

         [[ 1.8280e-01]],

         [[ 1.0661e-01]],

         [[ 1.9701e-01]],

         [[-4.0800e-01]]],


        [[[-1.2014e-01]],

         [[-6.0921e-02]],

         [[ 2.0250e-02]],

         [[-7.4881e-02]],

         [[-7.6824e-02]],

         [[-4.4244e-02]],

         [[-5.2331e-02]],

         [[-1.2044e-01]]],


        [[[ 1.1549e-03]],

         [[ 9.3546e-02]],

         [[-2.0048e-01]],

         [[-5.7648e-02]],

         [[ 4.6522e-02]],

         [[-1.5622e-01]],

         [[ 5.5758e-03]],

         [[-1.9494e-01]]],


        [[[ 1.4916e-02]],

         [[-5.7176e-02]],

         [[-8.7532e-02]],

         [[-5.3528e-02]],

         [[ 3.1008e-03]],

         [[-1.0518e-01]],

         [[-1.0242e-01]],

         [[-4.2892e-02]]],


        [[[-7.3263e-02]],

         [[ 1.8918e-01]],

         [[ 6.5471e-01]],

         [[-1.4046e-01]],

         [[-3.5819e-01]],

         [[-2.7925e-02]],

         [[ 2.0473e-01]],

         [[ 4.5914e-01]]],


        [[[-5.8195e-01]],

         [[-9.1458e-02]],

         [[-1.3521e-01]],

         [[-8.3074e-01]],

         [[ 4.0405e-01]],

         [[-3.3180e-01]],

         [[-4.9037e-01]],

         [[ 1.4319e-01]]],


        [[[-2.6253e-01]],

         [[ 1.5543e-02]],

         [[-1.9470e-02]],

         [[-5.2374e-01]],

         [[-2.5755e-01]],

         [[ 1.8116e-01]],

         [[-3.4976e-01]],

         [[ 4.9990e-02]]],


        [[[-1.1535e-01]],

         [[ 9.6695e-02]],

         [[ 1.1884e-01]],

         [[ 8.1538e-02]],

         [[-1.5924e-01]],

         [[-2.5030e-01]],

         [[-2.5078e-02]],

         [[-8.4211e-02]]],


        [[[ 6.8981e-03]],

         [[-3.1544e-02]],

         [[-7.3564e-02]],

         [[-7.3691e-02]],

         [[ 5.7072e-02]],

         [[-1.2635e-02]],

         [[-7.7458e-02]],

         [[ 4.4457e-02]]],


        [[[-7.9383e-02]],

         [[ 3.6369e-02]],

         [[-5.3808e-02]],

         [[-6.7868e-02]],

         [[ 3.0235e-02]],

         [[-1.4368e-02]],

         [[-6.5716e-02]],

         [[ 5.5510e-03]]],


        [[[ 7.8896e-02]],

         [[ 1.0238e-01]],

         [[ 1.7094e-02]],

         [[ 1.2558e-01]],

         [[ 1.0465e-01]],

         [[ 2.6657e-02]],

         [[ 1.2678e-01]],

         [[-4.8067e-02]]],


        [[[ 6.1583e-02]],

         [[ 1.6633e-02]],

         [[ 2.0512e-02]],

         [[ 1.0115e-01]],

         [[ 1.2010e-02]],

         [[ 1.5861e-01]],

         [[ 5.4762e-02]],

         [[-7.8667e-02]]],


        [[[-2.8332e-01]],

         [[-3.5699e-01]],

         [[-3.3630e-01]],

         [[-9.1628e-01]],

         [[-1.3138e-01]],

         [[ 9.3164e-02]],

         [[-6.7562e-01]],

         [[-1.1556e-01]]],


        [[[-5.5471e-01]],

         [[ 3.9325e-01]],

         [[ 5.7759e-02]],

         [[-2.4573e-01]],

         [[ 2.0199e-01]],

         [[-1.6676e-01]],

         [[ 1.7758e-01]],

         [[ 3.9864e-01]]],


        [[[ 1.2766e-02]],

         [[-2.8116e-02]],

         [[ 2.4160e-02]],

         [[ 3.8030e-03]],

         [[-1.6685e-02]],

         [[-2.4243e-02]],

         [[-1.9948e-02]],

         [[-3.4988e-02]]],


        [[[ 5.6631e-01]],

         [[-7.8427e-01]],

         [[-3.7898e-02]],

         [[ 2.1527e-01]],

         [[ 5.6313e-01]],

         [[-4.2896e-01]],

         [[-3.5861e-02]],

         [[-2.7899e-01]]],


        [[[ 1.3847e-01]],

         [[ 4.1988e-01]],

         [[ 7.0713e-02]],

         [[ 1.1951e-02]],

         [[-5.0095e-02]],

         [[-4.5390e-01]],

         [[-7.7957e-02]],

         [[-1.9168e-01]]],


        [[[-7.6742e-02]],

         [[ 6.1731e-02]],

         [[-5.3694e-02]],

         [[-1.1585e-02]],

         [[ 3.6100e-04]],

         [[-4.0488e-02]],

         [[ 5.1178e-02]],

         [[-2.4955e-02]]],


        [[[-8.3090e-01]],

         [[-4.0853e-01]],

         [[-4.8438e-01]],

         [[-8.5116e-01]],

         [[-4.3084e-01]],

         [[-1.1051e-01]],

         [[-7.1209e-01]],

         [[-4.5430e-01]]]]), 'model.features.1.0.block.1.fc2.bias': tensor([ 1.8336,  4.0587, -0.5575, -0.1208,  3.5012,  1.0990,  0.8721, -0.7907,
         2.7785,  1.1787,  0.4676, -0.1320,  0.6319, -0.5174,  2.6484,  0.7300,
         0.5429,  0.4078, -0.7569, -2.0453,  1.6716,  0.8973, -1.2901,  2.4991,
        -1.5913, -0.9497,  2.4630,  3.8355, -0.0350, -1.2190,  4.2763, -2.1198]), 'model.features.1.0.block.2.0.weight': tensor([[[[ 3.3161e-01]],

         [[-1.5389e-02]],

         [[-1.9477e-01]],

         [[ 1.5738e-01]],

         [[-1.0814e-01]],

         [[-1.2273e-01]],

         [[-1.9434e-01]],

         [[ 3.4168e-02]],

         [[ 9.5686e-01]],

         [[ 2.2817e-01]],

         [[-6.4316e-02]],

         [[ 1.6296e-01]],

         [[ 1.6096e+00]],

         [[-4.6923e-02]],

         [[-2.8927e-01]],

         [[-1.9155e-01]],

         [[ 1.8042e-01]],

         [[-8.3694e-01]],

         [[-6.2218e-02]],

         [[-1.1143e-02]],

         [[ 4.0990e-01]],

         [[ 2.3469e-01]],

         [[-1.7630e-01]],

         [[-3.6940e-02]],

         [[-2.9338e-02]],

         [[ 1.5214e-01]],

         [[-2.0970e-01]],

         [[ 1.0464e-01]],

         [[-1.1473e-01]],

         [[ 1.6527e+00]],

         [[-1.6068e-01]],

         [[-2.8868e-02]]],


        [[[ 2.7114e-01]],

         [[ 4.4383e-01]],

         [[-1.7821e-01]],

         [[ 1.9341e-01]],

         [[-7.6842e-02]],

         [[ 8.5607e-01]],

         [[-1.9019e-01]],

         [[ 3.9364e-01]],

         [[ 2.2009e-01]],

         [[ 6.3361e-02]],

         [[ 9.5410e-01]],

         [[ 4.1007e-01]],

         [[-5.8181e-01]],

         [[-1.4175e-01]],

         [[-2.7150e-01]],

         [[-2.4156e-01]],

         [[-4.6481e-02]],

         [[-1.0829e-01]],

         [[-3.4690e-01]],

         [[-5.0458e-01]],

         [[ 5.1485e-01]],

         [[-2.0325e-01]],

         [[ 1.5800e-01]],

         [[-3.4331e-01]],

         [[ 1.0716e-01]],

         [[ 1.3236e+00]],

         [[-1.2098e+00]],

         [[-3.9214e-02]],

         [[ 6.5286e-01]],

         [[-2.7364e-01]],

         [[ 2.7865e-01]],

         [[ 1.2871e+00]]],


        [[[ 1.0032e-01]],

         [[-5.9451e-01]],

         [[-3.5981e-02]],

         [[ 1.0713e-02]],

         [[ 8.5508e-02]],

         [[ 5.4067e-01]],

         [[-2.4606e-03]],

         [[ 3.2526e-01]],

         [[-2.8323e-01]],

         [[-1.8297e-01]],

         [[-3.3319e-02]],

         [[ 5.2166e-01]],

         [[ 4.0544e-01]],

         [[-1.3033e-01]],

         [[-1.7221e-01]],

         [[-1.9300e-01]],

         [[-3.8153e-01]],

         [[ 6.7418e-01]],

         [[ 1.7374e-01]],

         [[ 6.7012e-02]],

         [[ 4.2703e-01]],

         [[ 1.1542e-02]],

         [[ 2.8356e-03]],

         [[-3.0716e-01]],

         [[-3.1276e-01]],

         [[ 1.7734e-02]],

         [[ 3.9240e-01]],

         [[-6.2695e-01]],

         [[ 5.1939e-01]],

         [[ 1.5530e-01]],

         [[ 5.2187e-01]],

         [[-3.7232e-01]]],


        [[[ 8.1263e-02]],

         [[ 5.0460e-01]],

         [[-1.2081e-01]],

         [[ 5.3244e-03]],

         [[ 2.0963e-01]],

         [[-8.5825e-02]],

         [[ 2.3224e-01]],

         [[-3.1773e-01]],

         [[-1.2664e-01]],

         [[ 2.3347e-01]],

         [[ 2.7852e-01]],

         [[-2.0500e-01]],

         [[-1.1729e-01]],

         [[-1.4127e-01]],

         [[ 6.1050e-01]],

         [[-7.7351e-01]],

         [[-8.9470e-02]],

         [[-3.2001e-01]],

         [[ 8.0349e-02]],

         [[ 5.4849e-02]],

         [[-3.0190e-01]],

         [[ 2.1460e-01]],

         [[ 1.8941e-01]],

         [[ 1.0638e-01]],

         [[-3.9543e-02]],

         [[-1.4277e-02]],

         [[ 5.7560e-03]],

         [[-7.0950e-01]],

         [[ 1.3653e-02]],

         [[ 2.0702e-01]],

         [[ 5.3461e-02]],

         [[ 2.7504e-03]]],


        [[[ 5.3846e-01]],

         [[ 1.7511e-01]],

         [[-4.1105e-01]],

         [[-5.2902e-01]],

         [[ 2.4052e-02]],

         [[-1.4549e-01]],

         [[-2.1039e-01]],

         [[ 1.4199e+00]],

         [[-2.3275e-01]],

         [[ 2.9491e-01]],

         [[-8.3694e-02]],

         [[ 3.0746e-01]],

         [[ 1.6344e+00]],

         [[-1.2086e+00]],

         [[ 3.1958e-02]],

         [[ 9.5430e-02]],

         [[ 1.8246e-02]],

         [[-9.6883e-01]],

         [[-7.7352e-02]],

         [[-7.1654e-02]],

         [[-9.3154e-01]],

         [[ 2.5543e-01]],

         [[ 1.1789e-01]],

         [[-2.3908e-02]],

         [[-1.5432e-01]],

         [[ 1.5988e-01]],

         [[-6.1148e-02]],

         [[-7.7793e-02]],

         [[-1.9161e-01]],

         [[-5.5826e-01]],

         [[ 2.3721e-01]],

         [[ 3.8296e-02]]],


        [[[-6.4982e-01]],

         [[ 3.8755e-01]],

         [[ 3.2852e-01]],

         [[-1.1701e-01]],

         [[-1.4691e-01]],

         [[ 4.9493e-01]],

         [[ 2.4237e-01]],

         [[-2.1378e-01]],

         [[-2.1611e-01]],

         [[ 2.4596e-01]],

         [[ 2.8720e-01]],

         [[-1.5820e-01]],

         [[ 1.4757e-01]],

         [[ 7.1817e-02]],

         [[-4.6138e-01]],

         [[-1.9206e-01]],

         [[-2.2664e-01]],

         [[ 1.6280e-01]],

         [[ 1.4346e-01]],

         [[ 6.5547e-02]],

         [[-3.9154e-01]],

         [[ 4.1258e-01]],

         [[ 6.6288e-02]],

         [[-1.3822e-01]],

         [[-2.5994e-01]],

         [[ 4.6447e-02]],

         [[ 3.6160e-01]],

         [[ 6.8935e-01]],

         [[ 5.2905e-01]],

         [[ 2.3145e-01]],

         [[ 1.9848e-01]],

         [[-2.2848e-01]]],


        [[[-1.6232e-01]],

         [[-5.1380e-01]],

         [[ 2.0025e-01]],

         [[-2.0055e-01]],

         [[ 7.5665e-02]],

         [[-4.4008e-01]],

         [[-7.9524e-01]],

         [[-3.8460e-01]],

         [[-2.6503e-01]],

         [[ 8.3327e-01]],

         [[ 4.0455e-01]],

         [[-4.1338e-01]],

         [[ 4.4765e-01]],

         [[ 2.1521e-01]],

         [[ 4.5484e-01]],

         [[ 2.8045e-01]],

         [[ 5.7817e-02]],

         [[ 3.9235e-02]],

         [[ 9.4036e-01]],

         [[-6.0039e-01]],

         [[-5.5120e-01]],

         [[-4.4878e-01]],

         [[-1.2408e-01]],

         [[ 3.7945e-01]],

         [[-8.8710e-02]],

         [[ 4.4971e-01]],

         [[ 7.0956e-01]],

         [[ 2.1378e-02]],

         [[ 1.0259e+00]],

         [[ 2.1732e-01]],

         [[-2.4605e-01]],

         [[ 1.4282e+00]]],


        [[[-3.5948e-01]],

         [[-2.8055e-02]],

         [[ 3.8533e-01]],

         [[-6.1511e-02]],

         [[ 2.7721e-01]],

         [[-2.4490e-01]],

         [[-1.9404e-01]],

         [[ 1.5568e-02]],

         [[-1.4343e-01]],

         [[-2.8544e-01]],

         [[-3.5285e-01]],

         [[ 1.1754e-01]],

         [[-1.3343e-01]],

         [[ 2.1619e-02]],

         [[-5.9880e-03]],

         [[ 6.9184e-03]],

         [[-6.1682e-01]],

         [[-1.2157e-01]],

         [[-1.7389e-01]],

         [[-8.5660e-02]],

         [[ 1.2798e-02]],

         [[-3.8913e-01]],

         [[ 2.3324e-01]],

         [[ 1.2565e-01]],

         [[-3.9665e-01]],

         [[-5.1139e-03]],

         [[-2.3055e-01]],

         [[ 1.8382e-01]],

         [[-3.4799e-01]],

         [[ 4.0808e-01]],

         [[ 1.3725e+00]],

         [[ 1.2774e-01]]],


        [[[-4.0374e-01]],

         [[-5.8640e-01]],

         [[ 3.4439e-01]],

         [[ 1.8899e-01]],

         [[ 5.5178e-01]],

         [[-1.1969e-01]],

         [[ 2.3542e-01]],

         [[ 2.6592e-01]],

         [[-5.0285e-01]],

         [[ 3.5358e-01]],

         [[ 3.5823e-01]],

         [[ 3.0618e-01]],

         [[-1.9163e-01]],

         [[-1.2923e-01]],

         [[-4.2047e-01]],

         [[ 3.0860e-01]],

         [[ 2.2442e-01]],

         [[-4.8892e-01]],

         [[-4.9107e-04]],

         [[ 2.9137e-02]],

         [[ 2.8623e-01]],

         [[ 3.5549e-01]],

         [[-2.2886e-01]],

         [[-4.3249e-02]],

         [[ 1.4933e-01]],

         [[ 3.8624e-02]],

         [[-1.3654e-01]],

         [[ 2.3511e-01]],

         [[-6.6958e-02]],

         [[-9.0797e-02]],

         [[-3.2551e-01]],

         [[ 8.0614e-02]]],


        [[[ 2.3660e-01]],

         [[ 2.9180e-01]],

         [[-5.7957e-02]],

         [[ 4.5288e-01]],

         [[-3.1157e-02]],

         [[-9.5024e-02]],

         [[-2.3181e-01]],

         [[-1.1201e+00]],

         [[-2.6020e-01]],

         [[ 3.3080e-01]],

         [[-1.0878e-01]],

         [[-1.3211e-01]],

         [[ 1.8655e+00]],

         [[ 9.1140e-01]],

         [[-2.2276e-01]],

         [[-5.2646e-02]],

         [[-7.8574e-02]],

         [[-9.9373e-01]],

         [[ 1.2926e-02]],

         [[ 6.1623e-03]],

         [[ 9.0927e-01]],

         [[ 2.7785e-01]],

         [[ 1.1785e-01]],

         [[ 8.9617e-02]],

         [[-1.4635e-01]],

         [[ 1.5262e-01]],

         [[-9.6527e-02]],

         [[-2.8407e-03]],

         [[-1.3828e-01]],

         [[-9.5413e-01]],

         [[ 3.2605e-01]],

         [[ 1.0952e-02]]],


        [[[-7.6981e-01]],

         [[-4.2193e-01]],

         [[ 4.9513e-01]],

         [[ 2.0000e-01]],

         [[-2.5127e-01]],

         [[ 2.6760e-02]],

         [[-1.6411e-01]],

         [[ 4.5649e-03]],

         [[ 1.8623e-01]],

         [[ 5.4392e-02]],

         [[-3.2555e-02]],

         [[-4.7646e-01]],

         [[-1.7173e-01]],

         [[-2.2175e-02]],

         [[-6.2969e-01]],

         [[-3.1199e-02]],

         [[-1.7873e-01]],

         [[-2.3808e-01]],

         [[-1.2139e-01]],

         [[-1.3492e-01]],

         [[-4.8444e-01]],

         [[ 1.5217e-01]],

         [[-9.8345e-02]],

         [[ 3.1052e-01]],

         [[-3.2622e-02]],

         [[ 9.3823e-03]],

         [[-5.3854e-03]],

         [[-7.8683e-01]],

         [[-1.5782e-01]],

         [[-1.6077e-01]],

         [[ 3.7844e-01]],

         [[ 1.2177e-01]]],


        [[[ 4.9594e-01]],

         [[-2.9988e-01]],

         [[-5.5049e-01]],

         [[ 5.7083e-01]],

         [[-4.3372e-02]],

         [[ 6.8524e-03]],

         [[-2.5310e-01]],

         [[ 3.7210e-01]],

         [[-4.1518e-01]],

         [[-1.0828e-01]],

         [[-8.7768e-02]],

         [[-9.1442e-01]],

         [[-1.1601e-02]],

         [[ 2.1236e-02]],

         [[ 2.1226e-01]],

         [[-3.8954e-01]],

         [[-2.9142e-01]],

         [[ 8.3946e-02]],

         [[ 8.4429e-03]],

         [[-3.9176e-02]],

         [[ 2.3398e-01]],

         [[-4.8132e-02]],

         [[-3.6231e-01]],

         [[ 4.0968e-02]],

         [[ 1.3072e-02]],

         [[ 2.4038e-02]],

         [[-3.7759e-02]],

         [[ 4.4029e-01]],

         [[-8.0425e-02]],

         [[ 7.8399e-02]],

         [[-7.2819e-02]],

         [[-2.9764e-02]]],


        [[[-3.2435e-02]],

         [[ 2.0972e-01]],

         [[-4.5987e-02]],

         [[-1.6670e-01]],

         [[-3.3664e-01]],

         [[ 2.8003e-02]],

         [[ 4.7780e-02]],

         [[ 2.6156e-01]],

         [[-9.7820e-01]],

         [[-6.0118e-02]],

         [[-5.7676e-02]],

         [[ 1.5012e-01]],

         [[-7.4494e-02]],

         [[-1.5529e-01]],

         [[ 2.0404e-03]],

         [[ 1.7681e-01]],

         [[ 8.1849e-02]],

         [[-2.0597e-01]],

         [[-1.9807e-01]],

         [[-1.0806e-01]],

         [[ 2.9403e-01]],

         [[-9.7671e-02]],

         [[ 1.6020e-01]],

         [[-2.9460e-02]],

         [[-3.8927e-02]],

         [[-2.4705e-02]],

         [[ 1.8937e-01]],

         [[-3.4364e-01]],

         [[-2.7462e-01]],

         [[ 3.3899e-01]],

         [[-4.0799e-01]],

         [[ 2.1935e-01]]],


        [[[-1.7415e-01]],

         [[-5.1685e-01]],

         [[ 1.3500e-01]],

         [[-2.8762e-01]],

         [[ 8.8541e-02]],

         [[ 1.5495e+00]],

         [[-3.8140e-02]],

         [[-5.8173e-01]],

         [[-2.4406e-01]],

         [[-6.4056e-01]],

         [[-1.5164e-02]],

         [[-3.6191e-01]],

         [[ 3.9191e-01]],

         [[ 2.5406e-01]],

         [[ 5.9424e-01]],

         [[ 2.7876e-01]],

         [[ 1.2007e-01]],

         [[ 5.9351e-02]],

         [[-1.0607e+00]],

         [[ 7.8952e-02]],

         [[-5.8480e-01]],

         [[ 3.9645e-01]],

         [[-1.2687e-01]],

         [[ 3.8237e-01]],

         [[-1.0432e-01]],

         [[ 5.7222e-01]],

         [[-6.1156e-01]],

         [[-2.9796e-02]],

         [[-1.7190e-01]],

         [[ 2.1575e-01]],

         [[-3.0565e-01]],

         [[-4.5644e-01]]],


        [[[ 5.2528e-01]],

         [[-6.0004e-01]],

         [[-3.9416e-01]],

         [[-8.6898e-02]],

         [[-3.0377e-01]],

         [[ 1.0132e-01]],

         [[ 4.8909e-01]],

         [[-3.5184e-03]],

         [[ 1.5183e-01]],

         [[ 3.0135e-01]],

         [[ 4.1255e-01]],

         [[-1.0454e-01]],

         [[-2.5324e-01]],

         [[ 9.1477e-03]],

         [[ 4.4904e-01]],

         [[ 1.2696e-01]],

         [[-4.7693e-01]],

         [[-5.0538e-01]],

         [[ 2.3056e-02]],

         [[ 4.0958e-03]],

         [[ 9.7375e-02]],

         [[ 3.9347e-01]],

         [[ 3.2773e-02]],

         [[ 7.8594e-02]],

         [[ 4.3288e-02]],

         [[-7.6252e-02]],

         [[ 1.8932e-01]],

         [[ 5.3116e-02]],

         [[ 8.5777e-02]],

         [[ 4.1650e-02]],

         [[ 1.0181e+00]],

         [[ 1.3700e-02]]],


        [[[ 1.6794e-01]],

         [[ 5.3014e-01]],

         [[ 1.2646e-01]],

         [[ 5.7516e-01]],

         [[ 1.3532e-01]],

         [[ 2.3097e-01]],

         [[ 8.8639e-02]],

         [[ 4.6564e-01]],

         [[ 7.2224e-02]],

         [[ 7.1597e-02]],

         [[ 1.3779e-01]],

         [[-5.1670e-01]],

         [[ 1.9489e-01]],

         [[-2.6461e-01]],

         [[ 5.2655e-02]],

         [[ 4.9344e-01]],

         [[ 1.1080e-01]],

         [[ 4.0028e-01]],

         [[ 1.5140e-01]],

         [[ 1.8115e-01]],

         [[ 3.3664e-01]],

         [[ 1.9071e-01]],

         [[ 1.7671e-01]],

         [[ 6.2099e-01]],

         [[ 2.3582e-01]],

         [[ 1.6798e-02]],

         [[ 2.0876e-01]],

         [[-2.3193e-01]],

         [[ 3.9217e-01]],

         [[ 1.2039e-01]],

         [[ 7.5647e-02]],

         [[-2.2191e-01]]]]), 'model.features.1.0.block.2.1.weight': tensor([6.4195, 6.1752, 6.2575, 6.6231, 5.3746, 6.5230, 5.6176, 7.2003, 6.6704,
        5.6410, 7.2052, 6.3288, 5.0082, 6.6176, 6.5677, 7.2852]), 'model.features.1.0.block.2.1.bias': tensor([-4.3008e-03, -3.7747e-03, -1.8033e-03, -9.6957e-05,  1.2816e-02,
         3.3482e-03,  5.2014e-03, -4.7861e-03, -1.0674e-02, -6.9503e-03,
        -5.4536e-03, -6.5826e-03, -4.1647e-03, -1.0296e-02, -5.1886e-03,
         4.5366e-03]), 'model.features.1.0.block.2.1.running_mean': tensor([  2.4756,  -2.1435,  12.8431,  -0.6574,   1.3764,   7.7300,  11.2603,
         -1.4440,  -3.1452,   2.8192, -10.4445,  -0.2748,  -5.2442,   6.1344,
          0.9901,  12.7684]), 'model.features.1.0.block.2.1.running_var': tensor([8.8182, 6.3626, 2.8173, 3.7983, 5.4974, 2.4411, 4.1046, 2.5036, 3.0646,
        7.7612, 3.3296, 1.6372, 1.0373, 3.9583, 2.2753, 3.5907]), 'model.features.1.0.block.2.1.num_batches_tracked': tensor(703214), 'model.features.2.0.block.0.0.weight': tensor([[[[ 1.0480]],

         [[-0.0223]],

         [[-0.0467]],

         ...,

         [[-0.0155]],

         [[-0.0051]],

         [[-0.0024]]],


        [[[ 0.6112]],

         [[ 0.0564]],

         [[-0.3913]],

         ...,

         [[ 0.1020]],

         [[ 0.0088]],

         [[-0.3158]]],


        [[[-0.2871]],

         [[ 0.1614]],

         [[ 0.1952]],

         ...,

         [[-0.0714]],

         [[ 0.1743]],

         [[-0.3153]]],


        ...,


        [[[ 0.4973]],

         [[-0.2826]],

         [[-0.5557]],

         ...,

         [[ 0.2830]],

         [[-0.4512]],

         [[ 0.3978]]],


        [[[-0.2843]],

         [[-0.0520]],

         [[-0.0340]],

         ...,

         [[-0.1386]],

         [[-0.0796]],

         [[-0.5023]]],


        [[[-0.0336]],

         [[ 0.2074]],

         [[ 0.0153]],

         ...,

         [[-0.2127]],

         [[-0.2076]],

         [[-0.1607]]]]), 'model.features.2.0.block.0.1.weight': tensor([ 7.7885,  1.5283,  0.2831,  1.8312,  8.2187,  4.5304,  0.8055,  0.9166,
         0.0635,  7.7759,  1.0776,  0.5877,  4.3006,  2.0396,  0.9435,  3.9079,
         2.9648,  6.2313, -0.7609,  3.1594,  1.1594,  2.3242,  2.2055,  0.5686,
         1.6896,  3.3894,  6.4987,  5.6524,  4.3646,  1.4745,  1.0884,  0.2334,
         1.2443,  0.7334,  2.3394,  1.7901,  2.2393,  7.6276,  8.8856, -0.8416,
         4.2739,  7.9368,  3.1277,  0.4474,  2.0071,  5.2999,  8.1167,  0.5545,
         1.2084,  4.1504,  1.7681,  5.7754,  7.8126,  1.1121,  0.9915,  7.3832,
         0.1850,  0.7522,  1.4420,  0.9344,  2.0247,  1.6618,  7.5639,  0.9834,
         8.4193,  0.9994,  2.4120,  3.2394,  2.0070,  1.2575,  2.0115,  8.1046,
         0.7620,  6.0746,  3.5746,  1.2249,  0.5386,  5.4281,  1.0128,  2.4206,
         0.7312,  2.4397,  0.8060,  7.6710,  2.2856,  9.5289,  8.2486,  1.4748,
         0.8999,  5.2139, 10.2701,  2.6264,  1.8981,  6.6911,  0.2450,  1.5808]), 'model.features.2.0.block.0.1.bias': tensor([ 1.6484,  0.7250,  1.4628,  2.6098, -0.7018, -1.1483,  3.6368,  0.3289,
         0.0744,  1.1709,  2.3160,  1.2604,  1.1837,  1.9912,  2.2974,  2.1302,
         0.4404,  0.0169, -1.2572,  1.3819,  2.6994,  2.4508,  2.4880,  2.5605,
         2.3705,  2.2306, -0.8231,  0.3091,  1.5837, -0.5195,  2.3742,  1.4945,
         3.5278,  1.6981, -5.1858, -3.5004,  1.9748,  2.5486, -0.4416,  2.4283,
         1.9317, -0.8277,  2.8808,  2.3131,  2.2838,  2.9508, -0.5790,  1.9249,
         2.2376,  1.3475,  1.7440, -0.0986,  1.7049,  2.0629,  2.6268, -0.0693,
         0.3903,  2.3060,  2.3233,  2.4926,  1.9296,  5.2096, -0.0356,  1.5643,
        -0.9533,  2.1773,  1.5234, -0.3397,  2.5522,  2.8091,  2.5394, -2.1960,
         1.2653, -0.8400,  2.2697,  1.3157,  1.8569,  0.7809,  2.1323, -3.9148,
         1.7734, -3.6500,  2.4150,  0.9502,  1.3238, -1.2703, -0.1180,  1.5217,
         4.0498, -0.5571, -0.4649,  1.6543,  2.4107, -0.2097,  3.1194,  3.9695]), 'model.features.2.0.block.0.1.running_mean': tensor([-0.0078, -0.0077,  0.0039,  0.0074,  0.0123, -0.0120,  0.0036, -0.0103,
         0.0034,  0.0225, -0.0008, -0.0044,  0.0025, -0.0101,  0.0057, -0.0070,
        -0.0073,  0.0003,  0.0061,  0.0072, -0.0002,  0.0047,  0.0116,  0.0021,
         0.0093, -0.0088, -0.0054,  0.0049, -0.0017, -0.0173, -0.0015, -0.0019,
        -0.0022, -0.0036, -0.0004, -0.0006,  0.0099, -0.0115,  0.0086,  0.0100,
         0.0007, -0.0009, -0.0061, -0.0042, -0.0144,  0.0105,  0.0014,  0.0057,
         0.0092,  0.0093,  0.0139,  0.0070, -0.0384, -0.0043,  0.0051, -0.0101,
        -0.0030,  0.0109,  0.0137,  0.0054, -0.0032,  0.0305,  0.0262, -0.0074,
        -0.0240,  0.0038,  0.0036, -0.0063,  0.0028,  0.0011, -0.0003, -0.0095,
        -0.0057, -0.0204,  0.0056, -0.0144,  0.0080,  0.0152,  0.0087, -0.0037,
        -0.0058,  0.0005,  0.0018, -0.0084, -0.0052,  0.0111,  0.0096,  0.0142,
         0.0060, -0.0085, -0.0075, -0.0074,  0.0131, -0.0093, -0.0034, -0.0113]), 'model.features.2.0.block.0.1.running_var': tensor([ 39.8027,  77.8695,  46.8224,  42.2477, 124.0019,  33.9454,  81.0880,
         54.8963,   5.8920,  93.1239,  43.1743,  26.0179,  62.2231,  30.1345,
         25.9884,  60.4622,  43.0926, 133.6328,  31.6180,  31.0501,  32.9597,
         34.5964,  45.5522,  39.9811,  48.1651,  59.5165,  94.5655,  75.1957,
         52.3467,  48.3538,  53.9535,  32.2236, 114.1356,  28.6710,   6.2078,
         24.2551,  15.2677, 147.4146, 161.0496,  35.5998,  50.1288,  94.3978,
         31.9021,  25.4082,  43.0566,  42.1807, 117.0151,  38.8909,  39.4547,
         21.4904,  45.7507,  88.9745, 102.2296,  16.9755,  28.0904, 218.6999,
         38.5951,  55.0977,  20.2859,  31.0138,  35.7347, 103.7848, 193.6044,
         25.0442, 236.0624,  24.4143,  34.2063,  49.8044,  20.1217,  28.0073,
         35.6305, 150.0644,  27.5833, 183.7205,  38.6552,  34.6522,  23.3809,
         60.7136,  50.4656,  17.0558,  32.8084,  47.0658,  36.5987, 113.3082,
         33.8025, 183.3930, 140.3530,  34.9694,  29.6628, 139.1810, 159.2232,
         15.4655,  26.6159, 234.0423,  41.8954,  17.7797]), 'model.features.2.0.block.0.1.num_batches_tracked': tensor(703214), 'model.features.2.0.block.1.0.weight': tensor([[[[ 6.6979e-04, -1.6919e-02,  4.1595e-02],
          [-1.2758e-01, -3.9728e-01, -3.8981e-02],
          [-1.6166e-01, -3.5614e-01, -4.5273e-02]]],


        [[[-2.7362e-02, -7.3839e-02, -7.1535e-02],
          [-3.1752e-02,  2.6233e-01,  3.1206e-01],
          [-1.1166e-02,  4.8335e-01,  4.4972e-01]]],


        [[[ 5.2183e-02,  2.1868e-01, -2.4678e-01],
          [ 2.6782e-01, -8.2249e-01,  5.3535e-01],
          [-2.7675e-01,  5.5404e-01, -2.2137e-01]]],


        [[[ 8.6913e-02, -4.2473e-01,  2.4854e-01],
          [ 2.9690e-01,  4.1477e-02, -3.2995e-01],
          [-3.9010e-01,  6.9815e-01, -2.6250e-01]]],


        [[[-5.7999e-02, -1.0101e-01, -1.6232e-02],
          [-1.6648e-01, -2.8873e-01, -1.1422e-01],
          [-2.2469e-01, -2.9985e-01, -1.4992e-01]]],


        [[[-2.6012e-02, -1.0703e-01, -6.4246e-02],
          [-1.3710e-01, -1.9964e-01, -1.0372e-01],
          [-5.3847e-02, -1.2187e-01, -7.1077e-02]]],


        [[[ 5.4690e-02, -3.2139e-03, -7.5283e-02],
          [-8.8554e-02, -3.8554e-01, -3.0582e-01],
          [-2.2213e-01, -5.1292e-01, -3.9968e-01]]],


        [[[ 7.3637e-02,  8.2622e-02,  4.9630e-02],
          [ 3.6933e-02,  3.5482e-01,  3.0139e-01],
          [ 7.3511e-02,  3.7054e-01,  3.0674e-01]]],


        [[[ 1.4963e-01,  1.2920e-01,  1.3946e-01],
          [-6.9924e-02, -1.3592e-01, -2.3986e-02],
          [-1.3709e-01, -2.3928e-01, -5.9778e-02]]],


        [[[-1.4213e-01, -1.9889e-01, -1.1569e-01],
          [-1.7656e-01, -3.3316e-01, -2.4370e-01],
          [ 1.9028e-02, -7.5517e-02, -7.7642e-02]]],


        [[[ 1.8357e-02, -7.3509e-02, -3.1095e-02],
          [ 2.0404e-01,  4.8220e-01,  3.2981e-01],
          [-1.6495e-01, -3.4355e-01, -1.8008e-01]]],


        [[[ 5.1449e-02,  2.6671e-01, -1.3144e-01],
          [-4.2795e-01,  2.5161e-01,  6.6971e-01],
          [-9.3490e-03, -6.2731e-01, -4.1624e-02]]],


        [[[ 7.6715e-02, -2.8632e-01,  1.4295e-01],
          [ 1.6505e-01, -5.6077e-01,  4.3138e-01],
          [ 1.2153e-01, -2.9293e-01,  2.4865e-01]]],


        [[[ 6.8471e-03, -1.4403e-01,  3.8578e-01],
          [ 1.6896e-01, -5.7679e-01, -1.7613e-01],
          [ 5.2688e-01,  1.3670e-02, -9.7714e-02]]],


        [[[ 5.7526e-02, -5.3418e-02,  1.7337e-02],
          [ 7.8302e-02,  6.3163e-01,  2.7739e-01],
          [-2.1517e-01, -6.3778e-01, -3.4703e-01]]],


        [[[ 2.1725e-01,  1.2878e-01, -2.9088e-01],
          [ 3.6639e-01,  1.8524e-01, -4.0760e-01],
          [ 2.9113e-01,  7.3322e-02, -1.5596e-01]]],


        [[[-9.5179e-02, -1.3002e-01, -9.1399e-02],
          [-1.2936e-01, -3.5686e-01, -2.7833e-01],
          [-4.0897e-02, -1.8769e-01, -2.0957e-01]]],


        [[[-1.7145e-01, -3.1519e-01, -7.7834e-02],
          [-2.7039e-01, -4.5254e-01, -2.8026e-01],
          [-5.3205e-02, -2.8274e-01, -1.9557e-01]]],


        [[[-2.0304e-01, -5.9794e-01, -3.4281e-01],
          [ 6.7887e-02,  9.7523e-02,  1.3670e-01],
          [ 9.7447e-02,  1.8701e-01,  2.0333e-01]]],


        [[[-1.9592e-01, -9.8933e-02,  8.3261e-02],
          [-4.7253e-01, -7.3853e-02,  3.2960e-01],
          [-2.3172e-01,  1.1080e-01,  4.1491e-01]]],


        [[[-1.0333e-01,  1.7761e-01, -6.1347e-02],
          [ 2.9317e-01, -6.8930e-01,  4.1987e-01],
          [-1.2589e-01,  4.9212e-01, -3.5855e-01]]],


        [[[ 1.5328e-01,  2.0565e-01, -4.7269e-01],
          [-3.7136e-01,  2.7447e-01,  4.0201e-01],
          [ 1.9121e-02, -4.0326e-01, -6.9697e-03]]],


        [[[-3.9257e-01,  1.6817e-02,  1.0108e-01],
          [-3.6797e-02,  6.6953e-01, -2.3739e-02],
          [ 1.5146e-01,  6.4360e-03, -6.0321e-01]]],


        [[[ 7.3656e-02, -4.8523e-03,  1.2606e-01],
          [ 1.8976e-01,  5.0094e-01,  2.3397e-01],
          [-2.8373e-01, -6.9191e-01, -2.7421e-01]]],


        [[[-1.8294e-01, -4.3535e-01, -2.9604e-01],
          [-1.0710e-01, -2.2489e-01, -9.2112e-02],
          [ 1.6117e-01,  4.3507e-01,  2.4052e-01]]],


        [[[-2.1514e-01, -2.1719e-01,  1.0659e-01],
          [-4.2504e-01, -3.8070e-01,  1.9083e-01],
          [ 1.6214e-02,  4.4914e-03,  2.2812e-01]]],


        [[[ 1.2598e-01,  3.0900e-01,  2.4493e-01],
          [ 2.1558e-01,  4.6868e-01,  2.2433e-01],
          [ 1.7179e-01,  2.3824e-01,  7.1419e-02]]],


        [[[-7.2843e-03,  1.5591e-01,  1.9033e-01],
          [ 1.1303e-01,  3.6249e-01,  3.6096e-01],
          [ 1.0720e-01,  3.1547e-01,  3.1007e-01]]],


        [[[-4.1963e-02,  2.0453e-01, -7.7123e-02],
          [-2.4765e-01,  5.6338e-01, -3.6387e-01],
          [-1.6662e-01,  4.1734e-01, -2.6658e-01]]],


        [[[ 8.9078e-02,  1.5689e-01,  9.5162e-02],
          [ 2.4158e-01,  4.1225e-01,  2.2371e-01],
          [ 1.4763e-01,  2.5474e-01,  1.9323e-01]]],


        [[[-1.3203e-03, -3.0060e-01, -2.4513e-01],
          [ 1.5164e-01,  6.9560e-01,  5.3516e-01],
          [-1.4394e-01, -3.4648e-01, -3.8195e-01]]],


        [[[-4.9650e-02, -1.5276e-01, -6.1885e-02],
          [-1.5247e-01, -4.4024e-01, -3.4441e-01],
          [-1.1273e-01, -4.1266e-01, -3.4526e-01]]],


        [[[ 3.1015e-02,  7.5395e-02,  1.0585e-01],
          [ 3.8157e-01,  4.6443e-01,  4.4717e-01],
          [ 2.0059e-01,  2.8538e-01,  2.9637e-01]]],


        [[[-2.3746e-01, -1.0032e-02,  2.0731e-01],
          [-8.2880e-02,  8.6121e-01,  8.0063e-02],
          [ 1.6003e-01, -1.4708e-01, -6.4270e-01]]],


        [[[ 1.0616e-01,  8.1734e-02,  4.3690e-02],
          [ 1.2400e-01,  2.1760e-01,  1.0871e-01],
          [ 1.0345e-01,  1.8098e-01,  7.9827e-02]]],


        [[[ 3.3882e-03,  1.2874e-01,  1.7207e-01],
          [-5.5154e-02,  6.8314e-02,  1.2413e-01],
          [-5.5375e-02,  1.2401e-01,  1.2402e-01]]],


        [[[-1.9951e-01, -1.7634e-01,  7.0063e-02],
          [-3.9370e-01, -2.0738e-02,  3.2289e-01],
          [-1.5130e-01,  2.0806e-01,  2.9178e-01]]],


        [[[-8.2571e-03, -7.2064e-02,  3.8459e-03],
          [-1.9440e-01, -4.1720e-01, -1.8047e-01],
          [-1.7498e-01, -3.4218e-01, -2.2262e-01]]],


        [[[ 9.7335e-02,  2.6814e-01,  1.9199e-01],
          [ 2.6040e-01,  5.5770e-01,  3.9547e-01],
          [ 1.4064e-01,  3.1147e-01,  1.8594e-01]]],


        [[[ 4.9219e-02, -1.8469e-01,  6.2915e-02],
          [ 4.1920e-01, -7.8824e-01,  4.8429e-01],
          [ 1.3199e-01, -3.0668e-01,  1.2169e-01]]],


        [[[-3.0589e-01,  2.5783e-01, -2.3356e-03],
          [-5.1692e-01,  3.3960e-01,  1.0961e-01],
          [-1.9787e-01,  7.9910e-02,  2.1360e-01]]],


        [[[-8.7253e-02, -9.4426e-02, -1.1000e-01],
          [-1.4221e-01, -1.6946e-01, -1.2225e-01],
          [-1.8774e-01, -2.3826e-01, -1.5645e-01]]],


        [[[ 1.2631e-01, -3.8966e-01,  2.2291e-01],
          [-2.7330e-01,  2.2700e-02,  2.8451e-01],
          [-2.4276e-02,  4.8680e-01, -5.2277e-01]]],


        [[[-6.6350e-02, -8.0784e-02,  1.0327e-01],
          [ 1.1269e-01, -6.8574e-01,  5.6063e-01],
          [-3.9849e-02, -4.8755e-01,  4.7312e-01]]],


        [[[ 6.7112e-02,  4.6767e-01,  1.6438e-02],
          [ 4.3534e-01,  1.1277e-01, -4.2336e-01],
          [ 4.7790e-02, -2.0174e-01, -5.2554e-01]]],


        [[[ 4.0766e-01,  3.1591e-01,  1.1722e-02],
          [ 3.0023e-01, -3.4356e-01, -4.4213e-01],
          [ 2.0456e-02, -3.2847e-01, -1.2126e-01]]],


        [[[ 2.5585e-01,  3.4780e-01,  2.7542e-01],
          [ 1.4008e-01,  4.7264e-01,  3.1343e-01],
          [ 6.7929e-02,  1.3847e-01,  1.6784e-01]]],


        [[[-7.0967e-02, -4.9573e-02, -6.0437e-03],
          [-3.7179e-02,  5.0500e-01, -5.1377e-01],
          [ 7.0511e-02, -5.2222e-01,  5.2337e-01]]],


        [[[-1.7633e-01,  1.1955e-01,  3.2980e-01],
          [-1.1160e-01, -6.5837e-01,  3.1174e-01],
          [ 5.5461e-01, -9.4485e-02, -2.9829e-01]]],


        [[[-6.7063e-02, -1.2928e-01, -7.7821e-02],
          [-1.1135e-01, -1.9239e-01, -1.0653e-01],
          [-9.2150e-02, -7.2944e-02, -6.9285e-02]]],


        [[[-7.2095e-02, -1.2450e-01, -8.7535e-02],
          [-1.6666e-01, -2.9512e-01, -2.2372e-01],
          [-6.6204e-02, -2.0856e-01, -1.6639e-01]]],


        [[[ 1.8325e-01,  8.3474e-02, -4.8576e-03],
          [ 3.1791e-01,  4.6334e-01,  1.4062e-01],
          [ 2.2770e-01,  3.2797e-01,  3.4595e-02]]],


        [[[ 6.6890e-03, -1.2256e-01, -3.6424e-02],
          [-1.1206e-01, -5.0738e-01, -2.7990e-01],
          [-8.6949e-02, -3.0858e-01, -2.0063e-01]]],


        [[[ 1.2154e-02, -7.8577e-02, -6.2917e-02],
          [ 1.2334e-01, -1.5923e-01, -2.6481e-01],
          [ 1.1909e-01, -1.6567e-01, -2.3206e-01]]],


        [[[-2.0673e-01,  3.1682e-01,  1.9598e-01],
          [-1.1448e-01, -7.7273e-01,  4.0246e-01],
          [ 3.9666e-01, -3.8280e-01, -1.7824e-01]]],


        [[[ 1.7969e-01,  3.0752e-01,  9.4304e-02],
          [ 3.2477e-01,  5.7565e-01,  3.7047e-01],
          [ 1.7327e-01,  3.7239e-01,  3.8670e-01]]],


        [[[ 8.7849e-02, -2.2245e-01,  7.3148e-02],
          [ 3.6947e-01, -7.1259e-01,  3.2890e-01],
          [ 1.8925e-01, -4.3971e-01,  1.8845e-01]]],


        [[[ 2.1558e-01, -2.0222e-01,  1.0294e-02],
          [ 6.2346e-01, -8.5436e-01,  2.1151e-01],
          [ 3.8411e-01, -5.7754e-01,  1.7140e-01]]],


        [[[-2.0341e-01, -2.6811e-01, -1.8620e-01],
          [-9.8436e-02, -7.1971e-02, -1.3587e-01],
          [ 2.3427e-01,  5.9273e-01,  3.0729e-01]]],


        [[[-1.3051e-01, -1.3710e-01,  2.5147e-01],
          [ 3.9343e-01,  2.0996e-01, -5.5602e-01],
          [-2.2757e-01, -1.3665e-01,  3.4678e-01]]],


        [[[-5.3625e-02, -1.2169e-01, -7.6062e-02],
          [-1.3095e-01, -2.5916e-01, -1.8152e-01],
          [-1.0254e-01, -1.5945e-01, -1.0001e-01]]],


        [[[ 2.9404e-02, -2.4598e-01, -1.4598e-01],
          [-2.6284e-01, -6.1747e-01, -3.9685e-01],
          [-1.3598e-01, -4.5141e-01, -2.4065e-01]]],


        [[[ 1.2740e-01,  2.7863e-01,  2.0708e-01],
          [ 2.5880e-01,  5.9587e-01,  4.1055e-01],
          [ 1.9383e-01,  4.0381e-01,  2.8674e-01]]],


        [[[-1.8799e-01, -4.9721e-01, -2.3345e-01],
          [-4.3075e-02, -1.3974e-01, -2.6881e-02],
          [ 2.4491e-01,  4.6537e-01,  3.8580e-01]]],


        [[[ 2.1500e-01,  2.1604e-01,  6.8683e-02],
          [ 4.2340e-01,  4.6188e-01,  1.7967e-01],
          [ 2.4552e-01,  3.6194e-01,  1.2977e-01]]],


        [[[-8.3960e-02,  2.9402e-01, -1.8818e-01],
          [ 2.5418e-01, -5.1551e-01,  3.2286e-01],
          [-1.3829e-01,  1.9963e-01, -4.7911e-02]]],


        [[[ 1.0412e-01, -9.7747e-02, -2.9607e-01],
          [ 4.7489e-01,  3.5420e-02, -5.6811e-01],
          [ 3.8788e-01,  1.0931e-01, -2.7067e-01]]],


        [[[-6.2041e-02, -2.0290e-01, -1.6695e-01],
          [-2.2189e-01, -2.9531e-01, -2.7897e-01],
          [-1.4689e-01, -3.3531e-01, -1.9235e-01]]],


        [[[ 1.3330e-01, -1.2147e-03, -1.5107e-01],
          [-3.6471e-01, -1.2921e-01,  4.7235e-01],
          [ 1.3468e-01,  1.0685e-01, -3.2588e-01]]],


        [[[ 2.1640e-01, -4.1889e-01,  1.4123e-01],
          [-3.0778e-01,  6.4776e-01, -2.9671e-01],
          [ 4.1893e-02, -1.6408e-01,  1.1219e-01]]],


        [[[ 2.7276e-01,  5.5116e-01,  2.1800e-01],
          [-2.4265e-01, -3.3013e-01, -6.3316e-02],
          [-4.2796e-02, -1.2740e-02, -1.1646e-01]]],


        [[[ 2.2005e-01,  2.8401e-01,  6.8570e-02],
          [ 2.4395e-01,  4.0209e-01,  2.0918e-01],
          [ 1.2565e-01,  2.8716e-01,  2.3003e-01]]],


        [[[-1.8484e-01, -5.9253e-02,  2.6955e-01],
          [-3.7686e-01, -7.1541e-02,  5.6913e-01],
          [-1.9747e-01, -1.2077e-01,  3.5198e-01]]],


        [[[ 1.7948e-01,  3.6989e-01,  2.9063e-01],
          [ 2.4696e-01,  5.1529e-01,  3.5945e-01],
          [ 1.2605e-01,  2.0741e-01,  1.4466e-01]]],


        [[[-1.7140e-01, -1.7788e-01, -6.1253e-02],
          [-2.0035e-01, -2.8023e-01, -1.6121e-01],
          [-7.2582e-02, -1.1303e-01, -6.0307e-02]]],


        [[[ 1.9621e-02, -9.3802e-02, -7.5047e-02],
          [-1.3427e-01, -2.8973e-01, -2.1785e-01],
          [-1.2952e-01, -1.8488e-01, -1.7455e-01]]],


        [[[ 2.0441e-01,  5.6654e-01,  3.4294e-01],
          [-2.2019e-01, -5.1601e-01, -2.4802e-01],
          [-2.5483e-02, -7.9059e-02, -4.1634e-02]]],


        [[[ 1.1041e-01,  1.6262e-01,  1.3460e-01],
          [ 2.5311e-01,  4.4470e-01,  1.8374e-01],
          [ 1.6791e-01,  2.4283e-01,  1.5597e-01]]],


        [[[-1.5351e-01, -3.9932e-01, -3.2946e-01],
          [-5.0908e-01,  3.6956e-01,  5.4180e-01],
          [-4.4665e-01,  4.0806e-01,  5.7734e-01]]],


        [[[ 2.8005e-02,  6.0647e-02,  1.2686e-02],
          [ 3.5933e-02,  1.6638e-01,  2.3179e-01],
          [-1.8277e-04,  1.8338e-01,  2.1464e-01]]],


        [[[ 2.6488e-02, -3.5329e-01, -2.2668e-01],
          [-5.9359e-01, -1.1368e-02,  5.7792e-01],
          [-3.1546e-01,  3.4383e-01,  5.0904e-01]]],


        [[[-1.2414e-01, -1.2053e-01, -5.1263e-02],
          [-2.0177e-01, -2.0719e-01, -1.3783e-01],
          [-9.2312e-02, -2.4046e-01, -1.6648e-01]]],


        [[[ 2.4994e-01, -3.8803e-01,  1.0425e-01],
          [-4.8316e-01,  6.2460e-01, -1.3083e-01],
          [ 2.5819e-01, -2.9123e-01,  1.8840e-02]]],


        [[[ 3.2968e-02, -1.4127e-01, -2.1515e-01],
          [-1.8898e-01, -2.9708e-01, -3.2185e-01],
          [-1.2494e-01, -1.5599e-01, -3.1505e-02]]],


        [[[ 3.3277e-02,  4.0256e-01,  3.2183e-01],
          [-2.8517e-01, -1.0748e-01,  3.8171e-01],
          [-2.9791e-01, -3.4675e-01, -9.8223e-02]]],


        [[[ 1.0659e-01,  2.3469e-01,  2.7555e-01],
          [ 1.3411e-01,  4.5659e-01,  4.1465e-01],
          [ 1.5713e-01,  3.1407e-01,  2.0554e-01]]],


        [[[-4.9707e-02, -2.7402e-01, -1.5995e-01],
          [-2.1046e-01, -5.3733e-01, -2.2197e-01],
          [-1.6149e-01, -3.1407e-01, -1.5310e-01]]],


        [[[-1.1343e-01, -1.6041e-01, -7.5250e-02],
          [-2.0467e-01, -3.7487e-01, -1.8372e-01],
          [-9.8092e-02, -1.9875e-01, -1.3708e-01]]],


        [[[-1.3698e-02, -1.3602e-01, -1.5273e-01],
          [-1.0574e-01, -3.7622e-01, -3.7118e-01],
          [-7.0140e-02, -3.1129e-01, -2.7641e-01]]],


        [[[-1.2462e-01, -2.6649e-01, -1.0217e-01],
          [-3.3872e-01, -4.1867e-01, -2.5541e-01],
          [-2.1546e-01, -3.2842e-01, -9.6798e-02]]],


        [[[-6.0498e-02, -2.1353e-01, -2.4959e-01],
          [-2.7048e-01, -4.8666e-01, -2.9152e-01],
          [-1.4172e-01, -3.2004e-01, -2.1570e-01]]],


        [[[-2.2895e-01, -1.3548e-01,  1.4408e-01],
          [-3.8263e-01,  1.6223e-02,  3.3557e-01],
          [-1.2090e-01,  1.5328e-01,  2.6130e-01]]],


        [[[-3.7408e-02,  1.3510e-01,  3.8099e-01],
          [-2.3923e-01, -2.2228e-01,  4.3095e-01],
          [-4.5361e-01, -3.3461e-01,  1.9851e-01]]],


        [[[ 6.6824e-02,  2.3781e-01,  1.3611e-01],
          [ 3.0260e-01,  5.1194e-01,  4.4707e-01],
          [ 2.3397e-01,  3.7735e-01,  2.9997e-01]]],


        [[[-1.5416e-01, -2.1202e-01, -1.7810e-01],
          [-2.5617e-01, -3.4385e-01, -2.0537e-01],
          [-1.8000e-01, -2.0965e-01, -9.4417e-02]]],


        [[[-8.5145e-02, -2.7245e-01, -1.5658e-01],
          [-9.0395e-02, -3.2137e-01, -2.4066e-01],
          [ 2.2000e-01,  5.9523e-01,  3.3656e-01]]]]), 'model.features.2.0.block.1.1.weight': tensor([ 5.8661,  3.6616,  8.6554,  8.0150,  7.3053,  8.6901,  3.8441,  2.8480,
         2.0441,  5.8581,  7.4674,  4.8659,  7.5387,  7.1470,  5.1171,  6.1687,
         2.6750,  2.8417,  7.8874,  5.6945,  8.2256,  7.2325,  7.0951,  7.6907,
         6.2519,  5.2121,  3.9068,  3.7449,  7.1306,  3.6587,  8.9244,  2.7900,
         5.3661,  4.4276,  2.0520, 10.6172,  5.2971, 11.9707,  5.0864,  6.5456,
         6.8364, 10.4982,  7.2594,  4.9713,  6.6718,  6.0358,  4.4259,  7.6689,
         7.9289,  5.6406,  4.1427,  3.6529,  7.1765,  2.3090,  5.1338,  4.6496,
         8.8323,  9.1056,  5.5201,  6.7229,  4.8142,  7.7837,  4.4083,  5.6195,
         4.6308,  7.2065,  6.2752,  2.1517,  6.8647,  7.6442,  7.0484,  2.8398,
         5.0003,  4.0933,  2.8250,  3.3284,  7.7691,  3.5126,  4.9546,  2.1037,
         4.4777,  2.0060,  7.6888,  5.3501,  5.6176,  4.3081,  3.7761,  2.6030,
         2.6523,  2.5618,  2.5598,  4.7665,  5.3246,  4.4980,  3.3086,  5.1429]), 'model.features.2.0.block.1.1.bias': tensor([ 3.7926,  3.9852, -0.0521, -0.1091, -0.5841, -1.6797,  5.5737,  2.7017,
         5.2056,  0.3562, -0.1234, -0.4758, -0.0509, -0.0314, -0.5631,  0.3224,
         7.7947,  8.4837, -1.2696,  1.8096, -0.1412, -0.1379, -0.0864, -0.0453,
         1.2546,  1.5042,  4.5122,  4.5003, -0.4812,  3.6607,  0.0265,  1.5710,
         0.6984, -0.5780, -1.0849,  1.4658, -0.3032, -2.5382,  5.4502, -0.5491,
         0.0717, -2.9913, -0.2246, -0.6475,  1.2707,  0.7544,  4.8635, -0.1148,
        -0.0740, -1.7891,  0.7372,  4.1880,  0.0213,  4.1631, -0.8132,  5.2291,
        -0.3383, -0.0986,  1.5409, -0.1912,  0.1874, -0.6804,  5.2535,  1.2167,
         5.1996, -0.1387,  1.3233,  7.4854, -0.4115, -0.0939, -0.0883,  4.5801,
         0.4141,  5.1520,  2.0302,  1.8330, -0.5727,  4.6127,  2.6814,  0.6647,
         2.3500,  6.9542, -0.0361,  1.2332,  0.8623,  4.9335, 15.5741,  5.3448,
         2.6676,  7.3485,  6.6247, -0.2342,  1.9959,  5.2978,  2.0463,  0.9548]), 'model.features.2.0.block.1.1.running_mean': tensor([-3.1772e+00,  1.0949e+00,  7.7935e-02, -6.8274e-02, -2.3937e+00,
        -7.5865e-01, -6.8378e+00,  5.6065e-01, -9.3470e-03, -3.9855e+00,
         4.8153e-01,  5.7151e-03,  7.8492e-02,  2.0849e-01, -3.7993e-01,
         9.6141e-01, -1.6443e+00, -3.5327e+00,  7.6755e-02, -1.9540e-01,
         7.8951e-02, -4.5876e-01, -2.7956e-01, -2.9374e-01, -1.0544e+00,
        -1.7315e+00,  2.4626e+00,  2.9665e+00,  2.1902e-02,  1.7317e-01,
        -1.3438e-01, -2.5303e+00,  7.7612e+00,  2.5827e-01, -1.1439e-02,
        -6.1299e-02, -3.0133e-02, -5.6442e+00,  4.5965e+00, -4.3727e-02,
        -1.9643e-02, -2.2963e+00, -1.7228e-01, -2.6067e-01, -6.1817e-02,
        -8.0734e-01,  3.9800e+00, -1.6855e-01, -7.3461e-02, -1.8502e+00,
        -2.3180e+00,  2.1860e+00, -5.8105e+00, -1.3345e+00, -8.5179e-01,
         5.5763e+00, -4.3281e-02, -6.0797e-02,  4.4894e-01,  1.3859e-02,
        -2.2050e+00, -1.2688e+01,  5.9366e+00, -2.4782e-02,  2.9930e+00,
         2.0721e-01, -2.2144e-01, -1.2147e+00, -3.2115e-01, -8.7577e-02,
         5.6767e-01,  2.0123e+00,  1.7862e-01,  3.0774e+00, -3.3548e+00,
        -1.5048e+00, -4.8052e-02,  3.5225e+00,  1.6914e-01,  6.2400e-02,
        -2.8666e-02, -3.7850e-02, -1.0321e-01, -4.1037e+00,  7.3166e-03,
         4.4836e+00, -4.3423e+00, -2.1473e+00, -7.1801e+00, -1.9567e+00,
        -5.8974e+00,  1.2610e-01, -3.0013e-01,  4.5925e+00, -5.4118e+00,
        -4.9962e-03]), 'model.features.2.0.block.1.1.running_var': tensor([4.5685e+01, 1.9428e+00, 7.0464e-02, 2.0275e+00, 2.0138e+01, 2.9161e+00,
        2.0983e+00, 7.8874e-01, 1.6044e-04, 1.9539e+01, 1.0203e+00, 7.7631e-02,
        7.0754e+00, 2.2169e+00, 3.8009e-01, 5.9477e+00, 7.3491e+00, 1.7589e+01,
        3.9543e-02, 2.6473e+00, 1.2807e+00, 3.1020e+00, 3.1207e+00, 5.7495e-01,
        3.3815e+00, 4.7561e+00, 1.4041e+01, 2.6856e+01, 9.8146e+00, 1.2953e+00,
        2.2034e+00, 1.5536e-01, 4.0051e+00, 1.4540e-01, 1.0931e-01, 6.5782e-03,
        1.3505e+00, 7.1545e+01, 4.8049e+01, 3.9537e-01, 6.6568e+00, 1.3470e+01,
        3.6089e+00, 7.2117e-02, 3.9525e+00, 1.8697e+01, 3.2592e+01, 1.9201e-01,
        1.3333e+00, 4.4077e+00, 2.5027e+00, 2.0274e+01, 3.7610e+01, 5.1830e-01,
        2.9432e-01, 6.3330e+01, 2.1768e-02, 1.4087e+00, 1.5922e+00, 4.4637e-01,
        3.7042e+00, 9.6685e+00, 7.2995e+01, 8.4757e-01, 1.8130e+01, 5.1602e-01,
        2.3751e+00, 6.1335e+00, 1.2418e+00, 1.0680e+00, 3.3107e+00, 7.5365e+00,
        3.9859e-01, 1.5864e+01, 6.9504e+00, 1.0912e+00, 4.7447e-01, 2.3882e+01,
        7.3856e-01, 4.7982e-01, 2.9955e-01, 2.9079e-01, 3.9642e-01, 1.2574e+01,
        2.6548e+00, 4.4367e+01, 3.3413e+01, 2.6018e+00, 1.9594e+00, 8.5751e+00,
        4.2079e+01, 1.5395e+00, 2.9685e+00, 3.4764e+01, 1.7127e-01, 2.6181e+00]), 'model.features.2.0.block.1.1.num_batches_tracked': tensor(703214), 'model.features.2.0.block.2.fc1.weight': tensor([[[[-7.0032e-02]],

         [[-1.2900e-01]],

         [[-4.8456e-02]],

         [[ 1.9664e-02]],

         [[-1.0047e-01]],

         [[ 1.8216e-01]],

         [[-1.5901e-01]],

         [[-3.4369e-01]],

         [[ 1.7199e-01]],

         [[-7.8954e-02]],

         [[-4.3992e-02]],

         [[ 5.2408e-02]],

         [[-1.0288e-01]],

         [[ 4.6435e-02]],

         [[-8.2021e-02]],

         [[ 2.0142e-02]],

         [[ 1.6836e-01]],

         [[ 2.1534e-01]],

         [[-2.5979e-02]],

         [[ 2.5882e-01]],

         [[-4.2559e-02]],

         [[-1.0765e-01]],

         [[ 1.4459e-01]],

         [[ 9.5507e-02]],

         [[-1.3808e-01]],

         [[ 3.0595e-01]],

         [[ 5.5348e-02]],

         [[ 1.3026e-02]],

         [[-8.5505e-02]],

         [[-5.3512e-02]],

         [[-1.3402e-02]],

         [[-1.2614e-01]],

         [[-3.4139e-01]],

         [[ 9.8461e-02]],

         [[-1.4121e-01]],

         [[-7.1061e-02]],

         [[-1.7760e-01]],

         [[ 1.4017e-01]],

         [[ 2.2676e-01]],

         [[ 2.2417e-01]],

         [[-7.4678e-02]],

         [[ 6.7621e-03]],

         [[-1.2599e-01]],

         [[-1.0248e-02]],

         [[ 1.3189e-01]],

         [[ 5.1914e-02]],

         [[ 1.4854e-01]],

         [[-4.0931e-02]],

         [[ 1.6059e-01]],

         [[ 2.5303e-01]],

         [[-2.7280e-01]],

         [[-5.9852e-04]],

         [[-7.1968e-02]],

         [[ 2.9880e-01]],

         [[ 2.8281e-02]],

         [[-2.8494e-01]],

         [[-6.5513e-02]],

         [[-1.0325e-01]],

         [[ 1.4260e-01]],

         [[ 1.2822e-01]],

         [[ 5.8509e-02]],

         [[-2.7338e-02]],

         [[-2.0953e-01]],

         [[ 2.6130e-01]],

         [[ 1.2434e-01]],

         [[ 2.2693e-02]],

         [[ 7.3594e-02]],

         [[ 2.7805e-01]],

         [[ 5.3973e-02]],

         [[-7.6473e-02]],

         [[-6.1013e-02]],

         [[ 9.0084e-02]],

         [[-4.4442e-03]],

         [[-1.6462e-01]],

         [[-1.3354e-02]],

         [[-3.8896e-01]],

         [[-3.7805e-02]],

         [[-4.6149e-02]],

         [[-1.2039e-02]],

         [[-2.5491e-01]],

         [[ 1.3711e-01]],

         [[-1.5765e-01]],

         [[-7.6098e-03]],

         [[ 6.7070e-02]],

         [[ 1.2342e-01]],

         [[-7.3376e-02]],

         [[-1.2005e-01]],

         [[ 4.9342e-02]],

         [[-2.7332e-01]],

         [[ 1.9534e-01]],

         [[ 1.0607e-01]],

         [[-7.1803e-02]],

         [[ 7.9667e-02]],

         [[-3.1957e-01]],

         [[-2.9492e-01]],

         [[ 1.1409e-01]]],


        [[[ 1.4595e-02]],

         [[-2.4609e-01]],

         [[-9.4535e-02]],

         [[-1.6296e-01]],

         [[ 1.6917e-01]],

         [[-1.5853e-02]],

         [[ 1.0176e-02]],

         [[-7.1532e-02]],

         [[ 8.1883e-02]],

         [[ 1.0060e-01]],

         [[-9.5134e-02]],

         [[-1.8230e-02]],

         [[-4.4997e-02]],

         [[-3.2021e-02]],

         [[ 3.4610e-03]],

         [[ 3.7936e-03]],

         [[-1.9898e-01]],

         [[ 2.2989e-01]],

         [[-2.6683e-02]],

         [[ 8.1815e-02]],

         [[-6.0598e-02]],

         [[-1.7243e-01]],

         [[-8.6479e-02]],

         [[ 2.9091e-02]],

         [[-2.5774e-02]],

         [[ 5.3112e-03]],

         [[-1.4479e-01]],

         [[ 2.6927e-02]],

         [[-2.1040e-02]],

         [[ 1.1186e-01]],

         [[ 7.1592e-02]],

         [[-5.0211e-02]],

         [[-1.0626e-01]],

         [[ 5.1599e-02]],

         [[-1.3248e-01]],

         [[-4.3619e-01]],

         [[-2.6326e-01]],

         [[-2.0968e-01]],

         [[ 9.1978e-02]],

         [[ 1.2445e-01]],

         [[-2.3856e-02]],

         [[ 3.5013e-01]],

         [[-3.0260e-02]],

         [[ 2.7860e-01]],

         [[ 3.5009e-02]],

         [[ 5.2586e-02]],

         [[-8.7813e-02]],

         [[-7.5143e-02]],

         [[-7.0959e-02]],

         [[-3.9543e-02]],

         [[-1.4197e-01]],

         [[-2.6545e-02]],

         [[-9.1061e-03]],

         [[ 2.9008e-02]],

         [[ 2.2650e-01]],

         [[-5.8950e-02]],

         [[-8.9173e-02]],

         [[-8.6306e-02]],

         [[ 3.2712e-02]],

         [[ 1.1826e-01]],

         [[ 1.3009e-02]],

         [[-1.1872e-01]],

         [[-1.2990e-01]],

         [[ 5.1927e-03]],

         [[ 8.3760e-02]],

         [[-6.0988e-02]],

         [[ 1.9667e-01]],

         [[ 1.7443e-01]],

         [[ 5.3752e-02]],

         [[-7.1972e-02]],

         [[-8.5018e-02]],

         [[-2.1634e-01]],

         [[-2.6237e-02]],

         [[ 1.9712e-01]],

         [[-1.0222e-01]],

         [[-1.4083e-01]],

         [[-4.6209e-02]],

         [[ 1.0878e-01]],

         [[-1.0472e-02]],

         [[-7.3390e-02]],

         [[-1.2464e-02]],

         [[-2.8175e-01]],

         [[-4.4622e-02]],

         [[ 1.7877e-01]],

         [[ 2.7605e-02]],

         [[-2.2702e-02]],

         [[-1.1828e-01]],

         [[-1.1865e-02]],

         [[ 1.1875e-01]],

         [[ 2.6159e-01]],

         [[ 3.0667e-01]],

         [[-1.6536e-01]],

         [[ 4.9361e-02]],

         [[ 8.6585e-02]],

         [[-4.9322e-02]],

         [[ 8.8990e-02]]],


        [[[ 5.6321e-03]],

         [[-2.1126e-02]],

         [[ 1.7543e-02]],

         [[ 2.2203e-02]],

         [[-9.1686e-03]],

         [[-6.1587e-02]],

         [[-8.8357e-02]],

         [[ 1.6361e-01]],

         [[-2.8184e-02]],

         [[ 9.8913e-02]],

         [[ 2.1853e-02]],

         [[ 1.5416e-03]],

         [[ 2.9008e-02]],

         [[ 5.4354e-02]],

         [[-7.1337e-03]],

         [[-3.7392e-02]],

         [[-4.2435e-02]],

         [[-8.0664e-02]],

         [[ 7.1808e-02]],

         [[-2.0907e-02]],

         [[ 2.7213e-05]],

         [[ 4.4983e-02]],

         [[ 1.2158e-02]],

         [[ 1.8758e-02]],

         [[ 3.0301e-02]],

         [[-3.2081e-02]],

         [[ 7.7900e-02]],

         [[ 4.5729e-02]],

         [[ 2.5461e-02]],

         [[-9.6610e-03]],

         [[ 1.2018e-02]],

         [[ 1.9856e-02]],

         [[-8.2013e-02]],

         [[ 1.9103e-02]],

         [[-4.2259e-01]],

         [[ 3.6414e-02]],

         [[ 3.9178e-02]],

         [[-8.3903e-02]],

         [[-6.9242e-02]],

         [[ 5.3081e-02]],

         [[ 3.1274e-03]],

         [[-7.4154e-02]],

         [[ 6.2337e-02]],

         [[ 2.0480e-02]],

         [[ 1.9156e-02]],

         [[ 1.1039e-02]],

         [[ 1.4060e-03]],

         [[ 1.9949e-03]],

         [[ 2.2158e-02]],

         [[ 3.2529e-02]],

         [[ 7.7308e-02]],

         [[ 1.5756e-02]],

         [[ 8.4901e-03]],

         [[-2.1600e-02]],

         [[-5.5883e-02]],

         [[ 1.7633e-02]],

         [[ 9.9475e-03]],

         [[ 2.9217e-02]],

         [[-1.9929e-02]],

         [[-1.2336e-02]],

         [[-9.4350e-02]],

         [[-1.0364e-01]],

         [[-6.2663e-02]],

         [[-2.1163e-02]],

         [[-9.9533e-03]],

         [[-1.9912e-02]],

         [[-5.8379e-02]],

         [[-4.6618e-02]],

         [[-3.3668e-02]],

         [[ 1.6696e-02]],

         [[ 7.8063e-03]],

         [[ 1.5715e-02]],

         [[-3.4113e-02]],

         [[-6.5352e-02]],

         [[-8.9376e-02]],

         [[ 1.7463e-01]],

         [[ 5.6028e-02]],

         [[ 4.4920e-02]],

         [[-2.0353e-02]],

         [[-4.4821e-01]],

         [[ 1.9827e-02]],

         [[ 5.7967e-02]],

         [[-1.3409e-02]],

         [[ 1.9865e-02]],

         [[-7.8879e-05]],

         [[-2.0369e-01]],

         [[ 4.3892e-02]],

         [[-1.8425e-02]],

         [[-3.8453e-01]],

         [[-3.9510e-02]],

         [[ 2.8967e-02]],

         [[ 6.3543e-02]],

         [[-2.6543e-02]],

         [[ 6.5094e-02]],

         [[ 3.8807e-02]],

         [[-6.2558e-03]]],


        [[[ 1.3434e-02]],

         [[ 7.1741e-02]],

         [[-3.1545e-03]],

         [[ 1.7242e-02]],

         [[ 1.2776e-03]],

         [[-1.0999e-01]],

         [[-1.6674e-01]],

         [[ 1.4249e-01]],

         [[ 6.3072e-04]],

         [[ 8.0427e-02]],

         [[ 4.9340e-02]],

         [[-8.2445e-03]],

         [[ 2.5902e-02]],

         [[ 5.5022e-02]],

         [[-1.8188e-02]],

         [[-3.3099e-02]],

         [[-1.1740e-01]],

         [[-5.3459e-02]],

         [[ 6.9894e-02]],

         [[-2.7880e-02]],

         [[-2.6677e-02]],

         [[ 3.9878e-02]],

         [[ 8.1241e-03]],

         [[ 3.3454e-02]],

         [[ 2.2452e-02]],

         [[-4.3057e-02]],

         [[ 6.1174e-02]],

         [[ 2.6584e-02]],

         [[ 3.4885e-02]],

         [[ 1.7323e-02]],

         [[ 2.1616e-02]],

         [[ 8.8078e-02]],

         [[-1.1737e-01]],

         [[ 2.5895e-02]],

         [[-3.5545e-01]],

         [[ 4.7700e-02]],

         [[ 5.7779e-02]],

         [[-8.6177e-02]],

         [[-6.7163e-02]],

         [[ 3.6236e-02]],

         [[ 7.1126e-04]],

         [[-5.1830e-02]],

         [[ 5.6619e-02]],

         [[ 3.4386e-02]],

         [[ 1.1808e-02]],

         [[ 3.7696e-03]],

         [[-1.3405e-02]],

         [[-2.3386e-02]],

         [[ 2.6700e-02]],

         [[ 6.5582e-02]],

         [[ 1.0101e-01]],

         [[-2.0270e-02]],

         [[ 1.1745e-02]],

         [[-1.6569e-02]],

         [[-3.9265e-02]],

         [[-4.7851e-03]],

         [[ 1.1841e-02]],

         [[ 2.2993e-02]],

         [[-2.9883e-02]],

         [[-1.3840e-02]],

         [[-1.6191e-02]],

         [[-1.1596e-01]],

         [[-6.6860e-02]],

         [[-3.3351e-02]],

         [[-2.2986e-02]],

         [[-4.2787e-02]],

         [[-7.2736e-02]],

         [[-3.8847e-02]],

         [[-3.3636e-02]],

         [[-1.1325e-02]],

         [[ 1.6841e-02]],

         [[ 2.6070e-03]],

         [[-4.0833e-02]],

         [[-7.0125e-02]],

         [[-6.8951e-02]],

         [[ 1.8577e-01]],

         [[ 6.3938e-02]],

         [[ 6.2164e-02]],

         [[-2.6690e-02]],

         [[-4.2867e-01]],

         [[-3.7897e-03]],

         [[ 7.2184e-02]],

         [[-4.0092e-02]],

         [[ 1.3322e-02]],

         [[-6.4628e-03]],

         [[-2.0088e-01]],

         [[ 6.0736e-02]],

         [[-2.2880e-03]],

         [[-2.9014e-01]],

         [[-2.5390e-02]],

         [[ 3.1161e-02]],

         [[ 7.1691e-02]],

         [[-3.6792e-02]],

         [[ 2.9234e-02]],

         [[ 2.3911e-02]],

         [[-1.7400e-02]]]]), 'model.features.2.0.block.2.fc1.bias': tensor([ 0.4892,  1.8873, -0.0214, -0.1535]), 'model.features.2.0.block.2.fc2.weight': tensor([[[[-2.8070e-02]],

         [[ 9.1761e-02]],

         [[-1.2956e-01]],

         [[-1.1474e-01]]],


        [[[ 6.2609e-02]],

         [[ 5.6221e-03]],

         [[-7.3199e-01]],

         [[-5.6240e-01]]],


        [[[ 1.1450e-01]],

         [[ 2.6112e-01]],

         [[ 1.0444e-01]],

         [[ 1.1431e-01]]],


        [[[ 6.1350e-02]],

         [[ 1.8256e-01]],

         [[ 5.6360e-02]],

         [[ 5.8281e-02]]],


        [[[-5.1582e-02]],

         [[ 2.3011e-01]],

         [[ 2.3825e-02]],

         [[ 2.3417e-02]]],


        [[[ 1.4342e-01]],

         [[ 7.8367e-02]],

         [[-6.2583e-02]],

         [[-5.6718e-02]]],


        [[[ 1.5897e-01]],

         [[ 5.3641e-02]],

         [[-9.7018e-01]],

         [[-1.0936e+00]]],


        [[[ 2.5023e-01]],

         [[-3.6955e-02]],

         [[-8.5876e-02]],

         [[-7.1377e-02]]],


        [[[ 8.7391e-02]],

         [[ 2.6414e-01]],

         [[-1.4570e-01]],

         [[-1.1043e-01]]],


        [[[ 2.1041e-01]],

         [[-1.0270e-01]],

         [[-7.7491e-02]],

         [[-4.9128e-02]]],


        [[[ 8.5171e-02]],

         [[ 2.0028e-01]],

         [[ 3.4127e-02]],

         [[ 8.2165e-02]]],


        [[[ 1.6616e-01]],

         [[-8.3220e-03]],

         [[-4.5779e-02]],

         [[-1.6221e-02]]],


        [[[ 1.2064e-01]],

         [[ 1.6326e-01]],

         [[ 5.0526e-02]],

         [[ 5.4474e-02]]],


        [[[ 2.1719e-01]],

         [[ 2.2298e-01]],

         [[-1.5641e-02]],

         [[-4.1878e-02]]],


        [[[ 2.0533e-01]],

         [[ 4.6191e-02]],

         [[ 1.2349e-02]],

         [[ 3.2373e-02]]],


        [[[-4.3447e-02]],

         [[ 1.6763e-01]],

         [[-8.6970e-02]],

         [[-3.8026e-02]]],


        [[[ 1.9231e-02]],

         [[ 5.1900e-02]],

         [[-7.7036e-02]],

         [[-1.3539e-01]]],


        [[[ 1.2204e-01]],

         [[ 3.6690e-01]],

         [[-1.0618e-02]],

         [[-3.6312e-02]]],


        [[[ 2.0382e-01]],

         [[ 1.2520e-01]],

         [[-6.7357e-02]],

         [[-5.8773e-02]]],


        [[[ 1.5155e-01]],

         [[ 1.2111e-01]],

         [[-7.3994e-02]],

         [[-3.9524e-02]]],


        [[[ 1.2283e-01]],

         [[ 2.8535e-01]],

         [[ 7.3558e-02]],

         [[ 5.1555e-02]]],


        [[[ 5.4213e-02]],

         [[ 2.5158e-01]],

         [[ 1.2966e-02]],

         [[ 3.5316e-02]]],


        [[[ 1.8789e-01]],

         [[ 2.1606e-01]],

         [[-4.9031e-02]],

         [[-5.5511e-02]]],


        [[[ 1.5377e-01]],

         [[ 2.0969e-01]],

         [[ 2.1347e-02]],

         [[ 4.2013e-02]]],


        [[[ 1.9155e-01]],

         [[ 1.4519e-01]],

         [[-2.6422e-02]],

         [[-2.9732e-02]]],


        [[[-4.2745e-02]],

         [[ 1.0429e-01]],

         [[-4.0185e-02]],

         [[-1.7213e-02]]],


        [[[ 1.3897e-01]],

         [[ 2.5789e-01]],

         [[ 1.0718e-01]],

         [[ 1.9493e-03]]],


        [[[ 2.3172e-01]],

         [[ 2.3149e-01]],

         [[-2.6970e-02]],

         [[-9.9538e-02]]],


        [[[ 8.3757e-02]],

         [[ 2.3511e-01]],

         [[-2.3194e-02]],

         [[-2.9716e-02]]],


        [[[ 3.2522e-01]],

         [[ 3.8909e-02]],

         [[ 1.6093e-01]],

         [[ 2.8222e-01]]],


        [[[ 1.0353e-01]],

         [[ 2.2664e-01]],

         [[ 5.0337e-02]],

         [[ 9.3006e-02]]],


        [[[ 2.3188e-01]],

         [[ 4.9334e-02]],

         [[-2.1637e-01]],

         [[-1.4628e-01]]],


        [[[ 1.9963e-01]],

         [[ 1.9868e-01]],

         [[-2.6040e-01]],

         [[-2.6159e-01]]],


        [[[ 2.5466e-01]],

         [[ 1.8076e-03]],

         [[ 4.8275e-02]],

         [[ 1.0698e-02]]],


        [[[-2.3696e-01]],

         [[ 1.1831e-02]],

         [[ 2.8727e-02]],

         [[ 1.0203e-02]]],


        [[[ 1.6210e-01]],

         [[ 1.3283e-01]],

         [[-9.4964e-02]],

         [[-6.4706e-02]]],


        [[[ 1.5822e-01]],

         [[ 1.0927e-01]],

         [[ 1.1707e-01]],

         [[ 8.9227e-02]]],


        [[[-3.3954e-02]],

         [[ 1.8094e-02]],

         [[-6.6900e-02]],

         [[-4.4622e-02]]],


        [[[ 1.4176e-01]],

         [[ 2.0831e-01]],

         [[ 1.0439e-02]],

         [[-5.4698e-02]]],


        [[[ 1.4540e-01]],

         [[ 2.0497e-01]],

         [[-8.7520e-03]],

         [[-8.9862e-04]]],


        [[[ 9.3367e-02]],

         [[ 1.4626e-01]],

         [[-2.0188e-02]],

         [[-1.6058e-02]]],


        [[[-3.5796e-02]],

         [[ 1.0720e-01]],

         [[-4.9529e-02]],

         [[ 2.5461e-03]]],


        [[[ 1.0600e-01]],

         [[ 2.5885e-01]],

         [[ 5.0959e-02]],

         [[ 2.3093e-02]]],


        [[[ 2.8273e-01]],

         [[-2.0584e-02]],

         [[ 2.7796e-02]],

         [[ 3.9504e-02]]],


        [[[ 1.4588e-01]],

         [[ 2.5854e-01]],

         [[-8.2179e-03]],

         [[-1.5115e-02]]],


        [[[ 1.4936e-01]],

         [[ 2.1042e-01]],

         [[-8.0628e-02]],

         [[-1.0447e-01]]],


        [[[ 1.3864e-01]],

         [[ 2.2447e-01]],

         [[ 1.8217e-02]],

         [[-1.4384e-02]]],


        [[[ 6.4508e-02]],

         [[ 2.3022e-01]],

         [[ 6.0058e-02]],

         [[ 5.2540e-02]]],


        [[[ 1.5399e-01]],

         [[ 2.0019e-01]],

         [[-6.8811e-02]],

         [[-5.8625e-02]]],


        [[[ 8.8674e-02]],

         [[ 1.6553e-03]],

         [[ 2.7199e-02]],

         [[ 7.0279e-02]]],


        [[[ 1.4803e-01]],

         [[ 5.9142e-02]],

         [[ 2.7613e-02]],

         [[ 1.4604e-01]]],


        [[[ 2.3738e-01]],

         [[ 2.8482e-01]],

         [[ 2.5774e-02]],

         [[-6.0866e-02]]],


        [[[-4.4946e-02]],

         [[-4.1426e-02]],

         [[-1.2491e-01]],

         [[-1.1498e-01]]],


        [[[-1.4334e-01]],

         [[-1.1666e-01]],

         [[-3.0659e-01]],

         [[-2.1957e-01]]],


        [[[ 1.7951e-01]],

         [[-6.7663e-02]],

         [[ 5.0633e-02]],

         [[ 3.7526e-02]]],


        [[[ 8.9610e-02]],

         [[ 2.0604e-01]],

         [[ 7.2859e-02]],

         [[ 3.5124e-02]]],


        [[[ 7.7961e-02]],

         [[ 1.7429e-01]],

         [[-1.4092e-02]],

         [[ 2.3471e-02]]],


        [[[ 1.3506e-01]],

         [[ 2.2690e-01]],

         [[-3.2095e-02]],

         [[-1.4501e-02]]],


        [[[ 3.1034e-02]],

         [[ 2.7628e-01]],

         [[ 4.8189e-02]],

         [[ 3.2361e-02]]],


        [[[ 1.5033e-01]],

         [[ 1.9917e-01]],

         [[ 2.0489e-02]],

         [[ 6.0258e-02]]],


        [[[ 1.5526e-01]],

         [[-4.1414e-02]],

         [[-3.6176e-02]],

         [[-2.6511e-05]]],


        [[[ 1.6781e-01]],

         [[ 1.9955e-01]],

         [[-1.0582e-01]],

         [[-1.1193e-01]]],


        [[[ 1.8916e-01]],

         [[ 1.9251e-01]],

         [[-1.3550e-01]],

         [[-1.7659e-01]]],


        [[[-1.3191e-02]],

         [[ 8.7656e-02]],

         [[-6.5641e-02]],

         [[-4.6692e-02]]],


        [[[ 2.5494e-02]],

         [[ 2.6423e-01]],

         [[ 1.8563e-01]],

         [[ 1.0693e-01]]],


        [[[ 9.9141e-02]],

         [[ 2.2586e-01]],

         [[ 5.6068e-02]],

         [[ 6.0845e-02]]],


        [[[ 8.0539e-02]],

         [[ 1.6275e-01]],

         [[-3.3703e-03]],

         [[-2.1642e-02]]],


        [[[ 1.2477e-01]],

         [[ 1.7857e-01]],

         [[-1.3336e-01]],

         [[-1.4347e-01]]],


        [[[ 2.0091e-02]],

         [[ 2.5595e-01]],

         [[ 2.1658e-02]],

         [[ 5.2304e-02]]],


        [[[ 9.2464e-02]],

         [[ 2.6370e-01]],

         [[ 6.7395e-02]],

         [[ 4.0414e-02]]],


        [[[ 7.0764e-02]],

         [[ 1.8224e-01]],

         [[ 1.5542e-02]],

         [[ 8.7959e-02]]],


        [[[-7.2358e-04]],

         [[ 2.1097e-01]],

         [[ 3.7100e-02]],

         [[ 1.3892e-02]]],


        [[[ 1.4447e-01]],

         [[ 1.0305e-01]],

         [[-6.3829e-02]],

         [[-6.2847e-02]]],


        [[[ 3.1505e-02]],

         [[ 2.0355e-01]],

         [[ 1.3739e-01]],

         [[ 1.1181e-01]]],


        [[[ 2.9767e-01]],

         [[-1.0762e-01]],

         [[-1.2464e-01]],

         [[-9.5484e-02]]],


        [[[ 1.7232e-01]],

         [[ 4.1022e-02]],

         [[ 8.0951e-02]],

         [[ 1.7226e-01]]],


        [[[ 1.0535e-01]],

         [[ 2.1385e-01]],

         [[ 2.2285e-02]],

         [[ 6.8510e-02]]],


        [[[ 2.6448e-01]],

         [[-6.6038e-03]],

         [[ 1.5585e-01]],

         [[ 2.8074e-01]]],


        [[[ 1.6760e-01]],

         [[ 1.2734e-01]],

         [[ 6.7119e-02]],

         [[ 5.9795e-02]]],


        [[[-6.0251e-02]],

         [[ 3.4085e-02]],

         [[-1.0306e-01]],

         [[-1.0893e-01]]],


        [[[ 1.6552e-01]],

         [[ 7.4151e-02]],

         [[-2.5957e-02]],

         [[-3.9744e-02]]],


        [[[ 8.9925e-02]],

         [[ 2.3973e-01]],

         [[ 6.4217e-02]],

         [[ 6.1008e-02]]],


        [[[ 1.0290e-01]],

         [[ 2.2206e-01]],

         [[ 6.0295e-02]],

         [[ 4.4576e-02]]],


        [[[ 1.1193e-01]],

         [[ 4.3003e-02]],

         [[-1.0729e-01]],

         [[-1.2690e-01]]],


        [[[ 1.8005e-01]],

         [[ 2.1961e-01]],

         [[ 1.0752e-03]],

         [[ 1.7527e-02]]],


        [[[ 9.7045e-02]],

         [[ 1.7327e-01]],

         [[-9.4467e-02]],

         [[-1.4260e-01]]],


        [[[ 1.0500e-01]],

         [[ 2.2448e-01]],

         [[ 4.8106e-02]],

         [[ 7.1507e-02]]],


        [[[ 1.4781e-01]],

         [[ 4.4635e-02]],

         [[-6.5150e-02]],

         [[-1.7008e-02]]],


        [[[-6.4330e-02]],

         [[-5.6162e-02]],

         [[-2.9514e-01]],

         [[-3.0900e-01]]],


        [[[ 1.1623e-01]],

         [[ 1.5231e-01]],

         [[-4.3854e-03]],

         [[ 4.3832e-04]]],


        [[[ 7.3265e-02]],

         [[ 2.8557e-01]],

         [[-4.1475e-03]],

         [[ 3.1632e-02]]],


        [[[ 1.3529e-01]],

         [[ 1.4029e-01]],

         [[ 2.4773e-02]],

         [[ 6.0351e-02]]],


        [[[ 1.4658e-01]],

         [[ 2.2335e-01]],

         [[-1.0278e-01]],

         [[-1.5355e-01]]],


        [[[ 1.6171e-01]],

         [[ 1.6277e-01]],

         [[-3.5662e-03]],

         [[-6.3552e-02]]],


        [[[ 1.3141e-01]],

         [[ 4.4038e-02]],

         [[-6.7543e-02]],

         [[-1.1109e-01]]],


        [[[ 1.7855e-01]],

         [[ 1.1958e-01]],

         [[-7.8064e-02]],

         [[-2.8438e-02]]]]), 'model.features.2.0.block.2.fc2.bias': tensor([ 2.0246,  0.5814,  0.8302,  0.8089,  1.5745,  1.6395,  0.2126,  1.5264,
        -1.5381,  1.7857,  1.1235,  0.8190,  1.0090,  0.6720,  0.3962,  1.0875,
         2.1495,  1.8990,  0.3464,  1.5996,  1.0088,  0.6871,  0.6103,  0.8907,
         0.8764,  1.6108,  0.6472,  0.3553,  0.9390,  0.8459,  0.8173,  1.4495,
         0.8465,  0.6631,  1.3774, -1.7762,  0.1419,  2.7323,  1.1179,  0.5192,
         1.0144,  1.7771,  0.4469,  0.6928,  0.6251,  0.8246,  1.1969,  1.0986,
         0.7728,  0.4837,  1.0061,  0.4962,  2.8769,  1.6855,  0.5638,  1.4771,
         0.8107,  0.7747,  1.3798,  0.6766,  0.9701,  1.4165,  1.3050,  1.7779,
         1.4747,  0.9970,  1.6476,  2.5081,  0.8095,  0.9979,  0.6646,  1.8515,
         1.5462,  1.8107,  0.8270,  1.0193,  1.0943,  0.9754,  1.2057,  1.3153,
         1.2755,  1.5436,  0.9536,  1.6800,  0.9806,  1.4592,  2.8539,  1.6067,
         2.0724,  3.0328,  2.0641,  0.3117,  1.0138,  0.9844,  1.2662,  1.2956]), 'model.features.2.0.block.3.0.weight': tensor([[[[ 0.2519]],

         [[-0.1732]],

         [[ 0.2554]],

         ...,

         [[ 0.3850]],

         [[-0.1679]],

         [[ 0.2541]]],


        [[[-0.0035]],

         [[-0.0296]],

         [[ 0.2406]],

         ...,

         [[ 0.2135]],

         [[-0.2368]],

         [[-0.2670]]],


        [[[ 0.0300]],

         [[ 1.2732]],

         [[ 0.0185]],

         ...,

         [[ 0.0592]],

         [[-0.2045]],

         [[ 0.1530]]],


        ...,


        [[[ 0.0539]],

         [[ 0.4682]],

         [[-0.2289]],

         ...,

         [[ 0.2540]],

         [[ 0.0505]],

         [[ 0.3937]]],


        [[[ 0.3425]],

         [[ 0.0690]],

         [[ 0.0618]],

         ...,

         [[-0.2866]],

         [[ 0.3659]],

         [[-0.1613]]],


        [[[ 0.0089]],

         [[-0.9037]],

         [[ 0.0154]],

         ...,

         [[-0.0288]],

         [[-0.2073]],

         [[-0.1865]]]]), 'model.features.2.0.block.3.1.weight': tensor([6.5696, 7.1743, 5.3786, 8.3670, 7.0199, 6.3459, 8.3127, 6.2142, 8.3219,
        6.9708, 5.5945, 3.4250, 5.4795, 7.7552, 8.4341, 5.4321, 6.1912, 8.2316,
        6.7862, 8.9431, 7.6422, 8.8263, 6.3891, 5.7841]), 'model.features.2.0.block.3.1.bias': tensor([ 4.8723e-03,  4.9111e-03, -3.1992e-03,  7.7851e-05,  1.6839e-03,
        -9.0778e-04, -3.0604e-04, -1.0389e-03, -2.4111e-03, -4.2896e-03,
         6.3759e-04, -2.2330e-04, -3.2237e-03,  4.8221e-03,  9.5936e-04,
        -3.5057e-03,  1.7022e-03, -3.4406e-03,  4.6073e-03, -1.1277e-02,
        -1.3798e-03,  3.8303e-03, -1.0002e-03, -7.2695e-04]), 'model.features.2.0.block.3.1.running_mean': tensor([-13.6205,  20.1600,  -8.4376, -19.0280,  -0.8580,  22.7270,  13.4920,
         -5.6517, -13.7296,  -7.0434,  -8.6318,   2.6750,  -6.1425,  14.3284,
         -1.5094,   3.1969,  12.2416,  -5.1935,  -7.5940, -22.1706,  -3.3113,
        -10.7724,  -2.8769, -14.6697]), 'model.features.2.0.block.3.1.running_var': tensor([ 59.8954, 102.1463, 149.3392, 139.4924,  44.0749,  41.1017, 102.7059,
         50.9910, 112.9158,  67.0031,  33.4726,  28.8383,  35.3818, 104.8854,
        144.9801, 146.0509,  48.7838, 161.7591,  54.5705, 445.1349, 100.0648,
        177.0161,  59.4936, 200.4019]), 'model.features.2.0.block.3.1.num_batches_tracked': tensor(703214), 'model.features.2.1.block.0.0.weight': tensor([[[[-0.2195]],

         [[ 0.0024]],

         [[ 0.0565]],

         ...,

         [[-0.2846]],

         [[-0.0427]],

         [[-0.0543]]],


        [[[-0.2635]],

         [[-0.2925]],

         [[ 0.0225]],

         ...,

         [[ 0.5262]],

         [[-0.2611]],

         [[-0.0200]]],


        [[[-0.2286]],

         [[ 0.0737]],

         [[ 0.0594]],

         ...,

         [[ 0.1071]],

         [[-0.0732]],

         [[ 0.0050]]],


        ...,


        [[[ 0.1336]],

         [[ 0.1946]],

         [[-0.0355]],

         ...,

         [[-0.1629]],

         [[ 0.1376]],

         [[-0.0377]]],


        [[[ 0.1098]],

         [[ 0.1532]],

         [[ 0.4656]],

         ...,

         [[-0.0108]],

         [[ 0.0022]],

         [[ 0.0917]]],


        [[[-0.0585]],

         [[ 0.0977]],

         [[ 0.0923]],

         ...,

         [[ 0.1671]],

         [[-0.2154]],

         [[-0.0989]]]]), 'model.features.2.1.block.0.1.weight': tensor([ 2.0799,  2.9502,  2.4033,  2.6653,  2.3319,  0.7013, -0.1225,  0.9213,
         1.9997,  1.0401,  0.2711,  0.2697,  0.7352,  2.8756,  0.7401,  0.2733,
         2.4557,  1.8668,  1.7766,  3.4134,  0.7507,  5.0543,  2.3800,  0.2495,
         1.4323,  0.4014, -0.6386,  0.8974,  0.7786,  4.5287,  3.3298,  4.0517,
         0.7729,  1.6809,  2.3620,  0.5384,  2.4229,  0.9330,  3.5418,  0.7291,
         0.1618,  2.2574,  2.2045,  2.2579,  3.0942,  2.3092,  2.2198,  0.5857,
         5.0546,  1.2050,  0.5702,  1.2256,  1.5935,  0.6102, -0.0739,  2.5883,
         2.0464,  3.3860,  3.4272,  0.9125,  2.4042,  3.0902,  2.5215,  3.5596,
         0.6264,  0.7023,  0.5447,  2.3339,  2.8954,  0.5770,  0.6231,  4.5199,
         2.5123,  1.6380,  0.0732,  1.7644,  0.8007,  2.1258,  2.9488,  1.9319,
         0.8843,  1.7350,  2.0373,  1.8129,  1.1621,  0.6162,  2.9391,  0.6291,
         2.0225,  0.2569,  4.6779,  3.3131,  1.2235,  1.5519,  0.0890,  1.7439,
         3.5785,  0.3948,  1.2661,  2.1064,  1.2492,  0.2845,  2.4666,  0.7280,
         2.4799,  3.6281,  2.0816,  0.2038,  2.3838,  2.0290,  0.6765,  0.2635,
         0.7361,  0.4377,  1.1348,  3.0007,  1.9624,  0.2224,  0.9440,  1.7833,
         0.3584,  4.3918,  1.9457,  0.8939,  1.1961,  2.6571,  0.6688,  4.7837,
         2.7789,  7.6335,  0.3379,  0.6109,  1.8728,  3.3504,  0.9697,  0.9576,
         0.4423,  1.1435,  0.4925,  0.6745,  1.2729,  0.1862,  2.9645,  2.5844]), 'model.features.2.1.block.0.1.bias': tensor([ 2.3716, -2.2532, -0.2266, -2.6847,  4.0345, -1.1435,  0.0702, -0.6311,
         2.5875,  1.3590, -0.8688, -0.2398, -0.6166,  3.2216,  1.3569,  0.2906,
         3.1881,  2.0205,  1.8420, -1.9421, -0.7866, -3.3857,  1.0554,  1.7711,
         0.9281,  0.0403,  1.3855,  1.9704,  1.2992, -1.7615,  1.4746, -3.0092,
         0.3529, -1.1853, -1.3968, -0.6331, -1.8903,  1.1932, -0.5740, -1.2704,
         3.1152, -0.9217,  2.6393, -1.9104,  3.0519,  0.4570, -1.3240, -0.0837,
        -2.2352, -1.0827, -0.4966,  2.9300, -0.1791, -0.2653, -0.0933,  1.2271,
        -0.3742, -1.6907, -0.3805,  2.9773,  0.5836,  1.7906, -0.0706,  1.1895,
         2.3886,  2.1507,  0.9302,  3.2068, -1.1674, -0.5904,  0.9650,  0.3768,
         2.1641,  1.5941, -0.0491,  3.0365, -1.0680, -2.2722,  0.3529,  2.9318,
         4.9121,  2.3766,  2.3510,  2.7958,  1.3648,  1.4986,  1.5254, -0.5355,
        -0.3859, -0.0614, -5.0740, -2.8308,  0.9987, -0.7018, -0.2141,  2.2527,
        -0.7765,  1.2351, -1.4598, -1.1790,  1.9562, -0.0521,  3.4389, -0.1375,
         0.2404,  3.9051, -1.2841,  2.7185,  1.6210,  2.9334,  2.1120,  0.2939,
         1.3591,  2.6849, -2.7517,  0.6529,  2.2988,  0.3459,  1.6917, -2.9296,
         0.5632, -3.1564,  2.3489, -1.1828,  2.4061,  2.4361,  1.3928,  0.6718,
        -0.9892, -7.4090,  0.5141,  1.8621, -0.7115,  4.1200,  0.6254,  2.3113,
         0.8865, -0.7605,  0.9319, -0.4710,  0.8555, -0.3932,  2.4295,  0.1334]), 'model.features.2.1.block.0.1.running_mean': tensor([-1.9781e-03, -1.1192e-02,  6.6819e-03, -1.1466e-02,  5.1219e-03,
        -7.8573e-03, -5.1010e-03,  1.0032e-03,  9.4562e-07,  1.4319e-04,
         4.7709e-03, -5.7493e-03, -6.1257e-03,  6.5223e-04,  2.8981e-03,
        -7.0828e-03,  5.2902e-03,  5.6673e-03, -1.2108e-03, -4.1133e-03,
         5.7743e-03, -3.4654e-03,  3.4005e-03,  2.6956e-03,  5.0991e-03,
         1.4398e-03,  2.4128e-03,  5.1254e-04, -2.3878e-03, -1.7000e-03,
         2.9397e-04, -3.5293e-03, -2.8888e-03, -5.7145e-03, -3.9737e-03,
        -8.7213e-03, -1.9208e-02, -1.9692e-03,  4.8078e-04,  2.4367e-03,
        -3.2481e-03, -5.2478e-04,  2.8514e-03, -2.4823e-03,  3.5873e-03,
         1.8034e-03,  1.3000e-03, -2.3449e-03, -5.0981e-03, -3.3777e-03,
        -3.5304e-03, -1.4838e-03,  1.5280e-03, -4.1607e-04,  4.0773e-03,
        -2.1455e-03,  3.3149e-04,  2.1387e-03, -1.6818e-03,  6.3870e-04,
        -3.6975e-03,  3.3815e-03,  1.2396e-03, -5.0586e-03, -1.1409e-03,
         6.2871e-03, -4.5668e-04,  5.6269e-04, -1.2638e-02, -2.2861e-03,
        -6.4730e-03, -7.5503e-03,  3.1213e-03,  2.9120e-03,  3.4312e-03,
         1.4176e-02, -4.9525e-03, -6.4820e-03,  2.6759e-03,  1.5426e-03,
        -1.3648e-02,  2.3320e-03,  4.0224e-03,  4.1652e-03, -9.6540e-04,
        -3.6295e-03, -3.4686e-03, -7.2522e-04, -3.6121e-03, -8.6031e-03,
        -1.3817e-03,  3.4362e-04,  7.1523e-03,  5.3659e-03,  4.5811e-03,
         4.9246e-03, -3.3098e-03, -2.5878e-03,  7.3170e-04, -2.1326e-03,
         5.1237e-03, -3.3090e-04,  3.4003e-03, -4.4842e-03, -7.7654e-04,
         2.8511e-03, -7.4001e-03, -2.2408e-03, -3.0839e-03, -5.4713e-03,
         1.4319e-03, -3.0726e-04, -1.0773e-03,  5.4234e-03, -1.5887e-03,
        -2.2375e-03,  6.9387e-03, -4.3440e-03, -2.5498e-03,  2.6546e-03,
        -7.7531e-03, -4.4768e-03,  3.3154e-03, -5.5503e-03,  5.4010e-03,
         2.6311e-03,  7.9252e-03,  5.7377e-03, -5.2887e-03,  1.7845e-03,
        -1.8148e-03, -3.2663e-04, -4.5309e-03,  1.4644e-02, -2.2444e-03,
        -2.3391e-04, -2.2586e-03, -5.1814e-03, -2.7224e-03, -3.6200e-03,
        -1.4425e-03, -1.8565e-05, -2.6237e-03, -2.2245e-03]), 'model.features.2.1.block.0.1.running_var': tensor([ 52.7560, 407.4057,  43.4036, 343.1098,  85.9967, 287.1616,  34.0511,
         26.6118,  86.9060,  62.4200,  49.9991,  34.9744, 179.9607, 150.4435,
         31.7463,  74.6853,  23.7739,  82.4618,  25.1447, 219.2760, 179.5512,
        364.4041,  24.5241,  80.3547,  67.0271,  29.6026,  27.3310,  44.8842,
         47.4767,  63.6509,  57.2328, 113.9453,  55.6849,  38.6592,  24.0364,
        172.9395, 483.7964,  63.7251,  31.6969,  30.3905,  66.4571,  25.1061,
         18.0445,  23.3622,  62.0887,  75.8592,  79.8241,  36.4702,  98.8230,
         41.2545,  71.0689,  26.0609,  54.1020,  40.3993,  43.8251,  62.6742,
        133.9174,  51.0517,  33.0409,  21.9481,  43.1167,  21.8406,  74.2094,
         47.5206,  39.1419, 100.5459,  33.4309,  21.7202,  54.9155, 102.1110,
         38.9392,  44.1279,  22.1575,  33.3845,  33.4618, 150.8704, 244.3067,
         45.4554,  68.5307,  34.3455, 153.4130,  53.5536,  59.2107,  19.9196,
         95.6855,  18.1327,  25.5497,  56.7375,  44.1485,  53.2863,  25.7933,
         78.7445, 107.6061,  63.5761,  24.1409,  39.0824,  63.8170,  50.7921,
         21.3715,  90.3696,  74.4647,  35.1647,  33.0080,  46.0627,  64.0423,
         84.6727, 112.3912,  62.0999,  36.4060,  77.0246,  32.7947,  38.6850,
         34.6257,  87.0562,  30.4164,  60.8362,  59.6168,  43.7537,  74.9114,
         30.0078,  49.8817,  82.3071,  24.7341,  40.8767,  45.4951, 136.7470,
        112.9326,  46.5169,  84.8297, 111.0704,  37.3417,  53.6298,  74.2711,
        147.8678,  67.4063,  41.6245,  40.8449, 140.2991,  53.6543,  60.1836,
        104.2447,  64.0722,  34.7601,  66.8572]), 'model.features.2.1.block.0.1.num_batches_tracked': tensor(703214), 'model.features.2.1.block.1.0.weight': tensor([[[[-0.2006, -0.1225, -0.1517],
          [-0.1502,  0.9910, -0.1434],
          [-0.1531, -0.0480, -0.1886]]],


        [[[-0.0143,  0.0702, -0.0400],
          [ 0.0518,  0.6317,  0.0492],
          [-0.0366,  0.0573, -0.0230]]],


        [[[ 0.0783, -0.0013,  0.0147],
          [ 0.2131, -0.6764,  0.1205],
          [ 0.0471, -0.1152,  0.0249]]],


        ...,


        [[[ 0.0681,  0.0640,  0.0692],
          [ 0.0640,  0.4478,  0.0273],
          [ 0.1273,  0.0102,  0.0601]]],


        [[[-0.0444, -0.2930, -0.0272],
          [-0.1289,  0.9180, -0.2199],
          [-0.0327, -0.1600, -0.0106]]],


        [[[-0.1539, -0.0371, -0.0938],
          [-0.1033,  0.6830, -0.1098],
          [-0.0921, -0.1462, -0.1666]]]]), 'model.features.2.1.block.1.1.weight': tensor([1.5042, 1.7786, 2.3987, 2.6457, 3.2437, 1.0346, 2.5243, 1.6065, 2.6156,
        0.9246, 3.3342, 2.1677, 0.9666, 3.0941, 0.9722, 2.5336, 2.4415, 2.1155,
        2.6681, 2.1209, 1.1948, 1.0504, 2.6595, 1.8952, 0.7755, 0.9709, 2.3064,
        2.0714, 0.8678, 0.7354, 2.4800, 1.5633, 1.5742, 2.0032, 0.9203, 1.3267,
        1.1249, 0.9872, 1.4519, 1.2317, 2.0904, 1.8652, 2.6070, 1.7555, 1.7417,
        2.3831, 1.5295, 1.2711, 1.2930, 1.6351, 2.2476, 1.5761, 2.0124, 1.1274,
        2.9086, 1.3956, 1.3689, 1.7944, 2.7251, 2.7583, 1.2710, 2.5340, 2.8942,
        1.2693, 1.1073, 1.0946, 1.4103, 2.4955, 2.0939, 1.2121, 1.2118, 1.7080,
        1.4934, 1.3748, 2.5240, 1.3593, 0.7955, 1.5910, 4.3328, 1.8646, 1.4660,
        1.7735, 1.9282, 2.2504, 3.1820, 2.2986, 3.3038, 2.2739, 1.1443, 2.5797,
        2.9376, 2.0028, 0.8838, 0.7726, 1.5499, 1.7142, 1.2232, 1.6557, 0.6334,
        2.5185, 1.8875, 2.0025, 1.9014, 0.8773, 2.4470, 2.1462, 1.5633, 2.1281,
        2.9046, 1.7147, 1.4242, 1.1653, 2.5545, 1.6203, 0.9441, 1.3091, 2.3357,
        1.4513, 1.6202, 2.2549, 2.5284, 0.6653, 1.9412, 0.6278, 1.4289, 3.8758,
        1.7881, 1.9360, 2.9118, 2.1048, 1.7360, 3.0361, 2.2523, 1.0947, 1.1299,
        2.7945, 1.5174, 1.4514, 2.3833, 2.0240, 0.8947, 1.9733, 3.7208, 2.4256]), 'model.features.2.1.block.1.1.bias': tensor([ 0.0872, -0.0345,  0.5531, -3.2492, -2.4773,  0.9499, -0.4641,  0.4187,
        -0.9171,  1.5504, -0.8607, -0.9290,  2.2207,  0.0935,  0.8936, -0.4652,
        -0.2530, -1.7481, -1.2035, -1.1698,  1.3828,  2.3721, -1.3503, -0.9210,
         1.5007,  2.4309, -2.4348,  0.8726,  2.0715,  2.0733, -0.1589,  0.6602,
         1.5026, -1.0731,  0.3788,  0.5258,  0.4185,  1.6758,  0.9218,  1.2222,
        -0.7470, -3.1564, -0.5639, -3.4965, -0.2607, -0.2500,  0.3322,  1.4558,
        -0.2446, -0.9722, -0.4326,  1.5037,  0.5852,  1.2390, -0.4015, -0.3142,
         0.2340, -0.2893, -0.3109, -3.7268,  0.5005, -0.1359, -0.1796,  1.3321,
        -0.2062,  1.2480,  1.7144,  0.0136, -0.8321,  0.4212,  1.1375,  1.3577,
        -1.2581,  0.0467, -0.3854,  2.0537,  2.4757, -2.2802, -1.4055, -0.9408,
         2.4317, -0.5301, -0.6349, -0.8644, -2.4672, -2.6254, -1.9434, -0.4032,
         1.4307, -0.7215,  0.0159, -0.8893,  1.6876,  1.5758, -0.0064, -0.2214,
         0.5816, -0.2623,  1.3183, -0.7357, -0.6736, -0.6473,  0.6849,  1.4860,
        -0.1612, -0.5126, -0.3333, -0.6467, -0.1832, -0.1120, -0.2241,  1.9067,
        -0.7613, -0.3344, -0.0684,  1.0698, -0.3602,  1.9324, -0.4711,  0.8845,
        -0.4317,  1.3368, -1.2935,  0.8539,  0.0899,  0.1325, -0.2521,  1.0022,
        -1.6021,  0.5765, -0.1319, -0.6609,  0.1654,  1.7978,  1.9341, -0.5566,
        -0.4814,  0.2424, -0.3973, -0.1857,  2.6135, -0.2487, -0.8443, -0.2873]), 'model.features.2.1.block.1.1.running_mean': tensor([-3.2000e-01, -5.5290e-02, -1.7216e-01, -6.0762e-02, -3.0706e+00,
        -1.7638e-01,  4.4044e-03, -1.9703e-02, -2.2907e+00,  1.1952e-01,
        -9.9104e-02,  8.0320e-03,  7.0555e-02, -2.9740e+00, -1.0447e-01,
         1.4901e-02, -3.7204e-02, -8.9058e-02,  2.9808e-01,  7.5417e-02,
        -1.7627e-01, -6.6559e-02, -5.2472e-01,  1.2927e+00,  4.5231e-02,
        -4.5265e-02, -4.3568e-02,  1.0882e+00, -4.4793e-01, -7.6996e-02,
        -1.4770e+00, -6.6920e-03,  4.9063e-02, -2.9131e-02,  3.8700e-02,
        -1.8562e-01, -7.8718e-02,  2.9451e-02,  1.0425e-01,  1.7680e-01,
        -2.8778e+00,  2.3329e-01,  3.8597e-01, -1.1336e-02, -1.1698e+00,
         3.0890e-01, -8.6238e-03,  3.5664e-03,  1.2993e-01, -9.7233e-02,
         3.7597e-03,  1.0372e-02, -6.2126e-02, -7.5576e-03,  8.9992e-03,
         1.2937e+00,  1.4331e-01,  2.6613e-02,  1.6170e-01, -8.5172e-02,
         6.7998e-02, -6.8146e-01,  3.2370e-02,  1.8854e-01,  1.9462e+00,
        -6.4813e-01, -1.3558e-01, -1.0816e-01,  2.3489e-01, -4.6177e-02,
         9.2370e-03,  3.5027e-01, -9.9727e-01, -9.0050e-01,  2.1382e-03,
         6.1597e-01,  2.0330e-01, -6.1023e-02,  1.8646e-01, -5.5543e-01,
        -3.1800e+00, -3.3173e-01, -1.5584e+00, -3.5993e-01,  8.7122e-01,
        -4.5129e-02, -1.3098e+00,  1.5384e-02, -1.0452e-01,  9.2226e-04,
        -6.6541e-02, -4.7417e-03,  2.5001e-01,  5.5786e-02,  3.5561e-02,
         2.9553e-01,  2.0129e-01,  1.9619e-01,  1.3342e-02,  8.8463e-04,
         1.6319e+00,  1.1606e-03, -4.8271e-01, -4.8802e-03,  1.0284e-01,
        -3.8770e+00, -9.1698e-03, -2.5307e+00,  7.8203e-01, -2.2719e+00,
         2.1769e-01,  2.2108e-02, -3.7524e-01,  2.5421e+00, -2.3781e-02,
         3.5236e-01, -3.7425e-01,  1.6258e-03,  1.8310e+00, -1.0978e-03,
        -6.1346e-02, -3.0818e-03, -1.6878e-01,  3.4032e-02,  2.3286e+00,
        -2.3235e+00, -7.9980e-01, -1.5209e-01, -4.7143e-03, -3.6584e-03,
        -2.0407e-02, -3.3045e-02,  8.2912e-03, -2.7100e+00, -2.5039e-01,
        -2.1530e-02, -1.6429e-01,  1.9923e-03, -5.4218e-02,  9.3467e-03,
         7.0546e-02, -1.3802e-01,  7.8844e-02, -1.5320e-01]), 'model.features.2.1.block.1.1.running_var': tensor([1.5682e+00, 2.1266e-02, 3.5155e-01, 1.8517e-02, 2.4685e+00, 1.4305e-03,
        2.0798e-03, 4.4801e-02, 2.7051e+00, 3.2366e-01, 6.6897e-04, 2.6074e-03,
        9.7934e-03, 3.7630e+00, 2.0823e-01, 1.3029e-02, 3.0050e+00, 8.3561e-01,
        6.2419e-01, 6.0208e-02, 1.5933e-01, 9.8656e-02, 1.2644e+00, 4.5859e-02,
        9.5148e-01, 1.1647e-02, 1.0941e-01, 4.0952e-01, 1.4184e-01, 3.8742e-01,
        2.9116e+00, 5.1474e-02, 8.6208e-02, 8.7031e-02, 3.2269e-01, 5.6461e-02,
        1.6342e-02, 2.3761e-01, 3.5335e-01, 9.4843e-03, 3.1782e-02, 4.7410e-01,
        1.7037e+00, 1.3522e-02, 2.2114e+00, 1.0255e+00, 4.2439e-02, 1.5517e-02,
        2.7708e-01, 2.3889e-02, 5.1036e-03, 6.8768e-01, 1.4151e-01, 1.2382e-02,
        6.6237e-04, 2.6022e+00, 9.3284e-02, 3.7511e-01, 4.5717e-01, 2.2438e-01,
        4.2198e-01, 2.2807e+00, 5.0628e-01, 1.7516e+00, 2.2399e-01, 3.4470e-01,
        1.2941e-01, 2.5987e+00, 8.1690e-01, 3.2265e-03, 1.0557e-01, 1.9069e+00,
        1.4511e+00, 3.7544e-01, 7.3589e-04, 2.9119e+00, 3.3029e-03, 2.3218e-02,
        9.0747e-01, 1.4045e+00, 9.7695e-01, 1.0540e+00, 1.1598e+00, 1.6057e+00,
        4.0507e-01, 1.2720e-02, 2.1967e+00, 9.7485e-03, 3.1275e-01, 4.8025e-03,
        8.7861e-02, 1.5077e-02, 3.0627e-01, 3.1558e-01, 5.9702e-04, 1.2319e+00,
        4.7960e-01, 4.8713e-02, 2.1421e-02, 1.9130e-02, 1.0922e+00, 5.8124e-03,
        2.5424e+00, 1.6410e-02, 8.7691e-01, 7.4293e+00, 2.1376e-02, 5.2531e-02,
        1.1680e+00, 2.0207e+00, 2.1371e-01, 1.3259e-02, 3.2087e-01, 1.8613e-01,
        3.8391e-03, 1.3998e+00, 1.6449e+00, 5.3897e-03, 7.7875e-01, 3.0478e-01,
        2.6841e-02, 2.9678e-02, 9.8569e-01, 2.4253e-03, 1.2907e+00, 3.1638e+00,
        1.6569e-01, 3.8941e+00, 1.1027e-01, 2.8627e-02, 1.7904e-02, 2.4726e-01,
        6.1170e-02, 5.0519e+00, 2.1957e-01, 6.2206e-01, 4.0795e-02, 9.1414e-03,
        9.2619e-02, 8.1401e-03, 4.6090e-01, 2.7692e-03, 1.8201e+00, 5.8684e-01]), 'model.features.2.1.block.1.1.num_batches_tracked': tensor(703214), 'model.features.2.1.block.2.fc1.weight': tensor([[[[ 1.8441e-02]],

         [[ 2.5754e-02]],

         [[-1.5431e-02]],

         [[-8.7141e-02]],

         [[-2.4144e-01]],

         [[-1.9392e-01]],

         [[-7.9666e-02]],

         [[-1.6980e-02]],

         [[ 7.0425e-03]],

         [[-1.0282e-01]],

         [[-4.4963e-01]],

         [[ 1.4116e-01]],

         [[ 5.2221e-02]],

         [[-2.4001e-01]],

         [[-6.3316e-02]],

         [[-1.3637e-01]],

         [[ 1.7772e-02]],

         [[ 1.6222e-02]],

         [[-3.7009e-02]],

         [[-9.5931e-02]],

         [[ 6.3948e-02]],

         [[ 1.7230e-01]],

         [[ 6.0483e-03]],

         [[-3.4948e-02]],

         [[-7.1321e-03]],

         [[ 4.4144e-02]],

         [[ 2.4757e-03]],

         [[-3.2316e-02]],

         [[-7.1888e-02]],

         [[-1.8161e-02]],

         [[-2.0158e-02]],

         [[ 7.5824e-02]],

         [[ 9.3115e-03]],

         [[-3.1004e-01]],

         [[-7.6549e-02]],

         [[ 3.4026e-02]],

         [[-2.3986e-03]],

         [[-1.0728e-01]],

         [[-1.3811e-01]],

         [[-8.4021e-02]],

         [[-1.1393e-01]],

         [[ 4.0564e-02]],

         [[ 2.4429e-02]],

         [[ 5.1147e-02]],

         [[-3.3530e-02]],

         [[-4.2392e-03]],

         [[ 4.2373e-02]],

         [[-5.3560e-02]],

         [[-4.0242e-02]],

         [[-3.5207e-01]],

         [[ 6.4434e-02]],

         [[-1.3018e-02]],

         [[ 4.3889e-03]],

         [[ 1.0016e-02]],

         [[-9.2203e-02]],

         [[-1.2858e-01]],

         [[-1.7198e-01]],

         [[ 9.9334e-03]],

         [[-1.8784e-01]],

         [[ 4.1056e-02]],

         [[ 7.3079e-02]],

         [[-4.9458e-02]],

         [[-1.8563e-03]],

         [[-1.1543e-02]],

         [[-2.8496e-01]],

         [[ 1.6222e-02]],

         [[-2.2260e-02]],

         [[ 5.6126e-02]],

         [[ 2.6303e-01]],

         [[-1.6866e-01]],

         [[-9.4116e-03]],

         [[ 4.7452e-04]],

         [[-4.7936e-02]],

         [[-5.1118e-03]],

         [[-1.1480e-01]],

         [[-2.2818e-02]],

         [[ 1.1426e-01]],

         [[-4.1721e-02]],

         [[-5.3027e-02]],

         [[-3.6452e-02]],

         [[ 1.4033e-02]],

         [[ 7.2291e-02]],

         [[ 1.5162e-03]],

         [[-3.8815e-03]],

         [[-2.8690e-01]],

         [[-1.5605e-01]],

         [[ 6.1662e-02]],

         [[-1.0897e-03]],

         [[ 2.7166e-02]],

         [[ 1.9474e-01]],

         [[ 4.1553e-02]],

         [[ 8.8730e-02]],

         [[-5.1271e-02]],

         [[-3.6153e-02]],

         [[-4.6998e-03]],

         [[-5.9996e-02]],

         [[-5.2812e-02]],

         [[ 2.7067e-02]],

         [[-2.1107e-02]],

         [[-5.2226e-02]],

         [[-1.6258e-01]],

         [[ 3.5743e-02]],

         [[-3.3695e-02]],

         [[-5.8498e-03]],

         [[-9.0456e-03]],

         [[ 1.2420e-01]],

         [[-1.4787e-02]],

         [[-1.3438e-01]],

         [[-4.2166e-02]],

         [[ 1.3149e-01]],

         [[-6.2934e-02]],

         [[-1.6072e-02]],

         [[-9.2552e-02]],

         [[-2.0233e-01]],

         [[-8.8449e-02]],

         [[ 1.6292e-02]],

         [[-7.0295e-03]],

         [[-4.1914e-02]],

         [[-1.0988e-01]],

         [[ 1.8610e-03]],

         [[ 5.2546e-02]],

         [[-5.9795e-02]],

         [[-6.5182e-03]],

         [[-2.4612e-03]],

         [[-1.0756e-01]],

         [[-2.5249e-01]],

         [[ 2.9795e-02]],

         [[ 6.8779e-03]],

         [[-7.8284e-02]],

         [[ 9.1293e-02]],

         [[ 2.4684e-02]],

         [[-7.8969e-02]],

         [[ 3.1691e-02]],

         [[-7.2438e-02]],

         [[-4.7560e-02]],

         [[-2.1777e-02]],

         [[-1.5878e-02]],

         [[-1.1885e-01]],

         [[ 1.0940e-02]],

         [[ 5.3483e-02]],

         [[ 7.4018e-03]],

         [[-1.5962e-01]],

         [[-2.3232e-02]],

         [[ 2.5728e-02]]],


        [[[-1.5898e-02]],

         [[-9.6453e-02]],

         [[-1.1580e-01]],

         [[ 2.5920e-02]],

         [[ 6.3903e-02]],

         [[ 9.5729e-02]],

         [[ 7.5185e-02]],

         [[ 4.0264e-03]],

         [[ 6.5209e-02]],

         [[-2.8024e-02]],

         [[ 1.8532e-01]],

         [[-5.7671e-02]],

         [[-2.1477e-01]],

         [[ 4.2678e-02]],

         [[-4.1862e-02]],

         [[ 5.3145e-02]],

         [[-4.2552e-02]],

         [[ 4.0486e-03]],

         [[ 1.6547e-02]],

         [[ 6.9543e-02]],

         [[ 7.0801e-02]],

         [[-3.2965e-01]],

         [[-3.6666e-02]],

         [[-1.8259e-01]],

         [[-4.7796e-02]],

         [[-1.5272e-01]],

         [[ 5.1833e-02]],

         [[ 7.5820e-02]],

         [[ 1.3570e-01]],

         [[-9.4221e-02]],

         [[ 1.4442e-03]],

         [[-9.5388e-02]],

         [[-6.2964e-04]],

         [[ 1.2149e-01]],

         [[ 1.3235e-03]],

         [[-6.8120e-02]],

         [[-3.5239e-02]],

         [[-2.6203e-02]],

         [[ 4.4730e-02]],

         [[-1.4390e-02]],

         [[ 3.1349e-02]],

         [[-2.6529e-02]],

         [[ 3.9696e-02]],

         [[-4.3709e-02]],

         [[-9.7823e-02]],

         [[-4.5078e-02]],

         [[-7.6101e-03]],

         [[-2.1123e-02]],

         [[-1.4724e-04]],

         [[ 1.3870e-01]],

         [[-5.1501e-02]],

         [[-8.4346e-02]],

         [[-9.8951e-02]],

         [[-6.4786e-02]],

         [[ 9.4615e-02]],

         [[ 1.2422e-02]],

         [[ 1.0173e-01]],

         [[-1.9990e-02]],

         [[ 2.1732e-01]],

         [[-1.1052e-02]],

         [[-1.1089e-01]],

         [[-4.2831e-02]],

         [[-1.4846e-02]],

         [[-6.8850e-02]],

         [[ 2.7481e-01]],

         [[-1.0644e-01]],

         [[-8.7402e-02]],

         [[-6.7479e-02]],

         [[-1.7797e-01]],

         [[ 5.1593e-02]],

         [[-6.7065e-02]],

         [[-8.5728e-02]],

         [[ 4.1802e-02]],

         [[-1.0465e-01]],

         [[ 6.5090e-02]],

         [[-7.7623e-02]],

         [[-2.2456e-01]],

         [[ 6.4352e-02]],

         [[ 1.2379e-01]],

         [[ 1.0900e-02]],

         [[-2.1523e-01]],

         [[-4.3318e-02]],

         [[ 2.9545e-02]],

         [[ 2.4331e-02]],

         [[ 9.3181e-02]],

         [[ 1.1814e-01]],

         [[-4.5538e-02]],

         [[-6.3545e-03]],

         [[-1.1709e-01]],

         [[-5.1267e-02]],

         [[-1.0522e-01]],

         [[-2.5937e-02]],

         [[ 1.1468e-01]],

         [[-8.1691e-02]],

         [[-1.9890e-02]],

         [[ 1.7871e-02]],

         [[ 4.5682e-02]],

         [[-1.8472e-02]],

         [[-6.5124e-02]],

         [[ 1.2163e-03]],

         [[ 4.8035e-02]],

         [[ 9.6433e-03]],

         [[-2.4648e-02]],

         [[-7.4638e-02]],

         [[-2.4863e-02]],

         [[-1.3033e-01]],

         [[-2.6639e-02]],

         [[ 1.8380e-02]],

         [[-4.3563e-02]],

         [[ 4.1232e-02]],

         [[ 1.6439e-02]],

         [[-1.0856e-01]],

         [[ 2.0439e-02]],

         [[ 5.2174e-02]],

         [[ 5.8646e-02]],

         [[-8.3024e-02]],

         [[ 2.6125e-03]],

         [[-3.0490e-02]],

         [[-1.9382e-02]],

         [[ 3.6726e-02]],

         [[-3.0117e-02]],

         [[-5.4233e-02]],

         [[ 5.4218e-02]],

         [[-1.8679e-02]],

         [[ 6.7141e-02]],

         [[ 1.8958e-01]],

         [[-6.7680e-02]],

         [[-6.9741e-02]],

         [[ 1.0318e-01]],

         [[-1.3478e-01]],

         [[-2.8209e-02]],

         [[ 7.6790e-02]],

         [[-6.5749e-02]],

         [[ 6.7594e-02]],

         [[-1.2756e-02]],

         [[ 3.9274e-02]],

         [[ 3.0731e-02]],

         [[ 3.0201e-02]],

         [[ 6.1508e-02]],

         [[-2.7527e-02]],

         [[-1.5766e-01]],

         [[-1.4697e-01]],

         [[-3.2549e-02]],

         [[-8.7924e-02]]],


        [[[ 1.0388e-01]],

         [[-3.0049e-01]],

         [[-2.7288e-01]],

         [[ 8.2181e-02]],

         [[ 3.6453e-02]],

         [[ 3.7648e-01]],

         [[-3.3812e-02]],

         [[ 1.0971e-01]],

         [[ 3.1050e-02]],

         [[ 5.1006e-02]],

         [[-1.4819e-01]],

         [[ 2.2943e-01]],

         [[-1.1657e-01]],

         [[-5.1243e-01]],

         [[ 2.1561e-03]],

         [[ 3.4014e-01]],

         [[-2.5379e-02]],

         [[ 6.7128e-02]],

         [[-3.8776e-01]],

         [[-1.1595e-01]],

         [[ 7.8804e-03]],

         [[-2.9099e-01]],

         [[ 2.3391e-02]],

         [[ 1.9046e-01]],

         [[ 2.2571e-02]],

         [[-1.5916e-01]],

         [[ 5.8583e-02]],

         [[-1.0122e-01]],

         [[-9.1116e-02]],

         [[ 2.3943e-02]],

         [[ 3.1056e-01]],

         [[ 1.1893e-02]],

         [[ 1.0114e-01]],

         [[-4.1277e-01]],

         [[-2.3164e-01]],

         [[-1.4493e-01]],

         [[-9.6804e-02]],

         [[ 5.7567e-02]],

         [[-7.0537e-02]],

         [[ 1.8921e-01]],

         [[ 2.2821e-01]],

         [[-2.3466e-02]],

         [[-1.8835e-02]],

         [[ 1.3439e-01]],

         [[ 1.9090e-01]],

         [[ 3.4166e-01]],

         [[-2.0528e-02]],

         [[ 9.1320e-02]],

         [[-3.3791e-02]],

         [[ 1.3790e-01]],

         [[ 8.1503e-02]],

         [[-7.1119e-02]],

         [[-1.2989e-01]],

         [[-2.1724e-01]],

         [[-9.4962e-03]],

         [[-9.8244e-02]],

         [[ 1.2771e-01]],

         [[ 1.8976e-02]],

         [[ 4.0297e-02]],

         [[ 1.3006e-02]],

         [[-7.8457e-02]],

         [[-1.5079e-02]],

         [[-4.4733e-01]],

         [[-9.6499e-02]],

         [[ 1.7685e-01]],

         [[ 7.1087e-02]],

         [[-3.8154e-01]],

         [[ 9.6501e-02]],

         [[ 4.6242e-02]],

         [[ 3.9263e-01]],

         [[-7.1011e-02]],

         [[ 2.4308e-02]],

         [[-2.3817e-02]],

         [[-1.0389e-03]],

         [[-2.0983e-02]],

         [[-2.1710e-02]],

         [[-1.6999e-01]],

         [[-6.5397e-02]],

         [[-1.3037e-01]],

         [[-1.1013e-01]],

         [[-9.5830e-02]],

         [[ 9.8740e-02]],

         [[-1.2887e-02]],

         [[ 1.5413e-03]],

         [[ 4.4031e-01]],

         [[-1.8681e-01]],

         [[ 4.7048e-02]],

         [[ 1.3005e-01]],

         [[ 1.9388e-02]],

         [[-5.0809e-02]],

         [[ 7.9041e-02]],

         [[ 1.0280e-01]],

         [[ 1.8505e-01]],

         [[-4.7300e-02]],

         [[-3.0896e-02]],

         [[-9.9231e-02]],

         [[ 4.4531e-03]],

         [[ 2.2068e-02]],

         [[-1.2327e-01]],

         [[ 7.0638e-02]],

         [[-4.8852e-02]],

         [[ 1.2486e-01]],

         [[-2.0091e-02]],

         [[ 3.1408e-02]],

         [[-3.3595e-01]],

         [[ 1.5322e-01]],

         [[-1.4905e-01]],

         [[-1.0912e-02]],

         [[-4.1438e-01]],

         [[ 7.5084e-02]],

         [[-2.1584e-01]],

         [[ 6.3310e-02]],

         [[ 5.5044e-01]],

         [[ 1.8633e-02]],

         [[ 4.0349e-04]],

         [[ 1.0243e-01]],

         [[-1.7932e-01]],

         [[ 6.8811e-02]],

         [[-8.7364e-02]],

         [[ 1.0224e-01]],

         [[ 1.1009e-01]],

         [[-1.7860e-01]],

         [[ 8.0996e-02]],

         [[-7.7573e-02]],

         [[-2.2409e-01]],

         [[ 3.7246e-01]],

         [[-2.0846e-01]],

         [[ 6.9881e-03]],

         [[-1.6456e-01]],

         [[ 1.2814e-01]],

         [[-7.0896e-02]],

         [[ 8.3025e-02]],

         [[-7.3386e-02]],

         [[ 1.1641e-01]],

         [[-3.2823e-01]],

         [[ 2.4069e-02]],

         [[-1.0226e-01]],

         [[-5.0506e-02]],

         [[ 3.3701e-02]],

         [[ 5.4710e-02]],

         [[-3.9564e-02]],

         [[ 1.2400e-01]],

         [[-7.2301e-02]],

         [[ 1.2681e-01]]],


        [[[ 6.0123e-02]],

         [[ 9.8391e-02]],

         [[-1.5141e-01]],

         [[ 4.0672e-01]],

         [[-2.5581e-01]],

         [[-1.9077e-01]],

         [[ 6.6698e-02]],

         [[ 2.9086e-01]],

         [[-9.7121e-02]],

         [[-5.1569e-02]],

         [[ 4.5147e-01]],

         [[ 7.2722e-02]],

         [[ 4.5449e-01]],

         [[-5.7727e-02]],

         [[-1.4646e-01]],

         [[ 6.6972e-02]],

         [[ 2.0535e-02]],

         [[ 4.3624e-02]],

         [[ 4.3713e-02]],

         [[-2.6664e-02]],

         [[ 2.2418e-01]],

         [[ 1.7180e-01]],

         [[ 1.2309e-01]],

         [[-4.2447e-02]],

         [[-5.1320e-02]],

         [[ 1.0048e-01]],

         [[-2.2843e-02]],

         [[-6.7415e-01]],

         [[ 1.9230e-01]],

         [[-4.4578e-02]],

         [[ 3.4414e-01]],

         [[-1.0743e-01]],

         [[ 2.1400e-01]],

         [[-1.1893e-01]],

         [[-3.2439e-01]],

         [[ 2.2980e-01]],

         [[-2.4460e-01]],

         [[-1.1856e-01]],

         [[-7.8740e-02]],

         [[ 2.5434e-01]],

         [[ 2.8317e-02]],

         [[-9.5431e-02]],

         [[-1.0327e-01]],

         [[ 4.5622e-02]],

         [[ 1.4859e-01]],

         [[-2.2108e-01]],

         [[ 1.6821e-01]],

         [[ 1.3593e-01]],

         [[-7.0744e-02]],

         [[-1.0855e-01]],

         [[ 1.1653e-01]],

         [[-6.3521e-02]],

         [[-1.0293e-01]],

         [[ 1.0472e-01]],

         [[ 1.1035e-01]],

         [[-7.7216e-03]],

         [[-9.2607e-02]],

         [[ 9.2299e-02]],

         [[ 9.1962e-03]],

         [[ 4.2442e-02]],

         [[-7.0190e-02]],

         [[ 5.0864e-02]],

         [[-1.7348e-02]],

         [[ 5.5410e-03]],

         [[ 7.2464e-02]],

         [[ 2.3105e-02]],

         [[-4.5859e-03]],

         [[ 8.9362e-02]],

         [[-5.2688e-03]],

         [[-4.7233e-02]],

         [[-1.1253e-02]],

         [[ 2.5103e-02]],

         [[ 2.3914e-01]],

         [[ 3.0006e-01]],

         [[ 1.0947e-01]],

         [[ 3.0100e-02]],

         [[ 1.2088e-01]],

         [[ 6.6550e-02]],

         [[ 2.4033e-02]],

         [[ 2.3127e-01]],

         [[-6.6047e-02]],

         [[ 1.1490e-01]],

         [[ 3.9497e-02]],

         [[-1.1074e-02]],

         [[-1.6593e-01]],

         [[-8.9722e-02]],

         [[ 1.1921e-01]],

         [[ 5.7100e-02]],

         [[ 1.0020e-01]],

         [[ 1.8332e-01]],

         [[ 3.0358e-01]],

         [[-6.0830e-02]],

         [[ 5.1717e-02]],

         [[-4.0439e-02]],

         [[ 1.0854e-01]],

         [[-1.4430e-01]],

         [[ 2.4777e-02]],

         [[ 9.2461e-02]],

         [[ 1.4044e-01]],

         [[ 1.0893e-01]],

         [[ 1.5862e-01]],

         [[-6.1406e-02]],

         [[ 1.6518e-01]],

         [[ 4.7541e-02]],

         [[ 1.7180e-02]],

         [[ 2.0725e-01]],

         [[-1.4803e-01]],

         [[ 1.5406e-02]],

         [[-9.5780e-02]],

         [[ 1.7288e-01]],

         [[-1.7787e-01]],

         [[-3.9635e-02]],

         [[-7.8438e-02]],

         [[-7.8207e-02]],

         [[ 7.1625e-02]],

         [[-8.0562e-03]],

         [[-9.8997e-02]],

         [[-1.0130e-01]],

         [[-7.5678e-02]],

         [[-3.3968e-01]],

         [[-7.5916e-02]],

         [[-4.4073e-02]],

         [[ 1.8811e-01]],

         [[ 2.5411e-02]],

         [[-1.7835e-01]],

         [[-2.0165e-01]],

         [[-3.3214e-01]],

         [[-5.9668e-03]],

         [[-2.0818e-03]],

         [[-6.1814e-01]],

         [[ 6.5475e-02]],

         [[ 9.8939e-02]],

         [[-1.1563e-01]],

         [[-5.3800e-02]],

         [[-1.0055e-01]],

         [[ 3.3038e-02]],

         [[-1.2524e-01]],

         [[ 2.1402e-01]],

         [[ 4.5149e-02]],

         [[ 1.6927e-01]],

         [[-2.7227e-02]],

         [[ 2.1668e-01]],

         [[-9.8788e-02]],

         [[-6.1489e-02]]],


        [[[ 2.8220e-02]],

         [[-6.2313e-01]],

         [[-6.9129e-02]],

         [[ 4.5919e-04]],

         [[ 2.7505e-01]],

         [[ 1.3040e-01]],

         [[-7.8462e-02]],

         [[ 7.1094e-02]],

         [[ 1.6373e-01]],

         [[ 1.5428e-01]],

         [[-1.9880e-01]],

         [[ 2.4031e-02]],

         [[-2.5812e-01]],

         [[ 9.5144e-01]],

         [[ 1.0810e-01]],

         [[-4.2043e-02]],

         [[ 1.9959e-01]],

         [[ 5.2147e-02]],

         [[-4.1795e-02]],

         [[-3.9657e-01]],

         [[ 8.7045e-02]],

         [[-1.2603e-01]],

         [[ 1.8598e-02]],

         [[-1.3412e-02]],

         [[ 1.8626e-03]],

         [[-2.0349e-02]],

         [[ 4.0229e-02]],

         [[ 3.3575e-04]],

         [[-7.7843e-02]],

         [[ 1.2758e-01]],

         [[ 5.2628e-02]],

         [[-2.7378e-01]],

         [[ 8.5729e-02]],

         [[ 7.1313e-01]],

         [[-3.2734e-02]],

         [[ 1.0120e-01]],

         [[-7.2243e-02]],

         [[ 1.3110e-01]],

         [[ 2.5397e-01]],

         [[ 2.2092e-01]],

         [[-1.8303e-01]],

         [[-2.5235e-02]],

         [[ 4.2724e-02]],

         [[-3.2711e-01]],

         [[ 1.1549e-01]],

         [[-3.9765e-01]],

         [[-1.1147e-01]],

         [[ 2.0175e-02]],

         [[ 2.5211e-02]],

         [[-1.7256e-02]],

         [[-8.1467e-02]],

         [[-1.3672e-01]],

         [[-8.1839e-02]],

         [[ 1.6910e-01]],

         [[-3.7862e-02]],

         [[-5.5732e-02]],

         [[-3.5206e-01]],

         [[-2.6303e-02]],

         [[ 8.3315e-02]],

         [[ 1.0528e-02]],

         [[ 8.3421e-03]],

         [[-2.0212e-02]],

         [[ 4.4556e-01]],

         [[-2.5515e-02]],

         [[ 1.3704e-01]],

         [[ 1.2715e-02]],

         [[ 2.4742e-01]],

         [[ 1.7568e-01]],

         [[-7.5824e-02]],

         [[-1.6214e-01]],

         [[ 4.9293e-02]],

         [[-4.7749e-02]],

         [[ 4.1227e-02]],

         [[-1.7984e-01]],

         [[-8.6021e-02]],

         [[ 1.8171e-02]],

         [[-6.8433e-01]],

         [[ 3.6801e-02]],

         [[-6.2921e-01]],

         [[ 8.0623e-01]],

         [[ 8.4837e-03]],

         [[ 2.8592e-01]],

         [[ 1.3267e-01]],

         [[ 1.5954e-01]],

         [[-6.6395e-02]],

         [[-1.1967e-01]],

         [[-2.7694e-02]],

         [[ 5.0073e-02]],

         [[-8.7511e-02]],

         [[ 5.0350e-02]],

         [[-1.0728e-01]],

         [[-1.4862e-01]],

         [[ 8.6904e-02]],

         [[-1.1240e-01]],

         [[ 1.2623e-01]],

         [[ 2.5377e-01]],

         [[ 8.5515e-02]],

         [[ 1.4684e-01]],

         [[ 6.3017e-02]],

         [[-2.9923e-01]],

         [[ 1.7742e-01]],

         [[ 1.4541e-01]],

         [[-1.0944e-01]],

         [[-1.0896e-01]],

         [[ 4.4322e-01]],

         [[-3.2130e-02]],

         [[-1.6014e-01]],

         [[ 2.5937e-01]],

         [[-2.9086e-01]],

         [[ 5.2632e-02]],

         [[ 3.5017e-01]],

         [[-1.9616e-01]],

         [[-3.0274e-01]],

         [[-1.9667e-01]],

         [[ 6.4422e-02]],

         [[ 4.7334e-02]],

         [[ 1.8412e-01]],

         [[ 4.1420e-02]],

         [[ 3.0254e-02]],

         [[ 5.8265e-02]],

         [[-2.2011e-01]],

         [[ 1.0543e-02]],

         [[ 9.7658e-02]],

         [[-1.2556e-02]],

         [[-3.8449e-01]],

         [[-4.5483e-01]],

         [[-8.7079e-02]],

         [[ 3.3311e-03]],

         [[-4.7176e-01]],

         [[ 4.1013e-01]],

         [[ 1.1914e-01]],

         [[ 9.7905e-02]],

         [[-8.8217e-02]],

         [[ 1.1901e-01]],

         [[-1.3760e-01]],

         [[ 2.8204e-02]],

         [[ 1.6979e-01]],

         [[ 4.0240e-01]],

         [[ 1.4156e-02]],

         [[ 2.7901e-02]],

         [[ 4.9797e-02]],

         [[ 4.1196e-02]],

         [[-2.4839e-02]],

         [[-4.0974e-01]]],


        [[[-1.3271e-01]],

         [[ 9.6512e-01]],

         [[ 4.8435e-02]],

         [[ 1.4457e-01]],

         [[-4.1471e-01]],

         [[-3.6087e-01]],

         [[ 1.4324e-01]],

         [[ 7.9288e-02]],

         [[-2.4192e-01]],

         [[-2.1566e-01]],

         [[ 1.6684e-02]],

         [[-1.4922e-01]],

         [[-1.1624e-01]],

         [[ 2.7043e-01]],

         [[-1.9577e-01]],

         [[ 7.3596e-02]],

         [[-1.0753e-01]],

         [[-1.5013e-01]],

         [[ 3.8143e-01]],

         [[ 2.2743e-01]],

         [[-4.1667e-02]],

         [[-1.8361e-01]],

         [[ 1.0277e-01]],

         [[ 2.0505e-01]],

         [[ 8.4066e-02]],

         [[-5.1292e-02]],

         [[-1.3594e-01]],

         [[ 3.2461e-01]],

         [[ 2.5516e-01]],

         [[ 5.7659e-02]],

         [[ 1.4105e-01]],

         [[ 9.7496e-02]],

         [[-1.9566e-02]],

         [[ 4.9538e-03]],

         [[-1.5716e-01]],

         [[-1.6298e-01]],

         [[-7.7482e-02]],

         [[-2.6597e-01]],

         [[-2.3974e-01]],

         [[-4.5993e-01]],

         [[-1.4467e-01]],

         [[-1.5139e-01]],

         [[-1.5223e-01]],

         [[-5.6148e-03]],

         [[-2.9146e-01]],

         [[-3.4364e-01]],

         [[ 2.7086e-01]],

         [[ 2.0441e-03]],

         [[-1.0154e-01]],

         [[-4.3610e-01]],

         [[ 1.8886e-01]],

         [[-9.0877e-02]],

         [[ 2.0199e-01]],

         [[ 2.1464e-01]],

         [[ 4.0164e-02]],

         [[-7.2058e-02]],

         [[-3.1465e-01]],

         [[-3.0719e-02]],

         [[ 4.3101e-02]],

         [[ 9.2549e-03]],

         [[ 1.0696e-01]],

         [[-1.7474e-03]],

         [[ 1.8495e-01]],

         [[-9.3531e-02]],

         [[ 3.7968e-01]],

         [[-1.1612e-01]],

         [[ 2.7874e-01]],

         [[-1.2177e-01]],

         [[ 7.5977e-02]],

         [[-3.7811e-01]],

         [[-8.6255e-02]],

         [[-2.1445e-01]],

         [[-1.2545e-01]],

         [[ 2.6296e-01]],

         [[-1.6305e-02]],

         [[-5.7615e-02]],

         [[ 1.7990e-01]],

         [[-8.5722e-02]],

         [[ 6.0992e-01]],

         [[-2.8077e-01]],

         [[ 6.2030e-02]],

         [[ 1.6996e-01]],

         [[-1.3329e-01]],

         [[-1.6195e-01]],

         [[-5.4253e-01]],

         [[ 4.5594e-02]],

         [[-8.9662e-02]],

         [[ 4.8281e-02]],

         [[ 1.4422e-01]],

         [[-9.0219e-02]],

         [[ 8.7839e-02]],

         [[ 4.5623e-01]],

         [[ 9.2350e-02]],

         [[ 1.2510e-01]],

         [[-1.5067e-01]],

         [[-2.8063e-02]],

         [[-2.7608e-02]],

         [[-7.5864e-02]],

         [[ 1.5302e-02]],

         [[ 1.9481e-01]],

         [[ 1.6436e-02]],

         [[ 9.2880e-02]],

         [[ 2.0069e-01]],

         [[-5.6693e-02]],

         [[ 1.2915e-01]],

         [[ 2.4095e-01]],

         [[ 8.7091e-02]],

         [[-5.5242e-02]],

         [[ 6.3492e-02]],

         [[ 1.8138e-01]],

         [[-1.1968e-01]],

         [[-1.6120e-01]],

         [[-9.8182e-01]],

         [[-7.6294e-02]],

         [[-7.1578e-02]],

         [[-1.0111e-01]],

         [[ 1.2392e-01]],

         [[ 8.4857e-02]],

         [[-2.9835e-02]],

         [[ 1.4135e-01]],

         [[-3.0638e-02]],

         [[ 1.7305e-01]],

         [[ 1.9219e-02]],

         [[-9.9234e-02]],

         [[-1.1136e-01]],

         [[-3.2280e-01]],

         [[-5.6645e-02]],

         [[-2.6223e-01]],

         [[ 5.8293e-01]],

         [[-8.7244e-03]],

         [[ 4.3722e-02]],

         [[-9.4077e-02]],

         [[ 7.3329e-02]],

         [[-7.0462e-02]],

         [[ 1.2535e-01]],

         [[-5.8334e-02]],

         [[ 9.1062e-02]],

         [[ 7.6765e-02]],

         [[ 6.9695e-02]],

         [[ 4.2423e-02]],

         [[-7.2486e-02]],

         [[ 2.6472e-03]],

         [[ 7.1806e-02]],

         [[-3.4195e-01]]]]), 'model.features.2.1.block.2.fc1.bias': tensor([-0.4130, -0.7551,  2.3372,  1.4975,  2.5929,  1.2553]), 'model.features.2.1.block.2.fc2.weight': tensor([[[[ 4.7535e-03]],

         [[ 3.6947e-02]],

         [[-2.0709e-02]],

         [[-1.0224e-01]],

         [[-6.7552e-02]],

         [[ 1.8059e-01]]],


        [[[ 1.4035e-02]],

         [[-1.2476e-01]],

         [[-7.0638e-02]],

         [[-1.0960e-01]],

         [[ 2.4329e-02]],

         [[-5.7156e-02]]],


        [[[ 1.4142e-01]],

         [[-1.3071e-01]],

         [[ 1.2208e-01]],

         [[-7.0636e-02]],

         [[ 1.1431e-01]],

         [[ 2.9417e-03]]],


        [[[-5.4043e-03]],

         [[-2.4453e-02]],

         [[-1.0380e-01]],

         [[ 2.6204e-01]],

         [[ 1.7900e-02]],

         [[-2.1524e-01]]],


        [[[-4.1153e-02]],

         [[-1.4686e-02]],

         [[ 1.2499e-01]],

         [[-1.3999e-01]],

         [[-5.9500e-01]],

         [[-8.8248e-02]]],


        [[[-2.5756e-02]],

         [[-2.8083e-03]],

         [[ 1.9323e-01]],

         [[-5.1479e-02]],

         [[-8.6134e-02]],

         [[-3.1874e-01]]],


        [[[ 2.4188e-02]],

         [[ 1.2112e-01]],

         [[-9.1901e-02]],

         [[-2.7880e-01]],

         [[ 3.1641e-02]],

         [[-2.8695e-01]]],


        [[[-7.2767e-02]],

         [[ 7.9170e-02]],

         [[-1.1880e-01]],

         [[-2.1808e-01]],

         [[-8.1943e-02]],

         [[-2.4996e-01]]],


        [[[ 2.0794e-02]],

         [[ 5.3866e-02]],

         [[ 7.7820e-02]],

         [[-1.2528e-01]],

         [[-1.4161e-01]],

         [[ 2.1109e-01]]],


        [[[-2.7510e-02]],

         [[ 3.2432e-02]],

         [[-1.4588e-01]],

         [[ 7.5060e-03]],

         [[ 9.8616e-03]],

         [[ 3.1182e-01]]],


        [[[-2.0114e-02]],

         [[ 4.3001e-02]],

         [[ 5.1853e-02]],

         [[ 5.7495e-03]],

         [[ 2.0048e-01]],

         [[-1.7882e-01]]],


        [[[-1.4065e-02]],

         [[-2.3669e-02]],

         [[-6.2967e-02]],

         [[ 3.6792e-02]],

         [[-1.2953e-02]],

         [[-3.9010e-01]]],


        [[[ 3.0437e-01]],

         [[-5.9401e-01]],

         [[-2.0434e-01]],

         [[-2.4508e-01]],

         [[-9.9966e-02]],

         [[ 1.7091e-01]]],


        [[[-4.3262e-01]],

         [[ 2.0521e-01]],

         [[ 3.5160e-01]],

         [[-8.6785e-02]],

         [[-4.0155e-01]],

         [[-3.3969e-01]]],


        [[[ 6.9992e-03]],

         [[ 1.8712e-02]],

         [[ 3.4386e-01]],

         [[-2.2815e-01]],

         [[ 1.1584e-01]],

         [[-6.1010e-01]]],


        [[[-5.8612e-02]],

         [[ 3.2697e-03]],

         [[-1.9050e-02]],

         [[ 7.2507e-03]],

         [[-5.5202e-03]],

         [[-1.9669e-01]]],


        [[[ 1.2274e-01]],

         [[-3.5869e-02]],

         [[-6.4837e-02]],

         [[-1.6479e-01]],

         [[-1.2117e-01]],

         [[ 1.8154e-01]]],


        [[[ 9.0556e-03]],

         [[-3.7054e-02]],

         [[ 1.0697e-01]],

         [[-1.6620e-01]],

         [[ 1.5277e-01]],

         [[ 1.5360e-02]]],


        [[[-3.8105e-03]],

         [[-3.8354e-03]],

         [[-8.3439e-02]],

         [[-1.0987e-01]],

         [[-6.7712e-02]],

         [[ 3.5773e-01]]],


        [[[ 8.0357e-02]],

         [[-4.1565e-02]],

         [[-2.9233e-02]],

         [[ 2.3473e-01]],

         [[-6.8866e-02]],

         [[-1.1353e-01]]],


        [[[-7.6829e-02]],

         [[-1.3138e-01]],

         [[ 1.7696e-01]],

         [[ 2.4203e-01]],

         [[ 2.6841e-01]],

         [[-2.6737e-01]]],


        [[[ 4.9240e-01]],

         [[-4.4267e-01]],

         [[ 1.0885e-01]],

         [[-1.6768e-01]],

         [[ 4.2002e-02]],

         [[ 1.4116e-01]]],


        [[[-1.3658e-02]],

         [[ 1.5306e-02]],

         [[ 1.7428e-01]],

         [[ 6.7313e-03]],

         [[ 1.0944e-01]],

         [[-3.8324e-02]]],


        [[[-4.8458e-02]],

         [[ 1.8138e-01]],

         [[ 1.8336e-01]],

         [[-2.1070e-02]],

         [[ 1.3347e-01]],

         [[-1.6651e-01]]],


        [[[-8.8705e-02]],

         [[ 1.1800e-01]],

         [[ 2.8719e-02]],

         [[-6.4217e-02]],

         [[ 2.6410e-01]],

         [[-2.9532e-01]]],


        [[[-7.1515e-01]],

         [[ 9.1463e-02]],

         [[ 5.8438e-02]],

         [[-3.4772e-01]],

         [[ 1.1082e-01]],

         [[ 1.3536e-01]]],


        [[[ 1.4907e-02]],

         [[-9.7526e-03]],

         [[ 4.4363e-02]],

         [[-2.2346e-01]],

         [[ 2.8094e-02]],

         [[ 1.2692e-01]]],


        [[[-2.5797e-03]],

         [[-8.9138e-02]],

         [[ 2.0430e-01]],

         [[-1.3955e-01]],

         [[-2.0730e-01]],

         [[ 6.9805e-01]]],


        [[[ 3.9794e-01]],

         [[-3.0564e-01]],

         [[ 7.4128e-02]],

         [[-6.0182e-02]],

         [[ 5.3062e-02]],

         [[ 2.5418e-02]]],


        [[[ 2.4691e-03]],

         [[-2.2680e-02]],

         [[ 1.6287e-01]],

         [[-1.8100e-01]],

         [[-6.2737e-02]],

         [[ 8.8010e-02]]],


        [[[ 6.2478e-02]],

         [[-6.8272e-02]],

         [[ 1.5333e-01]],

         [[-5.3139e-02]],

         [[ 2.9444e-01]],

         [[-3.5893e-01]]],


        [[[ 1.6489e-01]],

         [[-8.5350e-02]],

         [[ 2.2749e-01]],

         [[-1.0554e-01]],

         [[ 1.6608e-01]],

         [[-1.1830e-01]]],


        [[[-3.9298e-01]],

         [[ 2.5771e-01]],

         [[-1.1679e-01]],

         [[-1.9335e-01]],

         [[-4.0739e-02]],

         [[-1.0662e-02]]],


        [[[ 2.4862e-01]],

         [[-1.5158e-01]],

         [[ 1.6391e-01]],

         [[-1.8736e-01]],

         [[-1.0803e-01]],

         [[-7.1574e-02]]],


        [[[-3.3361e-03]],

         [[-4.8969e-02]],

         [[-7.2725e-02]],

         [[-3.2782e-01]],

         [[-1.3246e-01]],

         [[ 6.0493e-02]]],


        [[[-1.6351e-01]],

         [[ 9.4219e-02]],

         [[ 3.6623e-02]],

         [[ 1.1900e-01]],

         [[ 1.3106e-01]],

         [[-1.3789e-01]]],


        [[[ 2.3180e-02]],

         [[ 1.0683e-02]],

         [[-7.4274e-02]],

         [[-3.0880e-01]],

         [[-2.4769e-02]],

         [[-3.2486e-02]]],


        [[[-4.7686e-02]],

         [[ 4.8082e-02]],

         [[-2.7663e-02]],

         [[-9.6559e-03]],

         [[-3.0824e-01]],

         [[ 3.0941e-01]]],


        [[[ 6.5038e-02]],

         [[ 5.0355e-02]],

         [[ 3.4940e-01]],

         [[ 5.2811e-03]],

         [[ 7.5214e-02]],

         [[-3.4161e-01]]],


        [[[ 1.3053e-01]],

         [[-5.0495e-02]],

         [[ 9.4179e-02]],

         [[-1.6755e-01]],

         [[ 3.1213e-02]],

         [[ 1.9052e-01]]],


        [[[ 2.4790e-01]],

         [[-2.2159e-01]],

         [[-7.3247e-02]],

         [[-1.0434e-01]],

         [[ 2.8114e-01]],

         [[ 9.3446e-04]]],


        [[[ 1.9935e-02]],

         [[ 4.0613e-02]],

         [[-7.8845e-02]],

         [[ 1.1814e-01]],

         [[-1.9861e-01]],

         [[-3.7230e-02]]],


        [[[ 5.8493e-02]],

         [[ 6.5686e-02]],

         [[-2.2282e-01]],

         [[-1.9252e-01]],

         [[-1.4554e-01]],

         [[ 1.9182e-01]]],


        [[[-5.0031e-02]],

         [[-8.6170e-02]],

         [[ 2.2582e-01]],

         [[-9.1678e-03]],

         [[ 1.8486e-01]],

         [[-6.1496e-04]]],


        [[[-5.3273e-02]],

         [[ 2.6304e-02]],

         [[ 7.3547e-02]],

         [[-1.5672e-01]],

         [[-8.8723e-02]],

         [[ 4.7829e-01]]],


        [[[-1.7654e-01]],

         [[ 2.0373e-01]],

         [[ 1.6183e-01]],

         [[-1.9430e-01]],

         [[-3.4094e-01]],

         [[-1.7450e-01]]],


        [[[ 1.1075e-01]],

         [[-9.6643e-02]],

         [[ 1.8215e-01]],

         [[-4.2837e-02]],

         [[ 4.8578e-01]],

         [[-6.9299e-01]]],


        [[[-1.1804e-01]],

         [[ 1.3631e-01]],

         [[-2.4395e-01]],

         [[-1.8887e-01]],

         [[-6.4418e-02]],

         [[-8.6402e-02]]],


        [[[ 6.0941e-02]],

         [[-2.5490e-02]],

         [[ 3.3495e-02]],

         [[ 3.4970e-02]],

         [[ 1.5466e-01]],

         [[-2.2616e-01]]],


        [[[ 2.0531e-01]],

         [[-1.2061e-01]],

         [[-5.7069e-02]],

         [[-5.6351e-02]],

         [[ 1.2808e-01]],

         [[ 8.0757e-02]]],


        [[[-1.8276e-02]],

         [[-2.3715e-02]],

         [[ 2.4698e-01]],

         [[ 7.6670e-02]],

         [[ 1.8121e-01]],

         [[-2.3962e-01]]],


        [[[-8.1104e-02]],

         [[-2.8567e-02]],

         [[ 9.0913e-02]],

         [[-9.2734e-02]],

         [[-2.0827e-01]],

         [[ 7.2072e-02]]],


        [[[-1.5860e-02]],

         [[ 9.2412e-02]],

         [[ 1.9995e-01]],

         [[-6.0563e-02]],

         [[ 1.6252e-01]],

         [[-3.0630e-01]]],


        [[[-5.4150e-02]],

         [[ 9.2104e-02]],

         [[-1.0340e-01]],

         [[ 3.7551e-01]],

         [[ 2.1496e-01]],

         [[-3.4382e-01]]],


        [[[ 1.4311e-02]],

         [[-1.4460e-02]],

         [[-7.7186e-02]],

         [[-1.3409e-01]],

         [[ 1.1781e-01]],

         [[-2.7763e-01]]],


        [[[ 2.9502e-01]],

         [[-8.4877e-02]],

         [[-4.3673e-02]],

         [[-1.6772e-02]],

         [[ 4.9358e-01]],

         [[-1.6575e-01]]],


        [[[ 2.1522e-02]],

         [[-3.0771e-02]],

         [[ 2.2440e-01]],

         [[ 6.8454e-02]],

         [[-4.8472e-01]],

         [[-1.1911e-01]]],


        [[[-5.9465e-02]],

         [[-1.5317e-02]],

         [[ 1.2059e-01]],

         [[-8.2388e-02]],

         [[ 2.2371e-02]],

         [[ 1.7081e-01]]],


        [[[-1.2602e-01]],

         [[ 3.3740e-02]],

         [[ 2.6537e-01]],

         [[-7.5572e-02]],

         [[-3.6180e-01]],

         [[-1.1683e-01]]],


        [[[-1.6743e-02]],

         [[ 5.7521e-03]],

         [[ 8.6921e-02]],

         [[-1.5394e-01]],

         [[ 6.7233e-02]],

         [[ 3.6657e-02]]],


        [[[-5.3250e-02]],

         [[-3.3236e-02]],

         [[ 7.6184e-02]],

         [[-3.3946e-03]],

         [[-1.4820e-01]],

         [[-2.6296e-02]]],


        [[[ 8.0334e-02]],

         [[ 7.0060e-02]],

         [[-3.1512e-01]],

         [[-1.5835e-01]],

         [[ 2.1775e-01]],

         [[ 4.2757e-01]]],


        [[[-2.9033e-01]],

         [[ 2.7644e-01]],

         [[-4.5569e-02]],

         [[-5.7500e-02]],

         [[ 2.8128e-01]],

         [[ 1.2428e-01]]],


        [[[-3.3249e-02]],

         [[ 4.7305e-02]],

         [[-1.0467e-01]],

         [[-1.9105e-02]],

         [[ 3.4911e-01]],

         [[-2.5504e-01]]],


        [[[ 1.4983e-01]],

         [[-7.1018e-02]],

         [[ 1.0118e-01]],

         [[-7.7403e-02]],

         [[ 4.1299e-02]],

         [[ 2.8983e-01]]],


        [[[ 1.1059e-02]],

         [[-1.4084e-02]],

         [[ 2.5600e-01]],

         [[-9.5752e-02]],

         [[ 3.4873e-01]],

         [[-2.4354e-01]]],


        [[[-9.9620e-02]],

         [[ 3.8050e-02]],

         [[ 9.4037e-03]],

         [[ 6.3603e-02]],

         [[ 1.1876e-01]],

         [[ 1.8785e-01]]],


        [[[ 8.7571e-02]],

         [[-4.7888e-02]],

         [[-2.7928e-02]],

         [[-3.4544e-02]],

         [[-1.5426e-01]],

         [[ 2.1028e-01]]],


        [[[ 7.6858e-02]],

         [[-5.3435e-02]],

         [[-2.4144e-01]],

         [[-4.9822e-01]],

         [[-5.8340e-02]],

         [[-1.3368e-02]]],


        [[[ 8.9435e-02]],

         [[-4.5339e-02]],

         [[ 1.6594e-01]],

         [[-2.7092e-02]],

         [[ 3.3967e-01]],

         [[-2.2858e-01]]],


        [[[-7.8777e-03]],

         [[ 1.2070e-02]],

         [[ 1.5866e-02]],

         [[ 9.1729e-02]],

         [[-1.8780e-01]],

         [[-1.9414e-01]]],


        [[[-1.2459e-01]],

         [[-3.9711e-02]],

         [[ 2.2579e-01]],

         [[-6.8724e-03]],

         [[ 1.2769e-01]],

         [[-2.1368e-03]]],


        [[[ 3.1476e-02]],

         [[ 2.5586e-02]],

         [[ 1.6536e-01]],

         [[-1.4528e-01]],

         [[ 1.8783e-01]],

         [[-3.9351e-01]]],


        [[[-3.5846e-02]],

         [[ 1.8667e-01]],

         [[ 2.1150e-01]],

         [[ 4.1769e-02]],

         [[-1.3195e-01]],

         [[ 2.9302e-01]]],


        [[[-2.7999e-03]],

         [[ 9.8064e-03]],

         [[-4.4705e-02]],

         [[-1.4186e-01]],

         [[ 1.0792e-01]],

         [[-2.1449e-01]]],


        [[[-3.0779e-01]],

         [[-4.0515e-02]],

         [[-1.2213e-01]],

         [[-2.3567e-01]],

         [[ 4.7029e-02]],

         [[-3.0657e-03]]],


        [[[-8.6638e-02]],

         [[ 5.6239e-02]],

         [[-5.4674e-01]],

         [[ 3.0402e-01]],

         [[ 7.0371e-01]],

         [[-1.0444e-02]]],


        [[[-2.6545e-02]],

         [[-2.2521e-02]],

         [[-1.5613e-01]],

         [[ 2.6570e-02]],

         [[-5.5921e-02]],

         [[-8.3757e-03]]],


        [[[-9.7022e-02]],

         [[ 1.6867e-03]],

         [[ 3.6757e-01]],

         [[-4.9860e-02]],

         [[-5.3526e-01]],

         [[ 2.9064e-01]]],


        [[[ 6.3686e-02]],

         [[-1.8744e-03]],

         [[-1.1582e-01]],

         [[-2.1257e-01]],

         [[-4.3912e-02]],

         [[ 1.6432e-02]]],


        [[[-5.5960e-02]],

         [[ 1.0621e-01]],

         [[ 1.3646e-01]],

         [[-4.4321e-02]],

         [[-9.5826e-03]],

         [[ 2.0326e-01]]],


        [[[-4.7397e-03]],

         [[ 4.9952e-02]],

         [[-9.5681e-02]],

         [[-9.8465e-02]],

         [[-1.1165e-01]],

         [[ 4.7901e-02]]],


        [[[ 3.2012e-02]],

         [[ 4.6904e-02]],

         [[ 1.3359e-01]],

         [[-1.9215e-01]],

         [[-1.1460e-01]],

         [[ 1.1901e-01]]],


        [[[-9.2547e-02]],

         [[ 3.9213e-02]],

         [[-8.2328e-02]],

         [[-1.3864e-01]],

         [[-1.0716e-01]],

         [[ 1.5375e-01]]],


        [[[ 3.0406e-02]],

         [[ 1.0024e-02]],

         [[-2.5532e-01]],

         [[-1.6300e-01]],

         [[ 3.2535e-01]],

         [[ 2.0195e-01]]],


        [[[ 6.0160e-02]],

         [[-2.6732e-02]],

         [[-1.8464e-02]],

         [[-1.8664e-01]],

         [[-4.9379e-02]],

         [[ 5.1190e-02]]],


        [[[ 3.8578e-02]],

         [[ 5.3165e-02]],

         [[ 1.0915e-01]],

         [[-2.8832e-01]],

         [[ 5.4783e-02]],

         [[-1.4906e-01]]],


        [[[-3.7336e-03]],

         [[-5.0047e-03]],

         [[ 1.4881e-01]],

         [[ 9.4217e-02]],

         [[ 2.4537e-01]],

         [[-2.8173e-01]]],


        [[[-1.6470e-03]],

         [[ 1.9422e-02]],

         [[ 9.9229e-02]],

         [[-2.2126e-01]],

         [[ 1.1238e-01]],

         [[-8.4303e-02]]],


        [[[-4.6764e-02]],

         [[ 1.0224e-01]],

         [[-2.6296e-01]],

         [[-4.1935e-01]],

         [[-4.1689e-02]],

         [[-8.0320e-02]]],


        [[[-4.6778e-03]],

         [[ 7.2176e-02]],

         [[ 2.6296e-01]],

         [[ 1.4431e-01]],

         [[ 6.6699e-02]],

         [[-4.6143e-02]]],


        [[[ 1.9139e-02]],

         [[-2.0241e-02]],

         [[ 5.7923e-02]],

         [[-8.0473e-03]],

         [[ 1.0420e-01]],

         [[-1.5214e-01]]],


        [[[ 6.0486e-02]],

         [[-1.3646e-03]],

         [[ 4.2274e-04]],

         [[-2.0924e-01]],

         [[ 1.1517e-02]],

         [[ 1.0524e-01]]],


        [[[-2.0346e-02]],

         [[ 7.4989e-02]],

         [[ 2.5252e-01]],

         [[ 9.3406e-02]],

         [[ 1.4947e-01]],

         [[-1.1414e-01]]],


        [[[ 3.5224e-02]],

         [[ 3.0585e-02]],

         [[ 9.8179e-02]],

         [[ 2.3281e-02]],

         [[-8.1666e-03]],

         [[ 7.3093e-02]]],


        [[[-1.7115e-02]],

         [[-4.9117e-02]],

         [[ 3.4803e-03]],

         [[ 8.5297e-02]],

         [[ 8.1315e-03]],

         [[-3.5176e-01]]],


        [[[-1.9712e-03]],

         [[-1.9160e-02]],

         [[ 7.5603e-02]],

         [[-1.0441e-01]],

         [[-6.6991e-02]],

         [[ 2.5949e-01]]],


        [[[-6.2906e-02]],

         [[-8.6788e-03]],

         [[ 7.9389e-02]],

         [[ 5.9066e-02]],

         [[-3.4481e-02]],

         [[ 1.4478e-01]]],


        [[[-3.6513e-02]],

         [[ 4.0238e-02]],

         [[ 2.8369e-01]],

         [[ 1.0771e-01]],

         [[ 4.4463e-02]],

         [[-1.1802e-01]]],


        [[[ 2.1637e-02]],

         [[ 1.9102e-02]],

         [[ 1.8074e-01]],

         [[-1.8077e-01]],

         [[ 3.0161e-01]],

         [[-2.4202e-01]]],


        [[[ 2.7753e-01]],

         [[-1.9076e-01]],

         [[ 2.1165e-01]],

         [[-6.9867e-02]],

         [[-8.6438e-03]],

         [[-2.0623e-01]]],


        [[[-1.6735e-02]],

         [[ 4.3070e-03]],

         [[-6.6998e-02]],

         [[-8.8620e-02]],

         [[-3.8930e-02]],

         [[-3.5570e-02]]],


        [[[-5.6412e-02]],

         [[ 1.1955e-02]],

         [[ 5.6376e-02]],

         [[-4.8826e-01]],

         [[ 2.1246e-01]],

         [[-3.5854e-01]]],


        [[[-7.3314e-02]],

         [[ 1.2958e-02]],

         [[ 7.1343e-02]],

         [[ 1.9605e-01]],

         [[-1.1597e-01]],

         [[ 1.0472e-01]]],


        [[[-2.7675e-01]],

         [[ 2.3521e-01]],

         [[-9.6095e-02]],

         [[-6.5611e-02]],

         [[ 2.5119e-01]],

         [[ 7.2646e-02]]],


        [[[ 8.6686e-02]],

         [[-4.4337e-02]],

         [[-8.9309e-02]],

         [[ 8.6344e-03]],

         [[ 2.4124e-01]],

         [[-4.4131e-01]]],


        [[[ 4.9420e-02]],

         [[-5.3405e-02]],

         [[ 8.4598e-02]],

         [[ 9.7424e-02]],

         [[ 2.3604e-01]],

         [[-4.6004e-01]]],


        [[[ 3.4967e-01]],

         [[-1.4384e-01]],

         [[ 1.8476e-01]],

         [[-1.4368e-01]],

         [[-1.0495e-01]],

         [[-3.4040e-01]]],


        [[[-3.3846e-02]],

         [[ 6.0380e-02]],

         [[ 8.2358e-03]],

         [[-3.3377e-02]],

         [[ 3.2313e-02]],

         [[ 9.1692e-02]]],


        [[[ 4.2581e-02]],

         [[-4.5442e-02]],

         [[ 7.4446e-02]],

         [[ 7.0194e-02]],

         [[ 4.0142e-01]],

         [[-5.2788e-01]]],


        [[[-6.1166e-03]],

         [[ 2.5559e-02]],

         [[ 8.3471e-02]],

         [[-1.5383e-01]],

         [[ 3.9754e-01]],

         [[-2.3160e-01]]],


        [[[-6.3585e-02]],

         [[ 3.8448e-02]],

         [[ 1.2305e-01]],

         [[ 2.5964e-01]],

         [[-2.1186e-01]],

         [[-2.0416e-01]]],


        [[[ 9.7152e-02]],

         [[-1.0192e-02]],

         [[-1.0405e-01]],

         [[-1.5786e-01]],

         [[-1.2993e-01]],

         [[-6.3178e-02]]],


        [[[ 4.3011e-01]],

         [[-1.8321e-01]],

         [[-1.5006e-01]],

         [[-2.9619e-02]],

         [[ 4.6221e-01]],

         [[-1.7652e-01]]],


        [[[ 2.5617e-02]],

         [[ 3.5899e-02]],

         [[ 1.0855e-01]],

         [[ 1.7400e-01]],

         [[ 9.5062e-02]],

         [[ 4.8843e-03]]],


        [[[-8.3764e-02]],

         [[ 5.7924e-02]],

         [[ 1.2088e-01]],

         [[-1.1826e-01]],

         [[-7.6186e-02]],

         [[-1.5643e-01]]],


        [[[-8.9586e-02]],

         [[ 5.0895e-02]],

         [[ 1.2061e-01]],

         [[-1.3405e-02]],

         [[-1.2394e-02]],

         [[-7.7309e-02]]],


        [[[-9.6217e-02]],

         [[ 4.2344e-02]],

         [[-1.4409e-02]],

         [[-1.4488e-01]],

         [[ 2.5053e-01]],

         [[-2.8276e-01]]],


        [[[ 2.9484e-01]],

         [[-7.7137e-02]],

         [[ 3.5305e-01]],

         [[-6.9827e-02]],

         [[-5.7583e-02]],

         [[-3.0398e-01]]],


        [[[-3.1668e-02]],

         [[ 5.8261e-02]],

         [[-2.6560e-01]],

         [[-6.8832e-01]],

         [[-2.1008e-03]],

         [[ 5.0036e-02]]],


        [[[-4.4290e-02]],

         [[ 6.0395e-02]],

         [[-1.3236e-01]],

         [[-7.7185e-02]],

         [[ 2.3237e-02]],

         [[-2.0940e-01]]],


        [[[-7.7198e-04]],

         [[-3.6040e-02]],

         [[-1.2067e-01]],

         [[ 4.1753e-01]],

         [[ 2.8450e-01]],

         [[-1.3291e-01]]],


        [[[ 3.8342e-02]],

         [[ 4.7216e-02]],

         [[-6.8744e-02]],

         [[-1.9865e-01]],

         [[ 6.3206e-02]],

         [[-3.4495e-01]]],


        [[[ 2.4976e-02]],

         [[-5.1456e-02]],

         [[-1.1561e-01]],

         [[ 4.0969e-01]],

         [[-6.1609e-02]],

         [[-2.0327e-01]]],


        [[[ 2.4010e-01]],

         [[-1.3209e-01]],

         [[ 3.5314e-01]],

         [[-9.2634e-02]],

         [[-4.0581e-02]],

         [[-3.3950e-01]]],


        [[[-7.2782e-01]],

         [[ 2.7840e-01]],

         [[-1.6902e-01]],

         [[ 4.0758e-02]],

         [[ 4.4065e-01]],

         [[ 2.8945e-01]]],


        [[[ 7.1572e-03]],

         [[ 5.9898e-02]],

         [[ 7.6632e-02]],

         [[-1.8796e-01]],

         [[-5.3876e-02]],

         [[-2.8765e-02]]],


        [[[-5.1301e-02]],

         [[-2.4024e-02]],

         [[ 1.1721e-01]],

         [[ 3.2155e-02]],

         [[-3.4412e-02]],

         [[ 4.9005e-02]]],


        [[[-8.9325e-02]],

         [[ 8.1620e-02]],

         [[-8.7020e-02]],

         [[-5.6703e-02]],

         [[ 5.6377e-02]],

         [[ 4.4243e-01]]],


        [[[ 3.4543e-03]],

         [[ 8.2898e-02]],

         [[ 2.2592e-01]],

         [[ 1.8114e-01]],

         [[-1.3155e-01]],

         [[-2.9012e-01]]],


        [[[-8.2644e-02]],

         [[ 6.9529e-03]],

         [[ 1.9643e-02]],

         [[-1.9500e-01]],

         [[-6.5284e-02]],

         [[-1.9459e-01]]],


        [[[ 1.6023e-02]],

         [[ 2.6340e-02]],

         [[-2.2445e-02]],

         [[-1.7164e-01]],

         [[ 8.3224e-02]],

         [[-2.3405e-01]]],


        [[[ 6.9273e-02]],

         [[-1.8916e-01]],

         [[ 3.3023e-01]],

         [[-3.9559e-02]],

         [[ 2.3932e-01]],

         [[-1.6801e-01]]],


        [[[-4.3201e-02]],

         [[-2.0218e-02]],

         [[ 2.2786e-01]],

         [[-2.7983e-02]],

         [[ 2.4331e-01]],

         [[-2.4824e-01]]],


        [[[-5.4946e-01]],

         [[ 4.1368e-01]],

         [[ 1.5451e-01]],

         [[ 2.6568e-01]],

         [[ 5.9276e-02]],

         [[-3.4187e-02]]],


        [[[ 2.3700e-02]],

         [[ 1.4488e-01]],

         [[-1.4032e-01]],

         [[-2.0112e-01]],

         [[ 6.7584e-02]],

         [[-2.9294e-01]]],


        [[[-6.0226e-02]],

         [[ 3.3406e-02]],

         [[-4.6884e-02]],

         [[-2.1942e-01]],

         [[-7.7184e-02]],

         [[-1.4980e-01]]],


        [[[ 6.8073e-02]],

         [[-8.2388e-02]],

         [[ 1.9465e-01]],

         [[-1.8984e-01]],

         [[ 1.9414e-01]],

         [[-3.7761e-01]]],


        [[[-5.8724e-02]],

         [[ 9.5703e-02]],

         [[-2.4266e-01]],

         [[-2.3123e-01]],

         [[ 1.0069e-01]],

         [[-2.7546e-01]]],


        [[[ 1.0843e-01]],

         [[-1.0444e-01]],

         [[ 2.6382e-01]],

         [[ 3.0262e-02]],

         [[ 2.0968e-01]],

         [[-3.3254e-01]]],


        [[[ 3.1829e-02]],

         [[ 1.7014e-03]],

         [[-1.0204e-01]],

         [[ 3.1334e-02]],

         [[ 1.1270e-01]],

         [[ 8.4213e-02]]],


        [[[-7.5741e-02]],

         [[ 1.2779e-01]],

         [[ 1.2778e-01]],

         [[ 1.7006e-01]],

         [[ 2.5824e-01]],

         [[-1.1456e-01]]],


        [[[-1.2454e-02]],

         [[ 3.1675e-02]],

         [[ 1.8855e-01]],

         [[-3.5975e-01]],

         [[ 1.6012e-01]],

         [[-1.8608e-01]]],


        [[[-3.0354e-01]],

         [[ 1.8368e-01]],

         [[ 2.1392e-01]],

         [[-1.0162e-01]],

         [[-2.0967e-01]],

         [[-1.1910e-01]]]]), 'model.features.2.1.block.2.fc2.bias': tensor([ 2.1490,  0.7725,  0.2976,  2.0437,  2.2778,  1.6840,  1.3432,  1.3901,
         1.5993,  2.6351, -1.7091,  1.7596,  2.4035,  0.7763,  1.8773,  1.2338,
         1.5877,  1.8988,  0.0735,  1.8557,  1.0247,  0.7366,  0.3785,  0.3003,
         1.5861,  0.1996,  2.1315, -1.8057,  0.7960,  1.9116,  0.0930, -0.0395,
         1.5898,  0.3686,  2.7190,  1.6365,  2.2693,  2.9467,  0.3336,  1.3455,
         0.2741,  0.2030,  1.3027,  0.0281,  1.0851,  0.9131,  0.3280,  1.2970,
         0.7848, -0.1154,  0.4776,  0.4180,  0.1280,  0.9066,  0.9036, -0.2153,
         1.4999, -0.2947, -0.5980,  1.0070,  2.0060, -0.9504, -1.2902,  1.4343,
         0.8091,  1.7958,  0.8624,  0.8322,  1.7879,  0.6556,  2.0384, -0.9294,
         0.9734, -0.2249,  1.0636,  2.1740,  1.0274,  0.8512, -0.8363,  1.7380,
         2.6904,  1.8250,  1.5199,  1.7850, -0.1268,  1.7943,  0.9550,  0.4026,
         1.7667,  2.6205, -0.4221, -0.0416,  2.8653,  0.1630,  0.9924,  1.7229,
         0.5479,  2.1907,  1.2320, -0.3114,  0.6382,  1.0719,  2.4071,  1.6523,
        -0.6200,  1.1803,  1.0409,  0.9940,  0.0858,  1.2982,  0.4540,  2.9054,
         0.8830,  0.1620,  0.2937,  1.8970,  0.5597,  2.1689,  0.9325,  3.4312,
         1.6776,  0.5166,  1.2458,  0.3768,  0.3760, -2.4123,  2.1714, -0.3178,
        -0.8325,  0.2050,  2.1212,  1.3488, -0.6988,  2.8099, -0.7917,  1.5097,
         2.7719,  1.3185,  2.3537,  0.1317,  3.8929, -0.7615,  1.2958,  0.3206]), 'model.features.2.1.block.3.0.weight': tensor([[[[ 0.1372]],

         [[ 0.0381]],

         [[-0.0232]],

         ...,

         [[-0.3400]],

         [[-0.1107]],

         [[ 0.0579]]],


        [[[-0.2170]],

         [[-0.3099]],

         [[-0.1344]],

         ...,

         [[-0.4261]],

         [[-0.0439]],

         [[-0.1469]]],


        [[[-0.0534]],

         [[-0.0116]],

         [[ 0.0073]],

         ...,

         [[ 0.0086]],

         [[ 0.3723]],

         [[ 0.0289]]],


        ...,


        [[[-0.4136]],

         [[ 0.0506]],

         [[-0.0883]],

         ...,

         [[ 0.1478]],

         [[-0.0024]],

         [[ 0.1849]]],


        [[[-0.1656]],

         [[-0.0389]],

         [[-0.1612]],

         ...,

         [[-0.1770]],

         [[ 0.1701]],

         [[-0.0982]]],


        [[[-0.0427]],

         [[-0.0274]],

         [[-0.0477]],

         ...,

         [[ 0.0163]],

         [[ 0.0742]],

         [[-0.0553]]]]), 'model.features.2.1.block.3.1.weight': tensor([ 5.6790,  4.3694,  0.9932,  4.8953,  5.4359,  7.3886,  4.8754,  5.2153,
         4.1563,  5.7268,  3.8630,  8.2408,  5.0667,  4.8181,  5.2600,  1.0944,
         2.3329,  3.7503,  5.0538, -2.5995,  5.3235,  4.3491,  5.2700,  0.9855]), 'model.features.2.1.block.3.1.bias': tensor([ 3.9261,  3.3264, -0.0364, -2.6948, -1.8616, -5.1758, -2.3114, -0.6169,
        -1.3912, -1.3794,  2.0475,  1.0171,  2.8595, -2.1510,  2.3635,  0.1354,
         4.7101, -1.8356,  1.8534, -0.8326, -3.7879, -1.6569, -1.0387, -0.2407]), 'model.features.2.1.block.3.1.running_mean': tensor([-0.5037, -2.4485,  0.0868, -0.8449, -0.7199,  4.1773,  1.6786, -2.6006,
        -1.2457,  2.4118,  0.9532, -2.8886, -1.3580,  0.5823, -0.1808,  0.1646,
         0.0919,  0.0390, -0.4989,  0.3501,  3.3062, -2.1694, -0.2802, -1.6205]), 'model.features.2.1.block.3.1.running_var': tensor([4.9848, 4.6879, 1.7501, 4.7763, 4.1319, 5.7600, 3.8631, 3.7445, 4.2328,
        3.5904, 2.5450, 3.5968, 3.7370, 4.1811, 5.5947, 2.1152, 2.5481, 2.8835,
        4.7145, 2.7518, 5.3348, 4.4769, 3.7916, 2.0416]), 'model.features.2.1.block.3.1.num_batches_tracked': tensor(703214), 'model.features.3.0.block.0.0.weight': tensor([[[[-0.2382]],

         [[-0.2215]],

         [[ 1.0098]],

         ...,

         [[ 0.0789]],

         [[ 0.0675]],

         [[ 1.0428]]],


        [[[-0.4076]],

         [[ 0.1022]],

         [[ 0.0368]],

         ...,

         [[-0.2092]],

         [[ 0.3451]],

         [[ 0.1413]]],


        [[[-0.1797]],

         [[ 0.1443]],

         [[-0.0023]],

         ...,

         [[ 0.3886]],

         [[-0.2639]],

         [[-0.0526]]],


        ...,


        [[[-0.1041]],

         [[ 0.3898]],

         [[ 0.0194]],

         ...,

         [[ 0.2040]],

         [[ 0.2513]],

         [[-0.0155]]],


        [[[-0.1376]],

         [[-0.1991]],

         [[-0.1976]],

         ...,

         [[-0.0417]],

         [[ 0.1110]],

         [[ 0.7862]]],


        [[[ 0.2481]],

         [[-0.0809]],

         [[ 0.0414]],

         ...,

         [[ 0.4582]],

         [[-0.0660]],

         [[-0.0581]]]]), 'model.features.3.0.block.0.1.weight': tensor([ 2.0047,  1.0096,  3.5930,  2.7889,  0.4052,  5.3922,  1.6895,  0.9069,
         0.9661,  1.0269,  1.9028,  1.3440,  1.4633,  1.2910,  1.6350,  0.8840,
         0.9112,  0.7710,  1.0259,  2.3089, -0.8348,  1.4396,  1.6556,  0.7355,
         0.8628,  1.2979,  1.1028,  0.6910,  1.5114,  1.0303,  1.1909,  1.2976,
         1.0603,  0.8664,  1.4060,  1.7075,  0.1429,  0.8509,  0.7661,  0.9009,
         2.3685,  1.3372,  1.6502,  1.6081,  2.8282,  1.6829,  1.1032,  0.5848,
         1.6046,  1.6429,  1.2781,  1.0908,  0.8838,  1.2872,  1.6693,  0.7059,
         1.2053,  1.7912,  1.8468, -1.1515,  0.9282,  2.0962,  0.2461,  1.9824,
         1.8146,  2.7307,  1.2688,  1.4430,  3.3666,  1.3679,  1.0969,  1.4884,
         1.0691,  1.0470,  0.7953,  1.4369,  1.2060,  0.5111,  0.8865,  0.8572,
         2.5577,  0.7220,  0.4960,  0.5986,  4.0587,  2.1716,  1.0970,  1.8284,
         0.6313,  0.9248,  0.7423,  1.5392,  2.5287,  0.0618,  1.9862,  0.8060,
         0.5413,  1.3104,  2.0134,  1.7346,  1.4705,  1.6516,  0.6847,  1.0860,
         0.8466,  0.7575,  0.6906, -1.4286,  1.0710,  0.8757,  2.4959,  1.1988,
        -1.6155,  0.0926,  1.3184,  1.3260,  0.9939,  1.1333,  1.6380,  1.4123,
         2.2420,  1.5771,  0.7752,  0.8800,  1.4691,  1.0060, -1.2268,  1.4533,
         3.6882,  1.4541,  0.0515,  1.5374,  1.0840,  0.9586,  0.3527,  0.9100,
         0.5628,  1.3502,  0.5660,  6.4269,  0.8408,  1.4221,  0.7729,  1.4940]), 'model.features.3.0.block.0.1.bias': tensor([ 0.9444,  0.2850, -1.4649,  2.4546,  0.0880, -1.4937, -0.8042, -1.0429,
         1.3203,  2.0585,  0.4537,  1.3364,  0.9454,  0.4462, -0.7346, -0.4341,
        -0.8492, -0.7406, -1.2402,  4.8838,  0.7043, -0.2021,  3.6372,  0.1261,
        -0.7251,  0.3727,  0.0480,  0.1755, -0.0307,  1.0884, -1.4151, -0.7607,
         0.0704,  0.3601, -1.4267,  0.6096, -0.1002, -0.8864, -0.6059, -0.1353,
         3.5177, -0.1084, -1.6590,  1.8003,  0.3088, -1.1809,  3.6214,  0.1044,
        -1.2847,  0.7559,  0.7908, -0.5097,  0.3886, -0.6353, -1.2308, -0.5094,
        -1.5942, -1.4546,  0.9111,  0.3022, -0.4814, -3.2706, -1.2195, -1.5105,
         0.8004, -1.3337,  0.3590, -1.7683, -5.3277, -1.0947, -0.6184, -0.9711,
        -0.5891, -0.9100, -1.2844,  0.7345, -2.1020, -0.7052, -0.6010,  0.1589,
         0.6913, -0.3460, -1.1673,  0.0280,  1.9896,  1.2921, -0.9932, -2.7184,
        -0.8434, -2.0447, -0.0993,  1.7613,  0.9693, -0.0192, -0.8833,  2.1648,
        -0.4107, -0.8026, -3.1770, -1.2081,  1.3570,  3.0576,  0.3312, -0.2864,
        -0.2898, -0.6516,  0.0950,  1.7725, -0.1792,  1.1278, -1.4721,  0.0394,
         1.5188,  0.0134, -0.2636, -0.7731, -0.6118,  1.8463, -1.7327, -0.3173,
         0.5068, -0.6096, -0.1460, -0.0123,  0.5519, -0.4540,  2.4158, -1.3042,
        -2.7488, -1.6244,  0.0175,  0.2279, -0.8734,  1.0473,  0.1571,  1.3597,
        -0.9470, -1.1527, -0.2273, -1.0484, -0.3658, -0.1655, -0.2075,  1.2925]), 'model.features.3.0.block.0.1.running_mean': tensor([-3.8350e+00, -6.5373e+00, -1.3451e+00, -7.4565e+00, -6.5887e-01,
        -2.6574e+00,  6.0278e-01, -5.2129e+00,  5.7682e-01, -6.8537e-01,
        -1.0388e+00, -2.5081e+00, -5.4053e+00, -2.9987e+00, -1.5277e+00,
        -3.0984e+00, -5.8714e-01, -7.8716e-01, -4.4025e+00,  1.9971e-01,
         7.9562e-01, -3.2246e+00, -9.5167e-01, -2.1075e+00, -2.2488e+00,
         1.4800e+00, -1.1345e+00, -2.1600e+00, -2.6844e+00, -2.5888e+00,
        -1.5895e+00, -2.0456e+00, -5.9678e+00, -3.3246e+00,  5.7153e-01,
        -1.5757e+00, -7.6378e-01, -2.6116e+00,  4.0433e+00, -2.3890e+00,
        -1.0610e+01, -2.5982e+00, -1.8357e+00,  4.3180e-01, -3.6805e+00,
        -1.5834e+00,  4.8979e-01, -9.9960e-01, -3.0688e+00, -2.5816e+00,
        -2.8334e+00, -2.7250e+00, -1.3532e+00, -1.1423e+00,  2.3183e-01,
        -1.5492e-01, -3.2309e+00, -7.8185e-01, -2.5397e+00,  2.4852e+00,
        -1.1896e+00, -2.6320e+00,  1.5284e+00, -4.7053e-01, -1.8720e+00,
        -2.1173e+00,  2.3522e-01, -2.9382e+00, -6.4641e-01, -8.2543e-01,
        -3.8470e+00, -1.3269e+00, -1.0040e+00, -3.9818e+00, -4.3189e+00,
        -3.2603e+00, -4.9556e-01, -2.3676e+00, -2.3781e+00, -1.4753e+00,
        -7.3074e-01, -2.2779e+00, -1.1420e-01,  2.6101e-01, -2.0688e+00,
        -1.9880e+00, -5.4215e+00,  3.1265e+00, -8.1779e+00, -1.6665e+00,
        -5.3102e-01, -6.5517e-01, -1.9454e+00,  1.2352e+00, -2.7215e+00,
         1.2614e-01, -2.1828e+00,  8.7676e-01,  8.1335e-01, -4.5181e-01,
         1.0459e+01,  2.2498e+00, -4.7672e+00, -2.8196e+00,  2.4724e+00,
         7.5958e-02, -7.7400e+00,  3.9181e-03,  1.3829e+00,  1.4552e+00,
        -9.2461e-01, -1.8637e+00, -6.4353e-01,  5.0130e-01, -1.4354e+00,
        -5.2714e+00, -3.5215e+00, -5.7073e-02, -2.3163e+00, -1.3341e+00,
        -1.2259e+00, -8.3739e+00, -2.1572e+00, -4.2903e+00, -4.3996e+00,
         7.2812e-01,  3.7291e-01,  4.3325e-01, -2.2342e+00, -4.0519e+00,
         1.6109e+00, -2.1900e+00, -2.8889e+00, -1.7392e+00, -3.0217e+00,
        -2.5135e+00, -1.0002e+01, -3.5545e-01, -8.8031e+00,  2.6301e-01,
         1.2029e+00, -2.0276e+00, -2.0853e+00, -1.2275e+00]), 'model.features.3.0.block.0.1.running_var': tensor([ 93.1312, 539.6654, 110.3338, 127.5100,  69.3351,  97.5380, 148.8089,
        112.3379, 116.3289,  60.4535, 170.7301,  58.3756, 132.2965, 180.2106,
        152.7143, 127.4986,  69.8537, 513.7703, 105.1463, 100.0150,  99.8464,
        222.9989,  92.9636,  79.9563, 185.6434, 191.4641,  58.8590,  51.9748,
        266.2455,  69.3401, 125.0829,  92.3285, 139.5216,  64.5530, 372.5498,
         82.0495,  32.9568, 272.9763, 185.1024,  62.7209, 113.4292, 318.7249,
         95.6980,  56.0729, 150.6728,  89.4620,  66.8440,  35.5142, 167.8004,
         88.2621, 279.2548, 138.2583,  48.7681, 114.8538, 163.0039,  50.9313,
        104.8558,  59.0824, 202.6817,  37.1559, 291.3188,  56.9247,  18.9481,
         34.7246,  57.9083, 138.8718,  44.7034, 131.5264,  70.7712, 195.1143,
        246.1641, 225.6981, 209.5618, 235.7251, 107.3931, 112.4443,  33.1279,
        116.4408, 280.7843,  80.0331,  50.0989, 257.7206,  50.0527,  49.5322,
        174.7682,  49.4250, 130.5565,  64.4438, 157.1698,  39.3485,  78.5233,
         91.2656,  63.8943,  54.4908, 144.2385,  28.0100, 124.6525,  94.7581,
         50.7498, 143.6815, 233.5040,  71.3676, 302.2518, 348.2985, 333.5876,
         60.0923, 139.7914,  23.6872, 170.3416,  91.3513,  65.9821, 250.5755,
         53.5660,  43.5804, 178.9178, 211.4450, 148.6870,  81.0530, 110.7744,
        203.6773,  60.6074, 197.6267, 106.1823, 148.8127, 287.7467, 189.7537,
         81.3149, 266.4314,  68.4903,  91.6303,  57.0047, 274.6698, 166.5329,
         65.8788,  86.2482,  83.5409, 137.0488, 123.3062, 224.7081, 103.2954,
        354.0298, 254.9035,  43.5144,  65.3876]), 'model.features.3.0.block.0.1.num_batches_tracked': tensor(703214), 'model.features.3.0.block.1.0.weight': tensor([[[[-4.9414e-02, -5.0234e-03,  1.1443e-01,  1.5080e-01,  1.0902e-01],
          [-7.6326e-03, -2.7938e-03,  7.7755e-02,  8.5440e-02,  4.7400e-02],
          [ 1.3903e-01,  8.1750e-02, -5.7094e-02, -3.0697e-01, -1.8712e-01],
          [ 1.8413e-01,  8.4358e-02, -3.2266e-01, -6.1437e-01, -3.7538e-01],
          [ 1.8359e-01,  8.9867e-02, -1.7821e-01, -3.7080e-01, -1.4487e-01]]],


        [[[ 5.3834e-03,  3.6932e-02,  1.3379e-01,  2.1289e-01,  1.1064e-01],
          [ 2.4010e-02,  9.1475e-02,  8.6506e-02,  8.8606e-02,  7.6537e-02],
          [ 1.1425e-01,  1.0137e-01, -3.6394e-01, -4.8226e-01, -1.8086e-01],
          [ 1.9087e-01,  8.8858e-02, -4.8110e-01, -7.5793e-01, -2.4679e-01],
          [ 1.3692e-01,  5.9787e-02, -2.2892e-01, -2.9180e-01, -7.2863e-02]]],


        [[[ 2.9726e-02,  2.8521e-02,  5.0824e-02, -1.0255e-02,  1.6871e-04],
          [ 3.7282e-02,  6.3313e-02, -2.6557e-02, -6.1490e-02, -4.9773e-02],
          [ 2.9210e-02, -8.0123e-02, -1.9154e-01, -2.9620e-01, -2.2265e-01],
          [-3.6709e-02, -1.6951e-01, -2.9426e-01, -3.2886e-01, -1.8960e-01],
          [ 1.6831e-02, -6.8282e-02, -1.9356e-01, -2.1332e-01, -7.1452e-02]]],


        ...,


        [[[ 3.1130e-02,  2.1316e-02, -6.9744e-03,  5.1771e-03, -3.8936e-02],
          [ 9.7897e-03, -1.6802e-02, -1.2747e-01, -1.5152e-01, -8.8850e-02],
          [ 1.8031e-02, -4.1040e-02, -1.5100e-01, -3.0876e-01, -2.4922e-01],
          [-1.0722e-02, -9.1526e-02, -3.1897e-01, -2.6375e-01, -2.3189e-01],
          [-2.0029e-03, -3.8031e-02, -2.3098e-01, -2.7218e-01, -1.3320e-01]]],


        [[[-1.3380e-02, -1.7942e-02, -7.4029e-02, -1.7809e-01, -1.3615e-01],
          [-4.6649e-02, -4.6703e-02, -7.1604e-02, -1.4900e-01, -1.4060e-01],
          [-8.1405e-02, -5.8511e-02,  2.3055e-01,  3.2286e-01,  1.4416e-01],
          [-1.6640e-01, -1.4937e-01,  2.6270e-01,  4.0707e-01,  1.9605e-01],
          [-1.0872e-01, -1.2315e-01,  6.7272e-02,  1.7110e-01,  8.2576e-02]]],


        [[[ 1.8084e-02, -8.8995e-03, -6.0718e-02, -1.6699e-02, -3.9115e-02],
          [-6.3873e-02, -1.5992e-02,  1.0191e-04, -6.1422e-02, -1.4987e-01],
          [-1.0417e-01, -1.5925e-01, -2.7807e-01, -6.4547e-02,  1.8739e-01],
          [-9.1721e-02, -1.5379e-01,  2.2344e-01,  5.5816e-01,  2.0030e-01],
          [ 3.6722e-03,  1.3508e-01,  2.1524e-01, -1.1219e-01, -2.0443e-01]]]]), 'model.features.3.0.block.1.1.weight': tensor([ 1.0692,  1.2614,  2.4375,  1.1031,  2.5734,  2.5957,  1.3621,  0.9200,
         0.9115,  1.8565,  1.0071,  1.8372,  1.1630,  1.0650,  2.1435,  1.3211,
         0.9651,  1.3589,  0.8931,  0.9783,  2.0050,  1.3737,  0.9545,  1.4722,
         1.1274,  0.9653,  2.1626,  2.5816,  1.3870,  1.9305,  1.0266,  1.0903,
         1.0921,  2.5216,  1.0062,  2.4356,  1.6496,  0.8537,  0.6731,  1.6176,
         0.9162,  1.5710,  2.5660,  1.9402,  1.6717,  2.7561,  1.2717,  2.4308,
         0.8802,  1.5059,  1.0830,  1.1939,  2.6377,  0.9196,  1.0201,  1.5767,
         0.5820, 10.2004,  3.0633,  2.2702,  1.2682,  8.0331,  1.8143,  2.1682,
         1.6471,  2.6434,  0.9657,  0.8864,  2.6841,  1.1646,  1.1482,  1.1064,
         1.1970,  1.0500,  0.8974,  0.7798,  0.8427,  1.1815,  1.1708,  2.3589,
         1.6023,  1.1685,  0.5572,  2.3768,  2.6978,  1.6373,  0.8668,  3.0365,
         0.8593,  1.7799,  2.2351,  3.7390,  1.0313,  1.7474,  1.0350,  2.8080,
         1.4370,  2.0555,  1.0320,  0.6409,  1.3491,  0.7492,  1.2456,  1.0644,
         1.2337,  0.8612,  1.1404,  1.5544,  0.8033,  0.9465,  1.0555,  1.0753,
         2.1307,  2.4887,  1.0019,  1.0984,  1.1272,  1.7826,  2.5995,  1.4624,
         3.4631,  1.7298,  0.8378,  0.9225,  1.0391,  0.7853,  1.5908,  1.0278,
        11.1726,  0.8466,  2.5414,  1.3275,  0.8866,  1.8673,  1.8380,  1.6998,
         0.8068,  1.0059,  1.0704,  2.3366,  1.2706,  1.2925,  1.2650,  2.0317]), 'model.features.3.0.block.1.1.bias': tensor([ 1.2751,  2.9949, -0.5227,  2.2877,  0.0318, -0.8023,  0.9924,  1.4903,
         2.3862, -0.8493,  2.3441, -0.7448,  1.0810,  2.4812, -0.1306,  1.6569,
         0.7074,  2.9543,  2.2914,  1.4969, -0.6206,  0.7543,  1.0594,  0.0689,
         2.3353,  2.9120,  0.1401, -0.5182,  1.2503, -0.5255,  1.5848,  1.4417,
         1.1904, -0.0914,  1.5909,  0.3963,  0.9237,  2.4522,  1.9181,  1.4187,
         3.0168,  1.3106, -0.3786, -0.5800,  0.4251, -0.4304,  3.8427, -0.5612,
         2.4886,  0.2830,  4.6099,  1.6891, -0.2293,  1.2454,  2.3522,  0.9787,
         3.4866,  0.4015, -0.8967, -0.7307,  1.6858, -0.7859, -1.2550,  1.8373,
         1.9731, -0.5768,  1.0432,  1.6825,  0.2514,  1.6217,  2.6636,  1.8825,
         1.8004,  2.9419,  2.2721,  3.4794,  0.4695,  1.8375,  2.5081,  0.1508,
         1.2354,  1.1069,  2.3688,  0.4612, -0.7001, -1.6262,  2.4456, -2.5458,
         2.4454, -3.5739,  0.6821, -2.4439,  1.2647, -0.5667,  1.1012,  1.9254,
         1.4981,  2.6472,  0.7874,  3.4962,  2.3209,  1.6736,  3.0592,  1.6609,
         1.7390,  1.0467,  1.9702, -1.7155,  2.3963,  3.2332,  0.9624,  2.4977,
        -0.7734, -0.5565,  2.2047,  2.0204,  1.6774, -0.8174, -0.3274,  0.8064,
         3.0116,  0.9464,  2.3740,  3.1645,  4.4579,  4.1164, -0.6346,  1.8235,
         0.2520,  1.7659, -0.5118,  1.1968,  1.5071, -0.4252, -0.8554, -0.7579,
         2.3183,  2.0534,  2.6081, -0.4127,  3.5234,  0.9268,  1.3439, -0.4665]), 'model.features.3.0.block.1.1.running_mean': tensor([-1.4871e+00, -5.3255e-01, -1.3260e+00,  1.0648e-01, -5.7231e-03,
        -3.1774e+00, -1.7613e-01, -1.4876e-01, -1.8219e+00,  2.8682e-01,
         1.8431e+00, -3.2344e-01, -2.1885e+00,  1.2247e+00, -3.3374e-01,
         3.4590e-03, -5.8650e-02, -4.1272e-01, -3.0416e-01, -9.1791e+00,
        -3.2799e-01, -5.9978e-01, -5.8296e+00, -2.1766e-01, -2.6215e-01,
         1.1402e+00,  1.6271e-02, -1.3791e-01, -1.1618e+00, -1.6595e-01,
         2.8906e-01, -8.8679e-03, -4.7919e-01,  1.5570e-02, -2.7124e-01,
         1.2703e-01,  4.4414e-03,  3.8666e-01,  2.5556e-01, -9.8264e-03,
        -8.2147e+00, -6.0474e-01,  2.5602e-01,  1.2755e-01, -2.7167e+00,
        -5.2637e-02,  1.2995e-01, -6.9042e-02, -1.2529e-01, -5.5586e-01,
        -1.6709e+00, -1.5722e-03, -4.7237e-02,  6.2641e-02, -1.4177e-02,
         3.2325e-02,  2.6879e-01,  8.6004e-03, -2.7125e+00, -1.3395e-01,
        -9.0340e-02,  2.4766e-02, -1.2904e+00, -1.8296e-01,  9.0582e-01,
        -8.2481e-01,  4.7413e-02,  2.2796e-01, -6.1107e-02, -9.6108e-02,
        -6.5321e-02, -2.4762e-02, -4.2788e-02, -2.3217e-01, -2.4433e-01,
        -1.7834e+00, -1.8075e-01, -2.5105e-01, -1.9784e-01, -4.0533e-02,
        -1.1181e+00, -1.0150e-01,  4.7060e-01, -4.4994e-02, -6.0259e+00,
         8.0613e-01, -2.2861e-01, -2.9659e-01, -4.0409e-01, -2.4326e-01,
         1.0133e-02, -2.9280e+00, -1.3818e+00, -1.5723e-03, -3.4711e-01,
        -2.7647e+00, -8.1353e-02,  7.4082e-02, -1.8541e-01,  1.2430e-02,
         2.6152e+00, -4.3893e+00,  7.4698e-01, -1.9485e-01, -5.2663e-03,
        -1.9231e-02,  2.5848e-01,  2.0748e+00, -2.2425e-01, -3.1602e-02,
         2.5687e-01,  5.7204e-01,  3.5879e-02,  4.1475e-03,  4.3133e-01,
         1.1340e-01, -7.2726e-02, -1.1679e+00,  2.6375e-01,  3.9621e-01,
         8.4482e-01, -4.2987e-01,  7.7550e-02, -2.7733e-01, -1.7691e+00,
         6.7154e-03, -6.1052e-01, -1.9666e-01,  5.4199e-02, -2.2687e-01,
        -4.9740e-04, -1.6835e+00,  2.6708e-01,  7.8952e-02,  5.9801e-03,
        -1.8546e-01, -4.4272e-01, -1.7824e-01, -2.9575e-02, -3.8681e+00,
        -5.3182e-02, -6.1719e-01,  8.2731e-03, -6.4649e-03]), 'model.features.3.0.block.1.1.running_var': tensor([4.5470e+00, 4.7281e-01, 2.3026e+00, 1.0084e+01, 5.6710e-02, 9.3225e+00,
        5.0032e-01, 4.9155e-02, 9.5614e-01, 7.1135e-01, 4.0601e+00, 1.1665e+00,
        2.2003e+00, 1.5970e+00, 5.8879e-01, 1.9048e-01, 6.3823e-02, 5.6823e-02,
        2.3161e-02, 2.1823e+01, 2.6596e-01, 1.4196e+00, 4.8491e+00, 1.6365e-01,
        1.4015e-01, 1.1402e+00, 2.6547e-01, 2.5909e-01, 3.4788e+00, 7.4582e-01,
        1.0961e-01, 2.6691e-01, 3.4258e-01, 5.4707e-01, 3.2424e-02, 1.8889e+00,
        2.2786e-03, 2.3823e-02, 2.3502e-02, 9.7363e-02, 1.7770e+01, 1.0130e+00,
        6.9120e-02, 1.7971e+00, 8.1354e+00, 3.9097e-01, 2.2452e+00, 1.2861e-01,
        2.3662e-01, 1.2172e+00, 2.7095e+00, 2.4776e-01, 3.3302e-01, 2.6469e-01,
        8.1381e-01, 1.8373e-02, 2.2099e-02, 2.1044e-01, 5.1631e+00, 3.9549e-01,
        3.5581e-01, 2.1592e-01, 1.2951e-02, 1.4233e+00, 1.1317e+00, 1.2858e+00,
        3.7531e-01, 1.2028e-01, 7.5415e-02, 7.7948e-02, 2.5176e-01, 3.5771e-01,
        4.5447e-01, 5.6515e-02, 1.5592e-02, 1.7861e+00, 2.5968e-02, 7.0032e-02,
        1.6547e-01, 1.8105e-01, 1.1397e+00, 1.8790e-01, 1.3607e-02, 1.1287e-01,
        2.7780e+01, 1.3663e+00, 6.1783e-02, 2.0677e-01, 3.8235e-02, 2.7146e-02,
        1.6802e-01, 1.8090e+00, 3.5530e+00, 7.4936e-04, 5.2121e-01, 6.6590e-01,
        1.5770e-01, 1.4497e+00, 1.7138e-02, 2.8164e-01, 8.0324e+00, 5.8103e+00,
        4.5468e-01, 2.1603e-01, 1.3259e-01, 6.6828e-02, 2.3988e-01, 2.0859e+00,
        3.3734e-01, 4.6087e-01, 9.9155e-01, 8.5918e-01, 1.7128e+00, 1.4348e-03,
        3.9445e-01, 9.8062e-01, 1.2376e-01, 7.2677e-01, 6.6882e-02, 7.9447e-01,
        2.1343e+00, 1.3325e+00, 1.7064e-01, 2.1565e-01, 1.5482e+00, 2.5610e-01,
        1.2616e+00, 7.0378e-02, 7.6169e-01, 5.4224e-02, 6.3549e-04, 4.2453e+00,
        1.1183e-01, 5.3678e-01, 2.8826e-02, 4.1827e-01, 2.2741e-02, 3.5132e-01,
        3.8740e-02, 1.1946e+01, 1.3141e-01, 1.4642e+00, 8.0446e-02, 1.5806e+00]), 'model.features.3.0.block.1.1.num_batches_tracked': tensor(703214), 'model.features.3.0.block.2.fc1.weight': tensor([[[[-5.9853e-02]],

         [[-7.0999e-02]],

         [[ 3.7590e-02]],

         [[ 1.0004e-01]],

         [[ 2.9616e-02]],

         [[ 2.8298e-01]],

         [[-1.9108e-01]],

         [[ 6.7052e-02]],

         [[ 2.1394e-01]],

         [[ 8.0437e-02]],

         [[-5.2275e-03]],

         [[ 2.4050e-01]],

         [[-7.4044e-02]],

         [[ 9.4462e-03]],

         [[-1.5698e-01]],

         [[ 2.3199e-02]],

         [[ 1.7974e-01]],

         [[ 9.7242e-03]],

         [[ 2.0267e-01]],

         [[-9.6196e-02]],

         [[ 2.1335e-01]],

         [[-6.2471e-02]],

         [[ 5.0774e-02]],

         [[-1.5462e-01]],

         [[-1.3525e-01]],

         [[ 3.5343e-02]],

         [[-1.7520e-03]],

         [[ 2.6735e-01]],

         [[ 1.2124e-01]],

         [[ 3.1492e-01]],

         [[ 1.2125e-02]],

         [[ 3.5360e-03]],

         [[-4.2906e-02]],

         [[ 3.5520e-01]],

         [[-2.4914e-02]],

         [[-2.6348e-02]],

         [[-1.6174e-01]],

         [[-3.4254e-01]],

         [[-3.7344e-03]],

         [[ 3.0018e-01]],

         [[ 1.3844e-01]],

         [[-5.0033e-02]],

         [[ 9.9730e-02]],

         [[ 1.8446e-02]],

         [[-1.4447e-01]],

         [[ 1.8999e-01]],

         [[ 1.2094e-01]],

         [[-2.3142e-02]],

         [[ 1.3510e-01]],

         [[-1.4324e-01]],

         [[ 2.7480e-01]],

         [[-3.0902e-03]],

         [[-1.7656e-02]],

         [[ 1.1251e-01]],

         [[ 4.6391e-03]],

         [[ 4.4486e-02]],

         [[-7.5709e-02]],

         [[-1.5197e+00]],

         [[ 3.8781e-02]],

         [[ 4.3019e-01]],

         [[-3.2456e-02]],

         [[-2.4664e-01]],

         [[ 9.4861e-03]],

         [[-7.4330e-01]],

         [[ 2.7728e-02]],

         [[ 2.6827e-02]],

         [[-9.0070e-02]],

         [[ 1.7646e-01]],

         [[-1.8561e-01]],

         [[-1.6415e-02]],

         [[ 1.8113e-01]],

         [[-1.7299e-01]],

         [[-5.2553e-02]],

         [[-1.1828e-01]],

         [[ 9.8435e-02]],

         [[ 2.2317e-01]],

         [[ 3.0725e-01]],

         [[-2.2736e-01]],

         [[-5.8702e-02]],

         [[-1.7694e-02]],

         [[ 1.5192e-02]],

         [[-2.6862e-02]],

         [[ 1.3255e-01]],

         [[ 8.1855e-03]],

         [[ 8.3510e-02]],

         [[ 1.4114e-02]],

         [[ 3.0571e-01]],

         [[-3.8455e-01]],

         [[-3.1484e-02]],

         [[-1.4776e-01]],

         [[-1.2853e-03]],

         [[-1.6675e-01]],

         [[-2.5336e-02]],

         [[ 4.7775e-04]],

         [[ 9.9523e-02]],

         [[-5.2949e-01]],

         [[-3.9547e-02]],

         [[-1.1432e+00]],

         [[ 1.0988e+00]],

         [[-5.2593e-02]],

         [[ 1.9139e-01]],

         [[ 3.6739e-01]],

         [[ 1.5658e-01]],

         [[-2.0461e-02]],

         [[-9.8014e-02]],

         [[ 7.9049e-02]],

         [[ 9.6490e-02]],

         [[-6.3099e-02]],

         [[ 1.3500e-01]],

         [[ 7.6431e-02]],

         [[-4.9343e-02]],

         [[ 8.7980e-02]],

         [[ 3.7123e-03]],

         [[ 8.7437e-02]],

         [[ 3.4877e-02]],

         [[ 2.3265e-01]],

         [[ 5.6590e-02]],

         [[ 9.2482e-02]],

         [[ 1.6810e-01]],

         [[-1.1407e-01]],

         [[-1.5491e-01]],

         [[-2.7629e-01]],

         [[-4.4644e-02]],

         [[ 8.6908e-03]],

         [[-2.2840e-02]],

         [[ 1.9139e-01]],

         [[ 1.1877e-01]],

         [[-8.7486e-03]],

         [[-1.7488e+00]],

         [[ 1.7014e-01]],

         [[ 1.2683e-01]],

         [[ 5.5752e-02]],

         [[ 1.0038e-01]],

         [[ 1.5362e-01]],

         [[ 6.5878e-02]],

         [[ 8.6910e-02]],

         [[-1.7723e-01]],

         [[-2.0772e-02]],

         [[ 1.5341e-01]],

         [[ 4.2709e-02]],

         [[-3.8309e-01]],

         [[-1.9216e-02]],

         [[ 3.2834e-01]],

         [[ 7.1132e-02]]],


        [[[ 1.9998e-02]],

         [[-6.9709e-02]],

         [[ 1.4849e-01]],

         [[-7.5501e-02]],

         [[-5.8073e-02]],

         [[ 1.6604e-02]],

         [[ 7.6497e-02]],

         [[ 1.3865e-02]],

         [[ 3.2818e-01]],

         [[ 1.8009e-01]],

         [[-7.7115e-02]],

         [[-3.1969e-01]],

         [[-9.2243e-01]],

         [[-1.1778e-01]],

         [[ 8.0286e-02]],

         [[-3.9095e-02]],

         [[-1.3866e-01]],

         [[ 2.2024e-01]],

         [[-1.6065e-02]],

         [[-1.1148e-01]],

         [[-1.6294e-01]],

         [[-3.1606e-01]],

         [[-6.0936e-02]],

         [[-4.5765e-02]],

         [[ 4.1991e-02]],

         [[ 3.6192e-02]],

         [[ 5.2972e-02]],

         [[-5.5827e-02]],

         [[ 9.1166e-02]],

         [[ 3.1584e-01]],

         [[ 5.9404e-02]],

         [[ 8.2513e-02]],

         [[ 7.6854e-01]],

         [[ 1.9380e-02]],

         [[ 2.1654e-01]],

         [[ 1.0918e-01]],

         [[ 1.5757e-02]],

         [[ 2.2398e-01]],

         [[ 8.6221e-02]],

         [[-1.0161e-02]],

         [[-1.2184e-01]],

         [[ 7.6707e-01]],

         [[ 1.4108e-01]],

         [[-1.1961e-01]],

         [[ 1.0913e-01]],

         [[ 2.7100e-02]],

         [[ 1.2757e-01]],

         [[-1.5338e-01]],

         [[ 5.7312e-03]],

         [[-3.6410e-02]],

         [[-2.2051e-01]],

         [[ 3.7519e-02]],

         [[ 1.4513e-01]],

         [[-1.0337e-01]],

         [[-6.6657e-02]],

         [[ 1.4452e-01]],

         [[ 1.1327e-01]],

         [[ 1.0519e-01]],

         [[ 1.6198e-01]],

         [[-9.1526e-02]],

         [[-3.1973e-02]],

         [[-1.0209e-02]],

         [[ 5.1783e-03]],

         [[ 5.5049e-02]],

         [[ 2.7647e-02]],

         [[ 4.4278e-02]],

         [[ 1.3451e-01]],

         [[ 4.3922e-02]],

         [[-4.4092e-03]],

         [[-4.2079e-02]],

         [[ 3.5317e-02]],

         [[-2.4720e-01]],

         [[ 1.4758e-02]],

         [[ 1.1692e-01]],

         [[ 3.3309e-02]],

         [[-1.5611e-01]],

         [[-1.8603e-02]],

         [[ 3.4985e-02]],

         [[ 9.4542e-02]],

         [[-1.3285e-02]],

         [[ 9.3999e-02]],

         [[ 2.1816e-02]],

         [[-1.4435e-01]],

         [[-3.0483e-02]],

         [[-2.0345e-01]],

         [[-3.8463e-02]],

         [[ 6.9883e-02]],

         [[-1.4797e-02]],

         [[ 7.9613e-02]],

         [[ 1.1636e-02]],

         [[ 3.6866e-02]],

         [[-1.1055e-01]],

         [[-2.1451e-02]],

         [[ 6.2922e-02]],

         [[ 1.1862e-01]],

         [[ 5.7557e-02]],

         [[-2.2211e-01]],

         [[ 5.9329e-03]],

         [[ 4.6445e-02]],

         [[ 1.9272e-01]],

         [[-1.3547e-01]],

         [[ 5.5632e-02]],

         [[-2.1928e-01]],

         [[ 9.6574e-02]],

         [[-2.3573e-03]],

         [[-5.3844e-02]],

         [[-2.5228e-02]],

         [[ 3.1723e-02]],

         [[ 1.2922e-01]],

         [[ 1.7459e-01]],

         [[-5.8868e-02]],

         [[ 3.3955e-01]],

         [[ 1.1323e-01]],

         [[ 2.9526e-02]],

         [[-1.1974e-01]],

         [[-1.5241e-01]],

         [[ 1.4947e-01]],

         [[-1.8172e-01]],

         [[ 6.6821e-02]],

         [[-3.6710e-01]],

         [[-1.1717e-01]],

         [[-2.2132e-02]],

         [[-3.6928e-01]],

         [[-3.5043e-01]],

         [[ 5.5924e-02]],

         [[ 1.3412e-01]],

         [[-1.5861e-01]],

         [[-1.3654e-01]],

         [[ 7.0048e-02]],

         [[ 3.8770e-02]],

         [[-2.6554e-02]],

         [[ 7.9923e-03]],

         [[ 1.3558e-01]],

         [[ 2.3202e-01]],

         [[ 2.0900e-01]],

         [[ 1.6716e-01]],

         [[ 1.8728e-01]],

         [[-1.6408e-01]],

         [[ 1.8545e-01]],

         [[ 2.6534e-01]],

         [[-4.9729e-02]],

         [[-2.9314e-01]],

         [[-1.4088e-01]],

         [[-8.1885e-02]]],


        [[[-4.4000e-01]],

         [[-1.0319e-01]],

         [[-7.2719e-02]],

         [[-1.2945e-01]],

         [[ 4.0652e-02]],

         [[-2.0757e-01]],

         [[ 7.4012e-03]],

         [[-2.4345e-01]],

         [[-2.7462e-02]],

         [[-2.6615e-02]],

         [[ 3.3431e-02]],

         [[ 6.8967e-02]],

         [[ 2.6607e-01]],

         [[-1.5869e-02]],

         [[-3.3346e-01]],

         [[-7.4091e-02]],

         [[-2.3309e-01]],

         [[-3.4264e-02]],

         [[ 9.1046e-02]],

         [[-5.5595e-02]],

         [[ 1.3020e-02]],

         [[ 7.6711e-02]],

         [[-1.7588e-01]],

         [[-4.8582e-03]],

         [[-1.1324e-01]],

         [[ 7.0550e-02]],

         [[-1.9847e-02]],

         [[-5.3935e-02]],

         [[-9.1186e-02]],

         [[-7.0018e-02]],

         [[ 1.6714e-01]],

         [[ 4.2857e-01]],

         [[-1.2939e-02]],

         [[-4.8097e-03]],

         [[-7.4907e-02]],

         [[-6.6533e-02]],

         [[-2.4474e-01]],

         [[ 1.4317e-01]],

         [[ 2.6519e-02]],

         [[ 4.0926e-01]],

         [[ 9.3327e-02]],

         [[-8.4702e-02]],

         [[-5.6236e-02]],

         [[ 6.8613e-02]],

         [[-6.7738e-03]],

         [[ 5.8592e-02]],

         [[ 2.7422e-03]],

         [[ 7.8763e-03]],

         [[-1.1053e-01]],

         [[-3.1448e-01]],

         [[ 1.6604e-01]],

         [[-1.7047e-01]],

         [[ 3.3312e-03]],

         [[ 7.6341e-04]],

         [[ 2.2650e-02]],

         [[ 1.2999e-01]],

         [[-2.3763e-01]],

         [[ 2.8409e-01]],

         [[-5.4526e-02]],

         [[-2.9222e-01]],

         [[ 1.3835e-03]],

         [[ 4.5688e-02]],

         [[-1.8451e-02]],

         [[ 6.4082e-02]],

         [[-1.5702e-01]],

         [[-9.4370e-02]],

         [[ 2.4694e-01]],

         [[ 6.2381e-02]],

         [[ 3.7404e-02]],

         [[ 2.8960e-02]],

         [[-1.0502e-01]],

         [[-1.0979e-01]],

         [[-5.7980e-02]],

         [[-5.7878e-02]],

         [[ 3.7078e-01]],

         [[ 2.1446e-01]],

         [[-7.7726e-03]],

         [[ 1.2838e-01]],

         [[-9.3818e-02]],

         [[ 4.0078e-02]],

         [[ 2.2506e-02]],

         [[ 2.1303e-02]],

         [[ 8.9908e-02]],

         [[-3.2526e-02]],

         [[ 9.5452e-02]],

         [[-1.0171e-02]],

         [[ 1.7608e-01]],

         [[-2.1844e-02]],

         [[-1.2937e-01]],

         [[-3.0065e-02]],

         [[ 9.0435e-02]],

         [[-3.9344e-02]],

         [[ 4.0195e-01]],

         [[ 1.6443e-02]],

         [[ 4.7719e-02]],

         [[-3.1280e-02]],

         [[-2.3002e-03]],

         [[-2.1561e-02]],

         [[-5.5969e-02]],

         [[ 8.6370e-02]],

         [[-8.7554e-02]],

         [[ 5.9585e-02]],

         [[-6.1923e-03]],

         [[-1.9648e-01]],

         [[ 4.9641e-02]],

         [[-8.7875e-02]],

         [[ 5.3925e-02]],

         [[-1.3238e-01]],

         [[ 7.0577e-02]],

         [[ 1.8216e-02]],

         [[ 5.2877e-01]],

         [[ 2.0447e-03]],

         [[ 2.4856e-02]],

         [[ 6.2068e-02]],

         [[-7.4586e-02]],

         [[-6.0620e-02]],

         [[ 9.0506e-02]],

         [[ 6.3017e-02]],

         [[-3.7352e-02]],

         [[-1.4411e-02]],

         [[-3.9266e-02]],

         [[ 4.7369e-02]],

         [[ 2.7657e-03]],

         [[ 2.0416e-01]],

         [[ 8.9055e-02]],

         [[ 3.7592e-02]],

         [[ 1.7046e-02]],

         [[ 1.1738e-02]],

         [[-1.6447e-01]],

         [[ 4.0351e-01]],

         [[ 5.7734e-02]],

         [[-9.3225e-02]],

         [[ 7.4671e-02]],

         [[-8.8012e-02]],

         [[ 1.1285e-02]],

         [[ 1.8358e-02]],

         [[-1.4386e-01]],

         [[ 3.2542e-04]],

         [[-2.8016e-01]],

         [[-7.7867e-02]],

         [[-1.2229e-01]],

         [[ 1.1607e-01]],

         [[-1.4235e-01]],

         [[ 3.1013e-02]]],


        [[[-7.2666e-03]],

         [[ 1.1430e-02]],

         [[ 1.4105e-02]],

         [[-1.1716e-01]],

         [[-3.5351e-02]],

         [[-2.5278e-01]],

         [[ 5.9437e-02]],

         [[ 9.4242e-02]],

         [[-5.3953e-02]],

         [[-5.7104e-02]],

         [[ 5.2170e-02]],

         [[-1.0872e-01]],

         [[ 2.6082e-01]],

         [[ 1.5528e-01]],

         [[ 5.6571e-02]],

         [[ 1.2136e-01]],

         [[-6.6021e-02]],

         [[-1.1886e-01]],

         [[ 3.5998e-01]],

         [[-2.2712e-01]],

         [[ 2.0246e-02]],

         [[ 1.3916e-01]],

         [[-1.7104e-01]],

         [[-1.8144e-01]],

         [[-4.9655e-02]],

         [[ 5.8677e-02]],

         [[-3.4206e-02]],

         [[-6.8034e-02]],

         [[-3.7797e-02]],

         [[-1.9432e-01]],

         [[ 3.2633e-01]],

         [[ 1.3159e-01]],

         [[ 1.0636e-01]],

         [[-1.1991e-01]],

         [[ 7.5271e-02]],

         [[-1.7988e-02]],

         [[ 2.5670e-01]],

         [[ 2.1589e-01]],

         [[ 3.0248e-02]],

         [[-1.1583e-02]],

         [[-1.1044e-01]],

         [[-5.8728e-02]],

         [[-3.0353e-02]],

         [[-2.4561e-02]],

         [[ 5.9050e-02]],

         [[-2.4450e-01]],

         [[-4.3031e-02]],

         [[-9.4517e-02]],

         [[-3.7295e-02]],

         [[ 9.7606e-02]],

         [[-1.2117e-02]],

         [[ 1.2844e-01]],

         [[-5.3725e-02]],

         [[-2.3437e-02]],

         [[ 1.6355e-02]],

         [[ 3.0269e-01]],

         [[ 7.5699e-02]],

         [[-1.5988e-01]],

         [[-4.5489e-02]],

         [[ 2.3321e-01]],

         [[ 2.8129e-02]],

         [[-6.3000e-02]],

         [[ 7.8648e-03]],

         [[ 1.2155e-01]],

         [[-1.4271e-01]],

         [[-1.7031e-02]],

         [[ 8.6412e-02]],

         [[ 2.7609e-01]],

         [[ 1.7947e-01]],

         [[-6.8885e-02]],

         [[-4.5031e-02]],

         [[-1.1645e-01]],

         [[-3.9458e-02]],

         [[ 7.8757e-02]],

         [[ 3.6486e-01]],

         [[ 9.4565e-02]],

         [[ 1.1576e-01]],

         [[ 3.3619e-01]],

         [[-8.0982e-02]],

         [[ 2.6156e-02]],

         [[-1.7133e-02]],

         [[ 2.0083e-02]],

         [[ 1.0684e-02]],

         [[-7.2177e-02]],

         [[ 2.4064e-02]],

         [[ 4.5212e-02]],

         [[ 1.0096e-01]],

         [[ 8.4434e-02]],

         [[ 1.0791e-02]],

         [[-8.9681e-02]],

         [[-5.2676e-02]],

         [[-2.1728e-01]],

         [[-5.9503e-02]],

         [[-7.8164e-03]],

         [[ 5.6312e-02]],

         [[ 1.0922e-01]],

         [[-3.0586e-01]],

         [[ 4.4191e-02]],

         [[ 2.0303e-02]],

         [[ 6.4644e-02]],

         [[-2.1770e-01]],

         [[ 1.1319e-01]],

         [[ 5.6192e-02]],

         [[-7.3897e-02]],

         [[ 1.0563e-01]],

         [[ 3.0321e-01]],

         [[ 2.3528e-02]],

         [[ 2.1905e-01]],

         [[-1.1796e-01]],

         [[-3.2591e-02]],

         [[ 2.3556e-02]],

         [[ 2.1189e-02]],

         [[-4.1583e-02]],

         [[-2.1345e-02]],

         [[-4.6201e-02]],

         [[-1.2395e-01]],

         [[-1.1506e-02]],

         [[ 1.2745e-03]],

         [[-2.8627e-02]],

         [[-7.8335e-03]],

         [[-1.2080e-01]],

         [[ 1.1204e-01]],

         [[ 2.1561e-02]],

         [[ 9.3601e-03]],

         [[-4.2616e-03]],

         [[ 5.2494e-02]],

         [[-1.3355e-02]],

         [[-7.3919e-02]],

         [[ 4.2064e-01]],

         [[ 1.5238e-01]],

         [[-2.5627e-03]],

         [[-1.5686e-02]],

         [[ 1.0868e-01]],

         [[-1.1126e-01]],

         [[-5.3826e-02]],

         [[ 2.9940e-03]],

         [[-1.3742e-01]],

         [[-4.3128e-02]],

         [[-4.2050e-01]],

         [[ 4.5836e-02]],

         [[ 1.2389e-02]],

         [[ 1.2868e-01]],

         [[-8.4222e-02]],

         [[-2.2547e-02]]],


        [[[ 3.0522e-01]],

         [[ 2.8915e-02]],

         [[ 7.9331e-02]],

         [[ 6.0202e-02]],

         [[ 4.6875e-02]],

         [[ 2.7989e-01]],

         [[ 2.5179e-02]],

         [[-5.9459e-02]],

         [[-2.8350e-02]],

         [[-8.1340e-02]],

         [[ 4.1306e-02]],

         [[ 7.6690e-02]],

         [[ 1.7362e-01]],

         [[-1.9828e-02]],

         [[ 2.5397e-01]],

         [[-2.1418e-01]],

         [[-4.2680e-01]],

         [[-1.0502e-01]],

         [[-2.4335e-01]],

         [[-2.9980e-01]],

         [[ 3.8388e-02]],

         [[ 9.4817e-02]],

         [[ 2.6481e-01]],

         [[-7.8365e-02]],

         [[-1.8730e-02]],

         [[ 1.2560e-01]],

         [[ 6.6486e-02]],

         [[-4.7522e-02]],

         [[ 3.6429e-02]],

         [[-5.1594e-02]],

         [[ 2.6454e-02]],

         [[-2.7997e-01]],

         [[-2.3108e-01]],

         [[ 4.9086e-02]],

         [[ 8.4655e-02]],

         [[ 3.7265e-02]],

         [[-1.1482e-02]],

         [[ 2.3428e-01]],

         [[-1.0321e-01]],

         [[-1.4556e-01]],

         [[-2.3934e-01]],

         [[-2.0791e-01]],

         [[ 7.9816e-02]],

         [[ 2.2886e-02]],

         [[ 7.7387e-02]],

         [[-3.6622e-02]],

         [[ 6.3180e-02]],

         [[-2.0197e-01]],

         [[ 1.0713e-02]],

         [[ 1.2981e-01]],

         [[ 1.7979e-01]],

         [[ 2.7137e-02]],

         [[ 2.0910e-02]],

         [[-2.1175e-02]],

         [[-1.2852e-02]],

         [[ 3.3441e-01]],

         [[ 2.6459e-01]],

         [[ 3.1258e-01]],

         [[ 5.7228e-02]],

         [[-1.4066e-01]],

         [[ 4.6411e-02]],

         [[ 6.2294e-02]],

         [[ 1.7511e-02]],

         [[ 2.6119e-02]],

         [[-2.3531e-01]],

         [[ 9.7005e-02]],

         [[-2.2483e-02]],

         [[-1.6670e-01]],

         [[-1.3701e-01]],

         [[-6.3698e-02]],

         [[ 8.0945e-03]],

         [[ 1.4657e-01]],

         [[-1.6516e-02]],

         [[ 2.6164e-01]],

         [[-5.5252e-01]],

         [[ 1.6166e-01]],

         [[-1.1200e-01]],

         [[ 4.1023e-01]],

         [[-6.7934e-02]],

         [[ 3.6593e-02]],

         [[-6.1403e-03]],

         [[ 4.2761e-02]],

         [[-6.2774e-02]],

         [[-1.3802e-02]],

         [[ 1.4600e-01]],

         [[-7.5358e-02]],

         [[-1.4345e-01]],

         [[-9.8079e-02]],

         [[-3.7531e-02]],

         [[ 1.6809e-01]],

         [[-4.2218e-02]],

         [[ 7.4419e-02]],

         [[-1.7569e-01]],

         [[-9.6377e-02]],

         [[-3.2078e-02]],

         [[ 1.4515e-01]],

         [[-4.2942e-01]],

         [[-9.7406e-02]],

         [[ 1.7544e-01]],

         [[ 6.0438e-02]],

         [[ 1.2752e-01]],

         [[-2.2020e-02]],

         [[-1.0422e-02]],

         [[-2.3587e-02]],

         [[ 1.7032e-02]],

         [[-1.1967e-01]],

         [[-7.2530e-02]],

         [[ 1.5017e-01]],

         [[ 2.9603e-01]],

         [[ 3.6415e-02]],

         [[-3.5538e-01]],

         [[-1.8654e-01]],

         [[-9.4948e-02]],

         [[ 1.3046e-01]],

         [[-3.2206e-02]],

         [[-1.2569e-01]],

         [[ 2.8207e-02]],

         [[ 3.3134e-02]],

         [[-1.8654e-02]],

         [[ 2.0918e-02]],

         [[-3.2237e-01]],

         [[-2.7555e-01]],

         [[ 8.6129e-02]],

         [[ 1.9297e-01]],

         [[-1.4686e-02]],

         [[ 1.2712e-01]],

         [[-3.0686e-03]],

         [[ 1.6627e-01]],

         [[ 2.4145e-01]],

         [[ 6.2357e-03]],

         [[ 1.3446e-01]],

         [[ 1.5593e-03]],

         [[-4.8174e-02]],

         [[-7.6647e-02]],

         [[-8.7023e-02]],

         [[-8.5550e-02]],

         [[ 1.3614e-01]],

         [[ 1.2084e-02]],

         [[ 3.3501e-01]],

         [[-6.7628e-02]],

         [[ 1.1367e-01]],

         [[ 9.3362e-02]],

         [[-2.6189e-01]],

         [[-3.5046e-02]]],


        [[[-1.2491e-02]],

         [[-2.5361e-02]],

         [[ 3.2798e-02]],

         [[-2.7007e-03]],

         [[-1.8093e-02]],

         [[ 6.7924e-02]],

         [[ 1.6610e-02]],

         [[ 1.2395e-02]],

         [[ 8.6166e-03]],

         [[-1.3902e-02]],

         [[ 2.6555e-02]],

         [[ 4.8628e-02]],

         [[-3.9185e-02]],

         [[-5.2091e-02]],

         [[-1.1110e-02]],

         [[ 4.2369e-02]],

         [[ 3.8506e-02]],

         [[-5.8677e-02]],

         [[-4.0434e-02]],

         [[ 6.9321e-02]],

         [[-5.7811e-03]],

         [[ 4.0855e-02]],

         [[-6.7151e-03]],

         [[ 1.2260e-02]],

         [[-1.1248e-02]],

         [[ 8.0007e-02]],

         [[-7.0913e-03]],

         [[-2.2974e-02]],

         [[-9.1660e-03]],

         [[ 1.9598e-02]],

         [[ 1.3312e-02]],

         [[ 2.4663e-02]],

         [[-7.0731e-02]],

         [[-4.2937e-02]],

         [[-3.9579e-02]],

         [[-2.1189e-02]],

         [[ 1.2132e-02]],

         [[ 1.8677e-02]],

         [[-2.3969e-02]],

         [[ 1.1076e-03]],

         [[-6.2876e-02]],

         [[-1.8841e-02]],

         [[ 4.3141e-03]],

         [[-5.0128e-04]],

         [[ 5.9235e-02]],

         [[ 4.8150e-02]],

         [[-1.0801e-02]],

         [[-2.7939e-02]],

         [[-4.3600e-02]],

         [[-2.8877e-02]],

         [[ 4.2704e-03]],

         [[-2.0044e-02]],

         [[-3.3199e-02]],

         [[-7.7349e-03]],

         [[-4.3437e-02]],

         [[-5.9838e-02]],

         [[-8.8788e-03]],

         [[-2.2176e-01]],

         [[-3.5837e-02]],

         [[-6.3866e-02]],

         [[-1.0248e-02]],

         [[-1.6690e-01]],

         [[-4.5727e-03]],

         [[ 2.8462e-02]],

         [[ 4.7586e-02]],

         [[ 1.2378e-02]],

         [[ 2.5478e-02]],

         [[ 2.6482e-02]],

         [[ 2.9026e-03]],

         [[-3.1458e-02]],

         [[-4.6715e-02]],

         [[-2.6275e-02]],

         [[-2.3446e-02]],

         [[-6.1413e-02]],

         [[ 3.9289e-02]],

         [[-4.1105e-02]],

         [[-4.5385e-02]],

         [[-2.0598e-02]],

         [[-1.0950e-02]],

         [[-1.3681e-03]],

         [[ 6.4074e-02]],

         [[-3.0263e-02]],

         [[ 1.0546e-02]],

         [[-3.0564e-03]],

         [[-1.9594e-03]],

         [[ 3.9738e-02]],

         [[-2.1883e-02]],

         [[ 9.9844e-02]],

         [[ 5.2647e-03]],

         [[-5.1501e-02]],

         [[-2.3222e-02]],

         [[ 9.6508e-03]],

         [[-4.2600e-03]],

         [[-2.9997e-03]],

         [[ 3.6067e-03]],

         [[ 9.2331e-02]],

         [[-6.7990e-02]],

         [[ 1.2494e-02]],

         [[ 1.2118e-02]],

         [[ 1.3446e-02]],

         [[ 4.4957e-02]],

         [[ 1.6371e-03]],

         [[-2.5492e-02]],

         [[ 4.6478e-02]],

         [[ 2.2855e-02]],

         [[ 2.4135e-02]],

         [[-5.2180e-02]],

         [[-7.8521e-03]],

         [[ 7.2734e-02]],

         [[-7.2927e-03]],

         [[ 3.6014e-02]],

         [[ 3.3289e-03]],

         [[-7.1938e-03]],

         [[-2.5173e-02]],

         [[-1.9301e-02]],

         [[-5.8717e-02]],

         [[ 2.6170e-02]],

         [[ 4.9970e-03]],

         [[ 2.2383e-02]],

         [[-5.4291e-03]],

         [[ 7.6846e-02]],

         [[ 5.2833e-03]],

         [[ 2.9004e-02]],

         [[ 6.8875e-02]],

         [[-4.6344e-03]],

         [[ 2.3255e-02]],

         [[ 8.0117e-03]],

         [[-5.2917e-02]],

         [[-4.6379e-01]],

         [[-3.0890e-02]],

         [[-3.5203e-02]],

         [[ 2.5529e-03]],

         [[ 1.3225e-02]],

         [[-6.8706e-04]],

         [[ 1.8118e-02]],

         [[-2.2089e-03]],

         [[ 8.1765e-03]],

         [[-1.3659e-02]],

         [[ 1.4511e-02]],

         [[ 9.9055e-03]],

         [[ 5.4620e-02]],

         [[ 2.3896e-02]],

         [[ 1.3666e-03]],

         [[-1.8698e-02]]]]), 'model.features.3.0.block.2.fc1.bias': tensor([1.5704, 0.7219, 0.2967, 0.2205, 0.9168, 1.1193]), 'model.features.3.0.block.2.fc2.weight': tensor([[[[ 2.3225e-01]],

         [[-2.9851e-02]],

         [[ 8.0382e-02]],

         [[-1.1102e-02]],

         [[-1.8468e-02]],

         [[-5.4673e-03]]],


        [[[-3.2343e-02]],

         [[ 1.9533e-01]],

         [[ 1.9593e-01]],

         [[ 3.5290e-01]],

         [[ 1.9759e-01]],

         [[ 1.2359e-02]]],


        [[[-1.1050e-01]],

         [[ 9.4846e-02]],

         [[ 1.0893e-01]],

         [[ 2.4081e-02]],

         [[ 1.1177e-01]],

         [[-3.1085e-03]]],


        [[[ 4.1946e-02]],

         [[-3.3115e-02]],

         [[ 7.5207e-02]],

         [[ 1.5624e-01]],

         [[-8.6605e-02]],

         [[-1.4984e-01]]],


        [[[-3.1345e-03]],

         [[-2.4427e-02]],

         [[-4.8463e-02]],

         [[ 2.5168e-02]],

         [[-5.0156e-02]],

         [[-1.1861e-01]]],


        [[[ 7.4838e-02]],

         [[-4.2822e-02]],

         [[-8.6787e-04]],

         [[ 1.8831e-02]],

         [[-1.2322e-01]],

         [[ 2.0117e-04]]],


        [[[-3.2840e-02]],

         [[ 2.2487e-01]],

         [[-3.6982e-02]],

         [[-6.5548e-02]],

         [[-8.6054e-02]],

         [[-3.1908e-02]]],


        [[[-2.8997e-02]],

         [[ 8.9099e-02]],

         [[ 1.2299e-01]],

         [[-1.7510e-01]],

         [[ 7.8529e-02]],

         [[-4.9101e-02]]],


        [[[ 2.3318e-02]],

         [[-5.0175e-01]],

         [[ 7.7756e-02]],

         [[ 4.0919e-04]],

         [[ 7.6106e-02]],

         [[-1.1909e-02]]],


        [[[ 6.4126e-02]],

         [[ 2.0953e-01]],

         [[-5.1895e-02]],

         [[-3.9615e-02]],

         [[-9.1971e-02]],

         [[-6.0093e-02]]],


        [[[ 1.0527e-01]],

         [[ 1.7574e-01]],

         [[ 5.0784e-02]],

         [[ 8.7983e-03]],

         [[-6.8155e-02]],

         [[ 6.1478e-02]]],


        [[[ 3.4904e-02]],

         [[ 1.3894e-01]],

         [[-1.4433e-02]],

         [[ 1.3889e-01]],

         [[-7.3527e-02]],

         [[ 2.4537e-02]]],


        [[[ 1.7299e-02]],

         [[-1.2935e-01]],

         [[ 2.3729e-01]],

         [[ 1.0983e-01]],

         [[ 6.3407e-02]],

         [[ 5.3174e-02]]],


        [[[ 8.3242e-02]],

         [[ 1.1647e-01]],

         [[ 8.6559e-02]],

         [[ 6.5035e-02]],

         [[-1.5212e-02]],

         [[-6.0984e-02]]],


        [[[ 9.2016e-02]],

         [[ 9.4952e-02]],

         [[ 2.2409e-02]],

         [[ 2.4508e-01]],

         [[ 1.1596e-01]],

         [[ 3.7841e-02]]],


        [[[ 1.2611e-01]],

         [[ 4.1699e-02]],

         [[-7.2423e-02]],

         [[-1.1881e-01]],

         [[ 1.0119e-01]],

         [[ 1.7404e-02]]],


        [[[ 1.0511e-01]],

         [[-6.0149e-03]],

         [[-3.0656e-02]],

         [[ 1.1502e-01]],

         [[ 3.1567e-02]],

         [[ 3.1146e-02]]],


        [[[ 1.0756e-01]],

         [[ 5.0419e-02]],

         [[ 1.0043e-01]],

         [[ 9.9899e-02]],

         [[ 1.6832e-01]],

         [[-6.6012e-02]]],


        [[[ 8.5708e-02]],

         [[ 8.9968e-02]],

         [[-1.3564e-03]],

         [[-1.1966e-01]],

         [[ 1.3306e-01]],

         [[-3.6706e-02]]],


        [[[ 7.3812e-02]],

         [[ 5.0087e-02]],

         [[-7.1672e-02]],

         [[ 2.5990e-01]],

         [[ 1.6684e-01]],

         [[-9.6975e-02]]],


        [[[-4.7010e-03]],

         [[ 1.5592e-01]],

         [[-3.7654e-02]],

         [[ 2.3752e-03]],

         [[ 1.7405e-02]],

         [[-7.1559e-02]]],


        [[[-5.5096e-02]],

         [[-2.1103e-01]],

         [[ 1.1764e-01]],

         [[ 1.0719e-01]],

         [[ 4.1593e-02]],

         [[-1.9993e-02]]],


        [[[-1.0753e-01]],

         [[ 4.8904e-02]],

         [[ 1.9719e-01]],

         [[ 1.7159e-01]],

         [[-3.0723e-01]],

         [[-2.5250e-03]]],


        [[[ 2.9068e-01]],

         [[-5.6023e-02]],

         [[-5.3812e-02]],

         [[-7.5144e-02]],

         [[ 1.8389e-01]],

         [[-2.0305e-02]]],


        [[[ 1.8694e-01]],

         [[ 1.0081e-01]],

         [[ 1.5424e-01]],

         [[ 3.8916e-02]],

         [[ 1.8315e-01]],

         [[-4.8142e-02]]],


        [[[ 1.2257e-01]],

         [[ 5.6790e-03]],

         [[ 2.8210e-01]],

         [[ 6.7887e-02]],

         [[ 9.3423e-02]],

         [[ 5.7543e-02]]],


        [[[ 4.0787e-02]],

         [[ 7.8634e-02]],

         [[-2.0835e-02]],

         [[ 4.2469e-02]],

         [[ 5.1097e-02]],

         [[-5.4372e-02]]],


        [[[ 5.0938e-02]],

         [[ 9.4585e-02]],

         [[-2.8599e-02]],

         [[ 2.8078e-02]],

         [[-8.5642e-02]],

         [[-1.1665e-01]]],


        [[[ 6.1539e-02]],

         [[ 2.5465e-01]],

         [[ 1.6890e-01]],

         [[ 1.1561e-01]],

         [[ 1.3941e-01]],

         [[-4.4890e-02]]],


        [[[-3.2685e-02]],

         [[-4.5144e-02]],

         [[-1.8794e-02]],

         [[ 8.0347e-02]],

         [[-6.1728e-02]],

         [[ 7.3695e-03]]],


        [[[-5.0547e-02]],

         [[ 2.7459e-02]],

         [[ 7.8908e-02]],

         [[ 2.1557e-01]],

         [[-4.2608e-03]],

         [[ 5.2795e-02]]],


        [[[ 9.7305e-02]],

         [[-2.0222e-02]],

         [[-2.1303e-01]],

         [[-1.3369e-01]],

         [[ 8.5100e-02]],

         [[ 5.0624e-02]]],


        [[[ 3.2874e-02]],

         [[ 3.8524e-01]],

         [[-7.3181e-03]],

         [[-7.7541e-03]],

         [[-1.8462e-01]],

         [[ 1.7399e-02]]],


        [[[ 1.5605e-01]],

         [[ 1.2632e-01]],

         [[ 1.3448e-02]],

         [[ 4.8322e-02]],

         [[-7.1892e-02]],

         [[-9.1655e-02]]],


        [[[ 7.1618e-02]],

         [[ 2.6326e-01]],

         [[-7.3411e-02]],

         [[-8.9383e-02]],

         [[-6.6385e-02]],

         [[-1.6468e-02]]],


        [[[-4.4453e-02]],

         [[ 8.5203e-02]],

         [[-6.3047e-03]],

         [[ 5.2568e-02]],

         [[-3.6989e-02]],

         [[-1.3694e-01]]],


        [[[ 1.1247e-01]],

         [[-6.0796e-02]],

         [[-4.4472e-01]],

         [[-1.4773e-01]],

         [[ 1.6223e-01]],

         [[ 1.3519e-02]]],


        [[[ 6.6775e-02]],

         [[ 1.1629e-01]],

         [[ 7.6497e-02]],

         [[ 1.0651e-01]],

         [[ 1.3136e-01]],

         [[ 3.3902e-02]]],


        [[[ 3.7758e-02]],

         [[-1.7351e-01]],

         [[-5.3013e-02]],

         [[-6.3948e-02]],

         [[-6.6318e-02]],

         [[-1.4121e-02]]],


        [[[ 1.2264e-02]],

         [[-9.5225e-02]],

         [[-5.2848e-01]],

         [[-4.0459e-02]],

         [[-5.1077e-02]],

         [[-1.1763e-01]]],


        [[[ 1.3492e-01]],

         [[ 2.5894e-01]],

         [[ 2.9673e-01]],

         [[ 4.1796e-02]],

         [[ 2.5511e-01]],

         [[-4.3108e-03]]],


        [[[-1.9971e-02]],

         [[ 2.1823e-01]],

         [[-6.4735e-02]],

         [[-7.5767e-02]],

         [[-1.8427e-01]],

         [[ 1.5758e-03]]],


        [[[-4.2187e-02]],

         [[ 1.4215e-01]],

         [[ 7.9906e-02]],

         [[ 6.7809e-02]],

         [[ 6.7930e-02]],

         [[-2.4099e-02]]],


        [[[ 7.9987e-02]],

         [[-5.5376e-02]],

         [[ 9.9802e-03]],

         [[ 1.7711e-02]],

         [[ 3.3993e-02]],

         [[-4.2703e-02]]],


        [[[ 6.3494e-02]],

         [[ 1.6283e-01]],

         [[ 1.9113e-01]],

         [[ 1.2588e-01]],

         [[ 2.5310e-01]],

         [[-1.0810e-02]]],


        [[[ 1.2935e-01]],

         [[ 5.0860e-02]],

         [[ 1.7891e-01]],

         [[ 3.4654e-02]],

         [[ 2.9944e-02]],

         [[-1.2180e-02]]],


        [[[-1.0466e-02]],

         [[ 1.8347e-01]],

         [[ 2.0102e-01]],

         [[ 1.8346e-01]],

         [[ 2.8310e-01]],

         [[-1.1195e-03]]],


        [[[ 2.3117e-02]],

         [[ 9.2729e-03]],

         [[-7.2816e-02]],

         [[ 9.4917e-03]],

         [[ 7.3620e-02]],

         [[-4.4666e-02]]],


        [[[ 7.4807e-02]],

         [[-3.7234e-02]],

         [[ 7.3130e-03]],

         [[ 7.3151e-03]],

         [[ 1.1312e-01]],

         [[-1.0470e-01]]],


        [[[ 2.5092e-01]],

         [[-3.9995e-02]],

         [[-1.0637e-01]],

         [[ 2.2473e-02]],

         [[ 1.7160e-01]],

         [[ 7.0449e-02]]],


        [[[-4.9776e-03]],

         [[ 4.1615e-01]],

         [[-1.7087e-02]],

         [[-5.1743e-02]],

         [[ 6.6455e-02]],

         [[ 1.9464e-02]]],


        [[[-4.3150e-02]],

         [[ 1.0605e-01]],

         [[ 5.0212e-02]],

         [[-9.6052e-02]],

         [[ 2.3762e-01]],

         [[ 7.3352e-02]]],


        [[[-8.6605e-02]],

         [[ 1.3054e-01]],

         [[-4.7970e-02]],

         [[ 1.3919e-02]],

         [[ 9.0309e-02]],

         [[-1.5654e-02]]],


        [[[ 1.2467e-01]],

         [[ 5.6419e-02]],

         [[ 2.5624e-02]],

         [[ 2.5792e-02]],

         [[ 2.6419e-02]],

         [[-1.7177e-02]]],


        [[[ 1.3787e-01]],

         [[-9.3406e-02]],

         [[ 1.8113e-01]],

         [[ 8.7387e-02]],

         [[ 5.2167e-02]],

         [[-4.6905e-02]]],


        [[[ 3.2481e-01]],

         [[-1.1567e-01]],

         [[-7.7945e-02]],

         [[-8.5948e-02]],

         [[-1.9689e-01]],

         [[-4.1237e-02]]],


        [[[ 1.2801e-01]],

         [[ 8.8372e-02]],

         [[ 3.2156e-01]],

         [[-4.2938e-02]],

         [[ 1.9692e-01]],

         [[-7.1372e-03]]],


        [[[ 1.4245e-01]],

         [[-1.1743e-01]],

         [[-2.0479e-01]],

         [[ 3.5862e-02]],

         [[-3.3977e-01]],

         [[-4.4887e-01]]],


        [[[ 2.4784e-02]],

         [[ 3.1590e-01]],

         [[-6.9122e-02]],

         [[-5.9120e-02]],

         [[-1.3937e-01]],

         [[ 5.5128e-03]]],


        [[[-1.4757e-02]],

         [[ 5.8776e-02]],

         [[-1.5200e-01]],

         [[-1.2764e-01]],

         [[ 6.2095e-03]],

         [[-7.8293e-02]]],


        [[[ 7.2059e-02]],

         [[ 2.0380e-01]],

         [[-2.5906e-02]],

         [[-4.2704e-02]],

         [[-1.0267e-01]],

         [[ 4.9859e-02]]],


        [[[ 2.5072e-02]],

         [[-5.1802e-02]],

         [[-1.1182e-02]],

         [[ 4.7477e-03]],

         [[-1.1929e-01]],

         [[-2.2630e-01]]],


        [[[-6.5762e-02]],

         [[ 1.1835e-01]],

         [[ 6.3037e-02]],

         [[ 1.7814e-01]],

         [[-3.3712e-02]],

         [[-8.1513e-02]]],


        [[[ 7.3591e-01]],

         [[-3.1131e-02]],

         [[ 3.7777e-02]],

         [[-8.6901e-02]],

         [[-1.5401e-01]],

         [[-6.8173e-02]]],


        [[[ 1.4416e-01]],

         [[-1.0414e-01]],

         [[ 2.5200e-02]],

         [[-4.7138e-01]],

         [[-1.1371e-01]],

         [[-5.4986e-01]]],


        [[[-5.1793e-03]],

         [[ 5.1263e-02]],

         [[ 1.1900e-01]],

         [[ 1.0157e-02]],

         [[ 1.5268e-01]],

         [[-1.0510e-02]]],


        [[[-8.3575e-02]],

         [[-2.2874e-02]],

         [[-1.1058e-01]],

         [[-4.7505e-01]],

         [[ 1.1381e-01]],

         [[ 6.3268e-02]]],


        [[[ 5.5491e-02]],

         [[ 1.9745e-01]],

         [[ 3.0312e-01]],

         [[-1.1387e-02]],

         [[ 2.8047e-02]],

         [[ 7.5079e-03]]],


        [[[-1.8039e-01]],

         [[ 1.6140e-01]],

         [[ 1.3131e-01]],

         [[ 3.3768e-02]],

         [[-2.1435e-01]],

         [[-8.6849e-02]]],


        [[[ 4.2389e-02]],

         [[ 1.0158e-01]],

         [[-1.5314e-02]],

         [[-1.1833e-02]],

         [[ 6.7669e-02]],

         [[-1.8912e-02]]],


        [[[ 1.1399e-01]],

         [[-6.9926e-02]],

         [[ 9.2901e-02]],

         [[ 9.1491e-02]],

         [[ 5.9614e-02]],

         [[-3.1058e-02]]],


        [[[ 1.8728e-01]],

         [[ 7.6114e-02]],

         [[ 1.3738e-01]],

         [[ 2.8780e-02]],

         [[ 1.3338e-01]],

         [[-1.1672e-02]]],


        [[[ 3.6991e-02]],

         [[-6.7824e-02]],

         [[ 1.0900e-01]],

         [[ 3.6008e-02]],

         [[ 6.5228e-02]],

         [[-1.3307e-01]]],


        [[[ 1.1598e-01]],

         [[ 3.1348e-01]],

         [[ 2.3856e-01]],

         [[ 1.5707e-01]],

         [[ 2.1240e-01]],

         [[-3.1679e-02]]],


        [[[-1.6357e-02]],

         [[ 3.2060e-02]],

         [[-1.6880e-03]],

         [[-8.3941e-02]],

         [[ 2.6824e-01]],

         [[ 4.0322e-02]]],


        [[[-2.4168e-02]],

         [[ 3.0441e-01]],

         [[ 1.6935e-01]],

         [[ 7.9935e-02]],

         [[ 6.3702e-02]],

         [[-1.7632e-02]]],


        [[[ 9.3449e-01]],

         [[-2.6020e-02]],

         [[-9.8649e-03]],

         [[-2.4440e-01]],

         [[-2.7895e-02]],

         [[ 3.3647e-02]]],


        [[[-4.8920e-02]],

         [[ 9.6448e-02]],

         [[-9.0578e-03]],

         [[ 6.6786e-02]],

         [[-5.2034e-02]],

         [[-3.3124e-02]]],


        [[[ 1.3812e-01]],

         [[ 1.2900e-01]],

         [[ 1.6476e-01]],

         [[ 4.7695e-02]],

         [[ 2.2150e-01]],

         [[-7.1827e-02]]],


        [[[ 3.0128e-02]],

         [[-1.0124e-01]],

         [[ 8.6563e-04]],

         [[ 2.3142e-03]],

         [[ 5.5949e-02]],

         [[-8.2962e-02]]],


        [[[ 1.0371e+00]],

         [[-6.1748e-02]],

         [[-1.0907e-01]],

         [[-1.9099e-01]],

         [[-1.6010e-01]],

         [[-5.8075e-02]]],


        [[[ 1.7873e-02]],

         [[ 1.7876e-01]],

         [[ 4.9205e-03]],

         [[ 1.6828e-02]],

         [[-2.9328e-02]],

         [[-4.2215e-02]]],


        [[[ 2.6222e-02]],

         [[ 5.1092e-01]],

         [[-1.8226e-01]],

         [[-8.3819e-02]],

         [[-2.1277e-01]],

         [[ 1.5637e-01]]],


        [[[ 4.5315e-02]],

         [[-2.7412e-02]],

         [[-1.8099e-03]],

         [[ 4.1703e-02]],

         [[ 1.1219e-01]],

         [[-4.4722e-02]]],


        [[[ 1.1682e-01]],

         [[-1.4362e-01]],

         [[ 5.4298e-02]],

         [[-3.9981e-03]],

         [[-5.8408e-02]],

         [[-7.5317e-02]]],


        [[[ 1.7797e-01]],

         [[ 5.3317e-02]],

         [[ 1.2367e-02]],

         [[ 3.0855e-02]],

         [[ 3.2864e-02]],

         [[-2.5577e-02]]],


        [[[ 1.5881e-01]],

         [[ 1.2879e-01]],

         [[ 5.3359e-02]],

         [[ 3.3142e-02]],

         [[ 2.0997e-01]],

         [[-1.9399e-02]]],


        [[[ 7.7006e-02]],

         [[ 4.0435e-02]],

         [[-5.7198e-02]],

         [[-5.3970e-04]],

         [[ 1.2206e-01]],

         [[ 6.3178e-02]]],


        [[[ 9.7205e-02]],

         [[ 1.5883e-01]],

         [[ 2.1596e-01]],

         [[ 2.5002e-01]],

         [[ 1.7261e-01]],

         [[ 4.8760e-02]]],


        [[[-1.2297e-01]],

         [[ 8.8990e-03]],

         [[-7.6011e-02]],

         [[-1.0359e-01]],

         [[ 1.2292e-01]],

         [[-1.2030e-02]]],


        [[[-9.7245e-02]],

         [[ 5.2958e-02]],

         [[-3.8999e-02]],

         [[-3.0108e-02]],

         [[-9.1038e-02]],

         [[-1.8890e-01]]],


        [[[ 8.9951e-02]],

         [[ 4.8468e-02]],

         [[-1.1663e-01]],

         [[ 2.4860e-03]],

         [[-4.6911e-02]],

         [[-1.1006e-01]]],


        [[[ 1.9607e-01]],

         [[ 2.3880e-02]],

         [[ 1.0742e-02]],

         [[-5.0917e-02]],

         [[ 6.0616e-02]],

         [[ 6.0004e-03]]],


        [[[ 1.9120e-02]],

         [[-2.2394e-02]],

         [[-1.1042e-02]],

         [[-2.5229e-02]],

         [[ 1.8696e-02]],

         [[-5.0558e-03]]],


        [[[ 7.6907e-03]],

         [[ 2.2730e-01]],

         [[-8.4510e-02]],

         [[-4.4601e-02]],

         [[-8.8377e-02]],

         [[-4.7824e-02]]],


        [[[ 8.9574e-01]],

         [[-1.8302e-01]],

         [[ 2.9082e-03]],

         [[-3.6387e-01]],

         [[-2.4175e-01]],

         [[-4.4037e-02]]],


        [[[-3.3335e-03]],

         [[ 6.6135e-02]],

         [[ 4.4669e-02]],

         [[ 5.9723e-02]],

         [[ 1.0540e-01]],

         [[-1.3027e-01]]],


        [[[-5.5321e-02]],

         [[ 7.7619e-02]],

         [[ 6.4581e-02]],

         [[ 1.1046e-01]],

         [[ 1.0924e-01]],

         [[-1.2721e-01]]],


        [[[ 7.0369e-01]],

         [[-4.5727e-03]],

         [[-5.9958e-02]],

         [[-2.8623e-03]],

         [[ 9.6152e-03]],

         [[-3.1364e-02]]],


        [[[ 6.2224e-02]],

         [[ 2.5360e-01]],

         [[ 1.6726e-01]],

         [[ 1.4220e-01]],

         [[ 1.2518e-01]],

         [[-4.0216e-02]]],


        [[[-1.0304e-02]],

         [[ 8.0383e-02]],

         [[ 1.5986e-01]],

         [[ 2.0229e-01]],

         [[ 1.1890e-02]],

         [[ 1.8684e-02]]],


        [[[-1.3237e+00]],

         [[ 5.3447e-02]],

         [[ 4.1911e-02]],

         [[ 3.4579e-02]],

         [[ 1.9015e-01]],

         [[ 6.2641e-02]]],


        [[[ 1.4701e-01]],

         [[ 1.4780e-01]],

         [[ 3.4753e-02]],

         [[ 5.4707e-03]],

         [[ 7.2022e-02]],

         [[-9.5484e-02]]],


        [[[ 5.2834e-02]],

         [[ 2.3109e-01]],

         [[ 2.9211e-01]],

         [[ 2.1780e-01]],

         [[ 2.1349e-01]],

         [[ 1.1975e-02]]],


        [[[ 7.0655e-03]],

         [[ 1.2326e-01]],

         [[ 9.2922e-02]],

         [[ 2.0040e-01]],

         [[ 5.6826e-02]],

         [[-4.2469e-02]]],


        [[[ 1.7353e-01]],

         [[ 1.8544e-03]],

         [[ 9.4171e-03]],

         [[-1.8843e-01]],

         [[ 7.3325e-02]],

         [[ 9.3889e-02]]],


        [[[-9.7695e-02]],

         [[ 2.1335e-01]],

         [[ 2.2199e-01]],

         [[ 1.2737e-01]],

         [[ 2.3108e-01]],

         [[ 2.7817e-02]]],


        [[[ 2.1548e-01]],

         [[ 6.1637e-02]],

         [[-4.2259e-02]],

         [[-3.6176e-02]],

         [[ 1.0030e-01]],

         [[ 3.0614e-02]]],


        [[[ 1.2945e-01]],

         [[ 1.9860e-01]],

         [[ 3.3184e-01]],

         [[ 2.2585e-01]],

         [[ 3.4121e-01]],

         [[-6.3045e-02]]],


        [[[ 1.1322e-01]],

         [[ 1.9060e-01]],

         [[ 8.0521e-02]],

         [[ 1.0751e-02]],

         [[ 1.3036e-02]],

         [[-3.8009e-02]]],


        [[[ 4.4241e-02]],

         [[-1.1996e-02]],

         [[-2.8042e-01]],

         [[-1.4290e-01]],

         [[ 1.6722e-01]],

         [[-3.0680e-03]]],


        [[[ 1.4538e-02]],

         [[-3.4115e-03]],

         [[ 1.6533e-01]],

         [[ 7.6391e-02]],

         [[ 4.8538e-02]],

         [[-3.8977e-02]]],


        [[[ 6.7877e-02]],

         [[ 2.0441e-01]],

         [[-1.1400e-01]],

         [[-9.4259e-02]],

         [[-8.3352e-02]],

         [[-5.3519e-02]]],


        [[[ 4.7642e-03]],

         [[ 1.2186e-01]],

         [[-7.2669e-02]],

         [[ 4.0645e-02]],

         [[-1.1213e-02]],

         [[-5.2816e-02]]],


        [[[ 2.0161e-01]],

         [[-3.0336e-02]],

         [[ 2.0824e-02]],

         [[ 8.0272e-02]],

         [[ 1.1431e-02]],

         [[-6.2930e-02]]],


        [[[ 1.1120e-02]],

         [[ 1.7385e-01]],

         [[ 1.7055e-01]],

         [[ 2.0692e-01]],

         [[ 9.2210e-02]],

         [[-1.2272e-01]]],


        [[[ 1.5853e-01]],

         [[ 3.2620e-02]],

         [[-1.2477e-01]],

         [[ 1.7027e-02]],

         [[ 7.6459e-02]],

         [[-3.1609e-02]]],


        [[[ 1.0016e-01]],

         [[ 8.7746e-02]],

         [[-3.3300e-04]],

         [[ 8.3028e-02]],

         [[ 6.8243e-02]],

         [[-6.2039e-02]]],


        [[[-4.0646e-02]],

         [[ 1.2063e-01]],

         [[-1.2876e-02]],

         [[ 2.1495e-02]],

         [[ 3.0823e-02]],

         [[ 3.3636e-02]]],


        [[[ 9.4608e-02]],

         [[ 8.8533e-02]],

         [[ 3.0931e-02]],

         [[-1.2960e-02]],

         [[ 1.3277e-01]],

         [[-5.4785e-02]]],


        [[[ 9.8078e-01]],

         [[-2.5063e-01]],

         [[-2.6132e-01]],

         [[-3.1996e-01]],

         [[-4.2187e-01]],

         [[-2.8539e-01]]],


        [[[-3.9107e-03]],

         [[ 8.7231e-02]],

         [[ 1.3652e-01]],

         [[ 2.5274e-01]],

         [[ 1.9663e-03]],

         [[ 4.0486e-03]]],


        [[[-5.8222e-02]],

         [[-2.8059e-02]],

         [[ 8.1545e-02]],

         [[-4.1751e-02]],

         [[-1.6559e-01]],

         [[ 3.7101e-02]]],


        [[[ 8.2682e-02]],

         [[ 4.1934e-01]],

         [[-7.7991e-02]],

         [[-3.3311e-02]],

         [[-5.5853e-02]],

         [[ 4.6982e-02]]],


        [[[-3.3028e-02]],

         [[ 2.2067e-01]],

         [[ 2.2089e-01]],

         [[ 2.7507e-01]],

         [[ 1.8718e-01]],

         [[-7.1091e-03]]],


        [[[ 1.1220e-01]],

         [[ 8.9172e-02]],

         [[ 2.3731e-01]],

         [[ 1.2643e-01]],

         [[ 2.9275e-01]],

         [[-1.9537e-03]]],


        [[[ 1.5288e-01]],

         [[ 9.2027e-02]],

         [[ 6.3912e-02]],

         [[ 5.4019e-02]],

         [[ 5.5575e-02]],

         [[-5.0274e-02]]],


        [[[ 8.8794e-02]],

         [[-1.7582e-01]],

         [[ 6.9701e-02]],

         [[-1.8321e-02]],

         [[ 4.4882e-02]],

         [[-1.1122e-02]]],


        [[[ 9.1328e-02]],

         [[-1.2336e-01]],

         [[-2.2601e-02]],

         [[-2.2485e-01]],

         [[-3.5820e-01]],

         [[-3.2909e-01]]],


        [[[ 1.4537e-01]],

         [[ 3.3642e-02]],

         [[ 3.4543e-02]],

         [[ 7.7702e-02]],

         [[ 6.3115e-02]],

         [[ 1.5168e-02]]],


        [[[ 1.0580e-01]],

         [[-3.0159e-02]],

         [[-2.0425e-02]],

         [[ 6.3010e-02]],

         [[-2.0154e-02]],

         [[-3.4886e-02]]],


        [[[ 8.2246e-02]],

         [[ 2.0796e-01]],

         [[ 2.1580e-01]],

         [[ 1.5230e-01]],

         [[ 1.8212e-01]],

         [[-9.2071e-02]]],


        [[[ 6.7356e-02]],

         [[ 2.1333e-01]],

         [[-3.8064e-02]],

         [[-2.0730e-02]],

         [[-8.5631e-02]],

         [[ 1.4164e-02]]],


        [[[ 5.4167e-02]],

         [[ 6.9355e-03]],

         [[ 6.8089e-02]],

         [[ 3.1467e-03]],

         [[ 9.7379e-02]],

         [[-1.6099e-02]]],


        [[[ 5.8170e-02]],

         [[ 1.7076e-01]],

         [[ 4.0431e-02]],

         [[ 1.4636e-02]],

         [[ 4.7502e-02]],

         [[-9.9401e-02]]],


        [[[ 9.6677e-02]],

         [[ 1.4342e-01]],

         [[ 6.3686e-02]],

         [[ 9.1028e-02]],

         [[ 1.5482e-01]],

         [[ 7.0677e-03]]],


        [[[ 1.5050e-01]],

         [[ 5.5137e-02]],

         [[ 2.2232e-01]],

         [[ 1.2111e-01]],

         [[ 1.0880e-03]],

         [[-8.0702e-03]]],


        [[[ 9.0324e-02]],

         [[ 3.0295e-01]],

         [[ 1.2310e-02]],

         [[-5.0776e-02]],

         [[-4.7733e-02]],

         [[ 1.3163e-02]]],


        [[[ 1.2995e-01]],

         [[-8.3187e-02]],

         [[ 8.4301e-02]],

         [[ 2.3581e-02]],

         [[-1.6702e-01]],

         [[ 2.5834e-02]]],


        [[[ 5.0331e-03]],

         [[-7.1635e-04]],

         [[ 5.4437e-02]],

         [[ 3.8474e-02]],

         [[ 9.9224e-02]],

         [[ 2.5148e-02]]],


        [[[ 3.3195e-02]],

         [[ 2.0054e-01]],

         [[ 1.9856e-01]],

         [[ 2.0358e-01]],

         [[ 3.4002e-01]],

         [[-4.3720e-02]]],


        [[[-2.6669e-03]],

         [[-2.1948e-01]],

         [[ 8.7394e-02]],

         [[ 9.9968e-02]],

         [[ 3.7513e-02]],

         [[-2.2142e-02]]],


        [[[-1.7823e-01]],

         [[ 1.7359e-02]],

         [[-2.0476e-01]],

         [[-4.4471e-02]],

         [[ 2.5290e-01]],

         [[-2.4644e-02]]],


        [[[ 3.2832e-02]],

         [[-5.2087e-02]],

         [[ 7.6848e-03]],

         [[-9.2810e-03]],

         [[ 4.0590e-02]],

         [[-3.4128e-02]]]]), 'model.features.3.0.block.2.fc2.bias': tensor([ 2.0282,  2.0072,  1.7739,  1.1896,  0.9970,  1.9616,  2.0033,  2.2386,
         1.4828,  1.1780,  1.9886,  1.2050,  2.0420,  2.0444,  1.3978,  1.4654,
         0.9794,  1.8663,  1.5777,  1.0910,  1.2931,  1.8657,  1.8073,  1.7247,
         1.3586,  1.7864,  1.1521,  0.3141,  2.2818,  0.9931,  1.8630,  2.1626,
         1.8994,  0.9694,  2.0741,  0.9945,  1.3703,  1.6951,  3.4821,  2.1929,
         2.2053,  1.8351,  1.6785,  1.0110,  1.2173,  1.2012,  2.1011, -0.0543,
         2.0672,  1.8122,  2.6516,  1.4293,  1.1214,  1.8734,  1.4813,  0.2641,
         1.5316, -1.1031,  2.0045,  1.1320,  2.1645, -1.6081,  1.1727, -1.1194,
         0.1558,  1.6376,  3.0885,  1.6176,  0.8492,  1.9031,  2.2770,  1.7081,
         1.6062,  1.9600,  1.8871,  1.6090, -1.2092,  2.0314,  1.3663,  0.9964,
        -1.3121,  2.0605,  1.0326,  0.5946,  1.8714,  0.7499,  0.6798,  1.0147,
         1.8497,  0.4828,  1.0711,  1.6123,  1.1339,  1.1403,  1.8929, -0.6534,
         0.2191,  1.3478, -0.8149,  1.3585,  2.1773,  1.9446,  2.3549,  2.1876,
         1.8645,  2.2481,  2.4153,  0.3732,  0.8723,  2.0334,  2.5739,  2.0388,
         1.0838,  0.6628,  1.9891,  1.0903,  1.8014,  1.4843,  1.7936,  1.1876,
         0.3958,  1.8466,  3.1777,  2.9142,  2.4074,  2.1484,  1.4080,  1.8542,
        -1.1299,  1.3814,  0.9547,  2.3052,  2.0870,  1.3215,  1.0768,  1.1493,
         1.7159,  1.8523,  2.2436,  1.6481,  1.6060,  1.9316,  0.6921,  1.0985]), 'model.features.3.0.block.3.0.weight': tensor([[[[ 0.0966]],

         [[ 0.2078]],

         [[-0.4934]],

         ...,

         [[-0.0611]],

         [[-0.0653]],

         [[ 0.0018]]],


        [[[ 0.2589]],

         [[ 0.7361]],

         [[-0.2082]],

         ...,

         [[-0.3021]],

         [[-0.2047]],

         [[ 0.0355]]],


        [[[-0.0481]],

         [[-0.3423]],

         [[-0.3228]],

         ...,

         [[ 0.0159]],

         [[-0.0625]],

         [[-0.0953]]],


        ...,


        [[[ 0.3824]],

         [[-0.1468]],

         [[ 0.1034]],

         ...,

         [[ 0.1846]],

         [[-0.0983]],

         [[-0.1767]]],


        [[[-0.0014]],

         [[-0.5969]],

         [[-0.0207]],

         ...,

         [[ 0.1619]],

         [[-0.0491]],

         [[-0.1174]]],


        [[[-0.4991]],

         [[-0.4142]],

         [[-0.0433]],

         ...,

         [[ 0.2944]],

         [[-0.0190]],

         [[ 0.0380]]]]), 'model.features.3.0.block.3.1.weight': tensor([9.9955, 5.0126, 5.1812, 5.7780, 5.6797, 5.5584, 6.0631, 6.6010, 5.4987,
        7.7531, 5.7579, 5.5321, 5.2584, 6.8695, 5.6980, 7.6675, 6.2413, 5.6269,
        7.2786, 6.1158, 5.5207, 7.0991, 7.8562, 6.7037, 7.6734, 5.3278, 5.3726,
        6.1226, 5.2538, 5.3572, 7.0957, 6.3159, 5.7588, 5.5476, 5.9176, 5.5727,
        8.1418, 6.4022, 7.6512, 6.0474]), 'model.features.3.0.block.3.1.bias': tensor([-1.7732e-03, -3.5196e-04,  9.6177e-04,  5.8880e-05, -7.3955e-04,
         5.4930e-04,  5.9771e-04, -4.4911e-04, -6.6015e-05,  1.6292e-03,
         4.2493e-04, -9.2624e-04, -7.5390e-04,  8.5534e-04, -1.0409e-03,
         1.4487e-03,  3.6936e-06, -5.1574e-04,  2.1814e-04, -1.3482e-03,
        -7.0874e-05,  6.0922e-04,  1.8268e-03, -1.3758e-03,  1.5192e-03,
        -5.1189e-05,  1.9182e-03,  1.2936e-03,  2.7743e-03,  9.3215e-05,
        -2.4916e-03, -5.6404e-04, -1.5993e-03,  6.7866e-04,  1.3695e-04,
         6.0282e-04,  8.1337e-05,  1.6541e-03,  1.8094e-03, -1.7146e-05]), 'model.features.3.0.block.3.1.running_mean': tensor([-2.6498, 10.3068, -1.8676, -1.6376,  2.1047, -2.6861,  0.4700, -1.9047,
        -1.5061,  5.7332,  2.3409, -5.7628,  4.8204,  5.1048,  5.7000,  7.8015,
         2.2945, -4.4489, -5.5366, -2.3416, -8.3854, -2.9897, -4.5655,  1.8482,
        -3.2810,  4.8356,  2.9007, -1.3461,  0.1771, -3.2259,  1.2613, -7.0773,
        -0.8091, -0.5128, -9.9672,  3.2780,  1.7635, -4.5906,  3.7010,  0.3427]), 'model.features.3.0.block.3.1.running_var': tensor([44.5020,  3.1821,  3.5815,  3.6428,  6.7893,  3.5622,  5.9591, 10.8456,
         5.4110,  4.8671,  4.7585,  5.8473,  3.8802, 11.9439,  3.9815, 17.7804,
        10.7248,  4.3881, 20.4329,  6.5500,  6.5526, 12.4179, 19.0798, 13.2080,
        13.9805,  5.3290,  5.0749,  5.6629,  4.0130,  5.4267, 18.3148,  9.4052,
         6.1372,  5.3498,  5.5020,  3.9337,  8.4718, 12.5695, 17.0164,  8.2572]), 'model.features.3.0.block.3.1.num_batches_tracked': tensor(703214), 'model.features.3.1.block.0.0.weight': tensor([[[[-0.4372]],

         [[ 0.1081]],

         [[-0.0995]],

         ...,

         [[ 0.0121]],

         [[ 0.0551]],

         [[-0.0320]]],


        [[[ 0.1564]],

         [[-0.1004]],

         [[ 0.1009]],

         ...,

         [[-0.0635]],

         [[-0.1131]],

         [[-0.0768]]],


        [[[-0.3791]],

         [[ 0.0259]],

         [[-0.0454]],

         ...,

         [[ 0.0013]],

         [[ 0.0485]],

         [[-0.0967]]],


        ...,


        [[[ 0.1178]],

         [[-0.1144]],

         [[-0.0426]],

         ...,

         [[-0.1121]],

         [[-0.0660]],

         [[-0.0437]]],


        [[[ 0.1904]],

         [[ 0.0064]],

         [[ 0.0087]],

         ...,

         [[ 0.1522]],

         [[ 0.0070]],

         [[-0.1133]]],


        [[[ 0.2055]],

         [[ 0.0448]],

         [[-0.0038]],

         ...,

         [[-0.1877]],

         [[-0.1005]],

         [[-0.1098]]]]), 'model.features.3.1.block.0.1.weight': tensor([ 1.5237,  2.5124,  1.3699,  1.4569,  0.6458,  0.7403,  0.5027,  1.4825,
         1.4069,  1.0539,  1.4890,  0.7629,  1.5127,  0.5066,  0.1041,  1.5424,
         0.4207,  0.6347,  0.8636,  1.3017,  0.2245,  0.2132,  0.1404,  0.2713,
         0.9887,  0.7945,  1.5952,  0.1559,  1.1573,  0.2428,  0.8812,  1.4601,
         0.0922,  1.8605,  1.4634,  0.7929,  1.0221,  0.1064,  0.5240,  1.4754,
         0.3953,  3.0322,  2.5831,  0.1754,  0.1493,  1.3254,  0.3000,  1.7113,
         1.6077,  1.0822,  0.1170,  1.5451,  0.8055,  1.3406,  2.3134,  0.0804,
         0.2319,  0.0497,  2.5192,  0.9872,  0.9560,  0.7967,  1.3668,  1.1498,
         0.2759,  1.6816,  0.9508,  0.2932,  2.2247,  0.6574,  0.5926,  1.6515,
         2.0125,  3.1670,  0.7787,  1.0673,  1.1429,  0.4438,  2.4844,  2.1822,
         1.3697,  0.1049,  0.8195,  1.8647,  0.7696,  3.6559,  2.1968,  3.1109,
         1.4064,  0.1871,  1.1998,  3.3173,  2.5277,  0.6156,  0.9093,  0.3237,
         0.6667,  0.0837,  1.8734,  2.2453,  0.0974, -0.2852,  0.0793,  0.7330,
         1.1457,  1.4123,  2.2568,  0.8523,  1.2839,  2.2890,  2.1293,  0.7736,
         3.3931,  0.2928,  0.9934,  1.2715,  2.4273,  0.4273,  1.6071,  1.2063,
         0.3862,  0.3903,  1.2567,  0.9653,  0.8606,  1.9231, -1.2582,  0.4203,
         0.1124,  1.4208,  1.6910,  1.8230,  2.1191,  2.1973,  0.8368,  1.6523,
         2.7705,  0.1911,  0.9325,  1.6195,  0.2571,  0.9106,  0.5732,  0.6811,
         1.3107,  1.0554,  0.8531,  0.1498,  0.7336,  1.6458,  1.3711,  1.8323,
         2.8180,  2.6339,  0.7795,  1.7121,  0.0678, -0.0271,  1.6951,  1.7556,
         2.4208,  0.5046,  0.9491,  1.2903,  2.7975,  2.0211,  0.2513,  0.6120,
        -0.2719,  2.2057,  2.0014,  1.4545,  0.5060,  0.2554,  1.6257,  1.4062,
         1.7756,  0.4360,  1.6381,  1.5351,  2.8130,  1.2891,  0.2475,  1.0988,
         3.5217,  0.2531,  0.3228,  0.3056,  0.2024,  0.2370,  0.9396,  0.2343,
         0.6670,  2.5225,  0.9551,  3.0058,  1.1102,  0.1119,  0.3345,  2.3728,
         1.8988,  0.0572, -0.4858,  0.6123,  0.0805,  0.3831,  3.3346,  1.8138,
         0.0932,  2.3181, -0.1707,  0.8413,  0.2188,  0.1185,  1.3903,  0.9017,
         0.2741,  1.3162,  1.2464,  1.4517,  1.3420,  1.4820, -0.0560,  2.5780,
         0.3548,  1.7396, -0.1333,  0.3217,  1.0665,  0.0364,  0.5553,  2.1683,
         1.0388, -0.3722,  0.4239,  1.4724,  0.1454,  0.9748,  0.1199,  0.7096]), 'model.features.3.1.block.0.1.bias': tensor([ 3.8740e+00, -9.8061e-02, -1.1478e+00,  2.5710e+00,  1.7170e+00,
        -4.6328e-01,  6.3325e-01,  5.7667e-01,  1.7081e+00,  1.4193e-01,
         2.2981e+00,  1.4915e+00,  9.2152e-01, -1.0346e+00,  3.1277e-03,
        -1.0205e+00,  1.0608e-01, -1.1418e+00, -1.7353e+00, -1.0607e-02,
         2.5594e-02,  1.4447e-01,  1.1537e-01, -2.3729e-01,  3.8994e-01,
         3.1456e-01,  1.6926e+00,  4.8218e-02,  1.8531e+00,  1.5086e-01,
        -4.9741e-01, -1.3827e+00,  7.0611e-03,  4.1972e-01, -1.1156e+00,
         1.6355e-01, -7.1144e-01,  8.0318e-02,  8.7691e-01, -7.7685e-01,
        -1.1041e-01,  3.8176e-01, -5.5725e-01,  1.2430e-02, -4.0161e-02,
         1.1762e+00, -7.5680e-02, -1.0257e+00, -1.0869e+00, -1.1101e+00,
         4.3029e-02, -1.9856e-01,  6.2931e-01,  1.1273e+00, -1.2019e-01,
         9.1621e-03,  1.8817e-01, -1.8424e-01, -9.0049e-01,  1.6429e+00,
         2.4175e-01, -8.9142e-01, -1.4725e+00,  1.0915e-01, -2.8599e-02,
        -5.5854e-01,  1.8339e+00, -1.1257e-01, -2.9031e+00, -4.9383e-02,
         2.4120e+00,  1.4926e+00,  4.0549e-02,  1.6317e+00, -1.1358e+00,
         6.0275e-01,  1.5540e+00, -1.2322e-01,  5.4391e-01,  1.6054e+00,
         1.1069e+00,  4.5721e-02,  1.5105e+00,  2.5147e-01,  1.4868e+00,
        -6.1716e-01,  4.6023e-01, -1.4315e-01,  1.3376e+00, -4.5313e-02,
         2.0866e+00, -1.8136e+00,  1.0171e+00,  3.5169e-01,  1.7737e+00,
         1.3733e+00, -1.7010e-01, -6.1806e-02,  1.2074e-01,  6.3485e-02,
        -4.0272e-02,  2.5944e-01,  5.4508e-02,  1.1529e+00, -1.3786e+00,
         1.5754e+00,  5.2464e-01,  1.4342e+00, -1.6588e+00,  2.4288e+00,
         2.0012e+00, -6.6935e-01,  1.1472e+00,  1.4398e-01, -1.4920e+00,
         1.1904e+00,  1.1604e+00,  2.1685e-01, -1.3553e-01,  1.5078e+00,
         1.6991e-01,  5.6898e-01,  1.2122e+00, -1.0837e-01, -1.3687e-01,
         1.7338e+00, -1.9672e+00, -1.9290e-01, -3.6438e-02, -2.1498e-01,
         1.1462e+00, -1.3844e+00, -1.6632e+00,  1.1822e+00,  1.6656e+00,
        -3.0548e+00, -1.0379e+00,  2.0007e-01,  9.7390e-01,  6.7948e-01,
        -4.2350e-02,  2.0249e+00, -6.3277e-01,  1.1192e-03,  1.4277e+00,
         1.2780e+00,  8.6085e-01, -2.9234e-01,  1.9140e+00,  1.4463e+00,
        -1.0818e+00, -7.5480e-02, -1.2978e+00,  2.7721e+00, -1.1947e+00,
         5.1323e-01, -1.3215e-02, -5.4805e-03,  9.2609e-01,  1.4584e+00,
        -3.9794e+00, -2.9486e-01,  7.2687e-01, -4.3924e-01, -2.8806e-01,
         1.4791e+00,  2.3661e-02, -5.1807e-02, -3.0863e-02,  2.4705e+00,
        -1.4179e+00,  3.4459e-01, -1.2247e+00, -5.2857e-02, -1.3765e+00,
         2.4022e+00,  1.2798e+00, -5.8199e-01,  1.4861e-01, -1.8271e+00,
        -6.7649e-01,  1.6754e+00,  1.8771e-01,  9.3625e-01,  7.7219e-01,
         9.2694e-01,  2.8534e-01,  1.9527e-01,  1.4316e-01,  1.0096e-02,
         2.8397e-01, -4.6180e-02,  6.6268e-01,  8.8350e-01,  1.0301e+00,
        -4.7054e+00,  2.0873e+00,  2.4262e-02, -2.8637e-01, -2.9870e+00,
        -1.5209e+00, -7.6055e-03, -7.6908e-03,  3.2857e-01,  3.2395e-02,
         3.1528e-02,  4.5698e-01,  1.4247e+00,  1.4087e-02,  9.5070e-01,
        -3.3608e-02, -1.2165e+00, -3.1210e-03,  1.7034e-03, -1.4068e-01,
         1.9478e+00, -6.4120e-02,  5.9981e-01,  1.5601e+00,  2.4484e+00,
         1.2543e+00, -9.0921e-01, -5.2715e-03,  4.4049e-01, -3.4604e-01,
         1.7115e+00, -8.4915e-02, -1.7656e-01, -1.7119e+00, -5.3606e-02,
         6.8326e-01, -1.7630e+00,  1.2562e+00,  1.1945e-01,  3.3398e-02,
         2.5296e-01,  1.5068e-02,  3.7478e-01,  3.5604e-02, -1.4576e-01]), 'model.features.3.1.block.0.1.running_mean': tensor([ 1.3039e-03, -1.0984e-03,  6.0942e-04,  1.8044e-03,  9.3341e-04,
        -9.2813e-04, -1.2570e-04, -3.6290e-04, -7.4313e-04, -9.8642e-04,
        -3.1477e-03,  1.3462e-03, -1.2026e-03,  4.4748e-04,  5.1976e-04,
         5.6642e-04,  1.7076e-03, -1.9507e-04,  1.9005e-03,  5.0395e-04,
         1.4134e-03,  1.3146e-03,  3.0533e-03, -6.6379e-04, -6.3943e-04,
         1.2660e-03,  1.9078e-03,  1.1606e-03, -3.5828e-04,  2.5258e-05,
         3.1476e-04,  7.6327e-04,  1.3229e-03,  5.4719e-04,  1.3237e-03,
         4.1615e-03,  2.0841e-03,  1.0663e-03, -8.4079e-04,  1.8260e-03,
         2.4390e-03,  1.2519e-03, -8.0921e-04, -1.3662e-03,  8.4069e-04,
         3.1631e-04,  4.9477e-04, -1.4044e-03, -1.8773e-03,  2.9774e-04,
        -9.6626e-04, -1.7574e-03, -3.2307e-04,  2.4596e-04, -2.5771e-04,
         9.4176e-04,  1.2704e-03,  2.7876e-04,  4.8864e-05,  3.6830e-04,
         1.6482e-03, -1.5301e-03, -4.0408e-04,  1.4823e-04,  8.0153e-04,
         3.2536e-04,  5.7586e-05, -4.8428e-04,  1.8818e-03,  5.8973e-04,
         1.4756e-04, -6.7620e-04,  8.9698e-04,  4.0627e-04,  5.4271e-04,
         1.9723e-04,  1.8432e-03,  1.3656e-03,  8.4830e-04, -9.6676e-04,
         7.2473e-04, -1.9705e-03, -1.0906e-04,  1.2572e-03,  1.7424e-03,
         1.0761e-04,  1.3351e-04,  1.0536e-03, -1.5068e-03, -4.7042e-04,
        -1.7100e-03,  4.4818e-04, -1.5210e-03,  1.0884e-03, -9.7845e-04,
         2.7715e-04,  2.7764e-03,  1.1419e-04, -5.5974e-04,  1.6651e-04,
         7.8961e-04, -1.2781e-03,  2.8615e-04, -7.2340e-04, -1.2969e-04,
         5.4923e-04,  5.2289e-04, -1.3614e-03,  3.6105e-05, -1.2198e-03,
        -9.4665e-04, -1.7066e-03, -1.0336e-03,  1.1136e-04, -1.9601e-03,
         2.1080e-03, -1.2339e-03,  3.1637e-04, -8.9842e-04,  5.2776e-05,
         3.0439e-03, -9.9484e-04, -1.1981e-04, -4.5713e-04,  1.8013e-03,
         5.1786e-04,  1.5158e-04,  1.1900e-03,  2.2899e-04,  3.4385e-04,
         1.9520e-03, -1.3048e-03,  2.7962e-04,  9.0883e-04, -4.5121e-04,
        -5.5019e-05,  4.4189e-04, -4.5693e-04, -7.2045e-04,  6.4076e-04,
         1.8226e-03,  1.2440e-03,  2.1145e-04,  8.1551e-04,  1.4899e-04,
         1.0466e-03, -5.1655e-04, -1.1957e-03, -1.2964e-03,  4.7631e-04,
        -1.8347e-03,  2.8808e-04, -5.4460e-04, -6.3005e-04, -3.7337e-04,
         1.0960e-03, -2.5134e-04,  1.6310e-03,  1.0450e-03, -6.1198e-04,
         1.8808e-03, -6.7419e-04, -2.5057e-04, -5.2827e-04,  5.2026e-05,
        -6.8416e-04, -5.4769e-04,  9.9569e-04, -3.4840e-04,  1.6991e-03,
        -7.9083e-04, -4.4267e-04, -7.0178e-04,  1.8009e-03, -1.6969e-03,
        -2.4297e-04,  1.2319e-03,  1.0680e-03,  1.5399e-03, -4.8636e-04,
        -1.4558e-04, -7.5604e-04, -1.3334e-03,  1.0311e-03,  7.9374e-04,
        -1.8481e-04,  2.0168e-03,  3.2935e-04,  1.0680e-03,  2.0710e-03,
         1.3959e-03, -9.4239e-04,  8.4148e-04,  6.1812e-04,  6.9830e-04,
        -8.5364e-04,  1.5249e-04, -4.9915e-04,  1.5223e-03, -1.7377e-04,
         4.1822e-07,  1.0593e-04, -1.2609e-03,  4.0533e-04,  7.3100e-04,
         1.4942e-03, -9.1550e-04, -2.4955e-04, -2.6999e-03,  3.6433e-04,
        -1.1816e-03, -2.1852e-04, -2.0482e-04, -3.1331e-04,  4.9316e-04,
         2.0379e-03,  5.5846e-04,  2.0236e-03,  8.2214e-04, -7.6833e-04,
         5.9833e-04,  1.1252e-03, -9.9812e-04, -1.7520e-03, -5.2361e-04,
        -5.0814e-04, -5.0285e-04,  1.6418e-04,  4.9466e-04, -2.6187e-03,
        -5.3930e-04, -4.9285e-04,  1.6191e-04,  6.6044e-04,  5.2503e-04,
        -9.6971e-04, -1.3883e-03, -1.1467e-03,  6.3913e-04,  1.5700e-03]), 'model.features.3.1.block.0.1.running_var': tensor([ 33.9855,  27.4416,  17.8576,  69.0896,  52.0033,  37.3710,  46.8865,
         23.2600,  27.0695,  88.1158,  44.3532,  44.4600,  31.9417,  14.6387,
         38.8593,  33.8776,  43.8155,  29.2373,  31.4467,  67.3682,  25.5926,
         38.4090,  40.4327,  33.9818,  26.9231,  37.6536,  50.4643,  34.9506,
         37.3151,  44.8144,  20.5632,  17.9670,  35.6327,  67.6940,  41.0308,
         90.2092,  34.9909,  41.2738,  43.0468,  34.9834,  53.9380,  71.3225,
         24.0025,  42.1795,  40.9478,  27.1384,  25.2741,  30.7408,  47.3784,
         46.9094,  35.8585,  64.8163,  26.5765,  43.2682,  75.9258,  23.8088,
         48.3758,  53.6782,  26.4010,  30.4587,  46.9738,  36.5076,  28.2750,
         59.3002,  36.2986,  54.2957,  27.9204,  31.3408,  73.4831,  45.1738,
         99.1066,  44.2991,  21.8470,  43.8582,  19.3028,  29.3433,  41.7347,
         25.3122,  87.3191,  31.4127,  54.5722,  49.3209,  37.9911,  67.1863,
         69.6853,  15.7100,  18.2756,  15.7109,  33.0759,  38.7323,  21.2608,
         21.6029,  32.8542,  37.2462,  28.3838,  28.0182,  75.8286,  31.5348,
         62.0456,  22.2405,  26.5180,  32.7727,  46.7208,  38.7334,  19.3129,
         21.4146,  67.3935,  46.4595,  31.5968,  44.6276,  36.2315,  33.8788,
         42.6952,  39.2280,  41.5708,  31.8250,  45.7235,  45.1351,  40.9336,
         20.0232,  58.5621,  29.3143,  47.2817,  64.4682,  35.3545,  34.7855,
         28.6276,  54.3974,  21.6194,  41.7779,  16.1448,  36.7397,  47.3639,
         24.3079,  27.3963,  15.2724,  28.3483,  20.7852,  37.7070,  40.4954,
         16.5292,  14.0521,  24.3993,  29.5598,  78.5551,  28.4894,  14.1898,
         20.2144,  17.6935,  24.1156,  65.6654,  30.3060,  43.8891,  44.0802,
         42.1876,  31.6641,  27.2352,  27.2138,  27.6284,  33.5923,  74.0639,
        111.6111,  37.3730,  43.4415,  24.2144,  46.1220,  35.0160,  22.8115,
         70.8543,  42.0497,  36.8066,  14.9794,  17.8303,  36.8563,  45.4757,
         35.8034,  20.3207,  32.8758,  24.9966,  34.1149,  20.2304,  34.3460,
         24.4857,  28.1700,  54.8890,  27.5368,  72.8510,  28.1390,  28.0547,
         74.5687,  51.0114,  34.5529,  20.9869,  20.1065,  23.2075,  37.6982,
         34.7342,  41.4959,  26.0108,  14.5443,  24.3151,  18.8381,  35.5645,
         32.5389,  30.9659,  38.1737,  28.3812,  38.9368,  28.7028,  41.8728,
         18.9716,  16.6378,  51.0402,  38.7517,  38.9366,  34.5891,  54.2133,
         25.0471,  36.8369,  65.6875,  20.4829,  24.0047,  33.2995,  76.9221,
         54.1392,  73.2877,  35.7456,  23.3395,  28.9789,  35.8900,  43.4044,
         57.7710,  24.1551,  57.0325,  37.3999,  39.9626,  43.3586,  18.2705,
         40.8398, 105.8523]), 'model.features.3.1.block.0.1.num_batches_tracked': tensor(703214), 'model.features.3.1.block.1.0.weight': tensor([[[[ 1.2291e-01,  7.9186e-02,  7.7555e-02,  8.6410e-02,  1.2107e-01],
          [ 1.3667e-01, -2.9565e-02, -3.8915e-02, -8.5247e-02,  1.4090e-01],
          [ 4.4817e-02, -1.6029e-01,  5.5471e-01, -4.0725e-01,  3.5913e-02],
          [ 1.0073e-01, -1.1819e-01, -3.6539e-01, -1.4987e-01,  1.2020e-01],
          [ 1.2593e-01,  1.6677e-01,  8.7261e-02,  1.0560e-01,  2.0266e-01]]],


        [[[-7.7485e-02, -8.4017e-02, -1.7400e-01, -9.2475e-02, -6.4288e-02],
          [-7.8105e-02, -5.4100e-02, -1.7233e-02, -1.0585e-01, -2.0456e-03],
          [-1.5862e-01,  1.8714e-03,  4.9807e-01, -1.0480e-01, -1.0572e-01],
          [-1.2647e-01, -2.1852e-01, -2.2443e-01, -2.1081e-01, -4.8848e-02],
          [-6.3958e-02, -1.2829e-02, -7.6769e-02, -4.4991e-02, -2.0157e-02]]],


        [[[-1.7709e-02,  9.0478e-02,  1.2953e-01,  6.4422e-02, -1.7856e-02],
          [ 1.3112e-01, -2.8851e-01, -2.6437e-01, -1.8502e-01,  1.1502e-01],
          [ 1.1941e-01, -2.6809e-01,  1.0640e+00, -1.9859e-01,  1.0875e-01],
          [ 1.2158e-01, -2.3558e-01, -1.4362e-01, -1.8352e-01,  9.9220e-02],
          [ 4.8620e-03,  1.2147e-01,  1.0475e-01,  5.0091e-02, -4.1989e-02]]],


        ...,


        [[[-7.3871e-03, -3.0987e-02, -3.4841e-02, -6.6066e-02, -3.8513e-02],
          [-3.3782e-03,  5.0332e-02,  1.7381e-01, -2.4083e-02, -1.1767e-01],
          [-5.1478e-03,  1.8219e-01,  2.9350e-01,  1.4842e-01, -5.0011e-02],
          [-1.3643e-03, -7.5589e-03,  9.2028e-02,  2.3149e-02, -1.9124e-02],
          [-2.8140e-02, -4.1631e-02, -1.0591e-02, -3.8348e-02, -2.7109e-02]]],


        [[[ 7.5693e-02,  6.2073e-02,  1.3834e-01,  1.0934e-02, -8.0407e-03],
          [ 8.3042e-02,  1.7373e-01,  3.3127e-01, -9.1972e-02, -4.5743e-02],
          [ 1.5196e-01,  3.7901e-01, -1.3143e-01, -5.1074e-01, -4.4505e-02],
          [-2.7074e-02, -9.0945e-02, -4.2459e-01, -1.0373e-01,  2.5084e-02],
          [-5.3087e-02, -9.2831e-02, -3.8007e-02,  3.8305e-02,  2.0355e-02]]],


        [[[-1.2238e-02, -8.4569e-04,  5.3131e-02, -2.4686e-02, -3.1622e-02],
          [-6.4004e-02, -9.6691e-03,  4.2734e-01,  2.1522e-02, -8.4313e-02],
          [-1.4772e-01, -5.0059e-01,  1.0422e+00, -5.4073e-01, -9.7668e-02],
          [-1.6553e-02, -4.4492e-02,  2.8118e-01, -3.6459e-02, -3.4932e-02],
          [ 4.8534e-02,  8.7046e-03,  7.2986e-02,  2.1378e-03,  5.0443e-02]]]]), 'model.features.3.1.block.1.1.weight': tensor([ 0.6428,  4.4294,  0.6878,  1.4406,  1.4462,  0.4691,  0.9174,  0.7903,
         1.2499,  1.2115,  1.5076,  1.2767,  0.5772,  1.4680,  1.1663,  0.3979,
         1.2519,  4.4585,  0.2464,  0.6670,  1.3815,  1.8856,  1.1387,  1.9475,
         1.3404,  1.4938,  0.6715,  2.3287,  1.3830,  0.3917,  3.5794,  0.6810,
         1.9218,  1.2161,  1.4167,  1.2767,  1.0903,  1.2222,  0.9865,  0.4223,
         1.9075,  1.1203,  0.3133,  1.1291,  2.0474,  1.7323,  0.4792,  4.0193,
         3.1929,  1.7092,  1.5389,  0.8059,  1.4876,  1.2609,  0.7269,  1.3444,
         0.5746,  1.4155,  1.7924,  1.9232,  1.7549,  3.5685,  1.8267,  0.4028,
         1.2456,  1.1871,  1.8215,  1.2011,  0.9320,  1.8565,  0.9363,  1.1069,
         1.2011,  2.2617,  1.9259,  1.9487,  1.3199,  3.0600,  1.1042,  1.0667,
         1.3726,  1.4779,  2.1003,  1.2452,  1.1336,  3.4988,  1.3551,  3.5607,
         1.5365,  1.1855,  2.0110,  2.0122,  1.8342,  0.5224,  1.3951,  1.2550,
         1.0399,  1.3810,  1.1816,  0.6067,  2.4954, -0.5725,  1.9971,  2.5233,
         0.3228,  1.0290,  1.0726,  0.7453,  2.5086,  1.9180,  1.5166,  3.5911,
         3.0712,  1.0905,  4.0591,  1.2133,  1.3831,  1.2052,  0.9712,  0.8491,
         1.4139,  1.6289,  1.2631,  0.4294,  1.2129,  1.4538,  0.4608,  0.9528,
         1.8278,  0.5878,  1.0716,  3.0974,  0.5385,  1.0486,  1.7954,  1.8505,
         1.1161,  2.2741,  1.8864,  0.4521,  0.7838,  2.1772,  1.3227,  2.2562,
         1.0033,  1.3451,  1.7815,  1.0218,  2.0041,  1.6216,  1.3103,  2.2400,
         1.5438,  2.0157,  2.8932,  0.3568,  1.8248,  0.9887,  0.8502,  1.0341,
         1.7409,  0.6195,  2.4237,  3.3719,  3.2289,  0.9999,  1.0617,  1.8099,
         1.7294,  0.9422,  1.7230,  3.1343,  1.9625,  1.1721,  3.9183,  2.0806,
         2.0137,  1.9964,  1.3540,  1.8424,  2.7190,  1.1347,  0.6693,  1.0863,
         4.6743,  1.5053,  1.2870,  0.5142,  0.6653,  0.7215,  0.7145,  1.5037,
         2.1590,  2.2836,  2.2141,  3.3109,  2.0681,  2.5187,  1.9041,  1.2674,
         3.8777,  1.3663,  1.6865,  1.1845,  1.6420,  0.8651,  2.1509,  2.1481,
         1.0641,  1.6553,  1.2737,  1.3912,  1.2519,  0.8616,  1.4270,  1.1189,
         0.9518,  0.5610,  1.1949,  1.4745,  1.8111,  2.2970,  1.3309,  1.2082,
         1.3130,  0.6309,  1.3407,  0.7909,  1.7728,  1.3882,  0.9890,  0.5434,
         1.8392,  1.3402,  1.7560,  2.8322,  1.8238,  2.0262,  1.8726,  0.6027]), 'model.features.3.1.block.1.1.bias': tensor([ 0.7124, -3.1915,  1.2825, -1.0133, -0.8288,  0.6296,  0.4384,  0.3133,
        -0.4438, -0.8895, -1.2479,  0.9380,  0.7243, -3.7092,  1.1166,  1.0300,
        -0.2464, -1.9353,  1.4469, -0.0798, -1.3048, -0.0748, -0.7435, -0.6141,
        -2.2557, -0.7507,  0.5821, -0.5666, -0.8951,  0.9553, -1.3762,  0.8036,
        -0.5190, -0.4806, -1.6234, -0.9757, -1.4946, -0.6599, -0.9094,  1.3123,
        -0.8345, -0.1762,  0.7988, -0.8026, -0.3983, -0.7934,  1.0440, -1.2720,
        -0.5318,  0.0305, -0.9646, -0.9215, -0.4612,  0.2528, -0.1621, -0.2609,
         0.8539, -0.5979,  0.0541, -0.7352, -0.8129, -0.1928, -2.8529,  2.0354,
        -1.0090, -1.3205, -1.0116, -1.1489,  0.0355, -0.7828, -0.1563, -0.1340,
         1.1011, -1.2677, -4.0058, -1.5752, -0.4823, -2.1199, -0.1213,  0.9017,
        -1.1996, -0.5589, -1.5946, -0.6269,  0.1035, -2.1211, -0.4657, -1.8782,
        -1.3849, -0.6969, -1.0161, -0.2468, -0.5563,  1.0611, -1.2600, -0.6924,
         0.8557, -0.8812, -0.4961,  0.6535, -0.9427,  0.1847, -0.4410, -1.6024,
         0.9922, -0.9271, -0.1538,  0.5379, -0.3166, -1.4505,  1.1252, -1.0880,
        -2.6923, -0.9595, -1.6604, -1.2098, -0.7285, -0.5167, -1.2181,  0.2520,
        -0.9748, -1.0143,  0.1985,  1.7397, -0.3495,  1.0100, -0.2035, -0.9674,
        -0.5353,  0.7587,  0.7097, -0.8375,  0.4771,  0.4525,  0.4092, -2.4364,
         0.0098, -1.4575, -0.3768,  1.0430,  0.3608, -0.6432, -3.8834, -1.3262,
        -0.6442, -0.5521, -2.1990,  0.3775, -1.6759, -0.7431, -1.0222, -0.0945,
        -0.4250, -2.0998, -4.3819,  1.1298, -0.0476, -0.4257,  0.6890,  0.0593,
        -2.5249,  0.8669, -1.7868, -0.5701, -2.1614,  0.6586, -0.6655, -1.2095,
        -1.2540,  0.1988, -1.0071, -0.8554, -1.9967, -0.5080, -0.1090, -0.6183,
        -0.7610, -3.6095, -1.1912, -2.7030, -1.2384, -0.8235,  0.3976,  0.9105,
        -3.3869, -1.4355, -0.7170,  0.6492,  0.3921,  1.4457,  0.2093, -0.7352,
        -0.6864, -1.6649, -1.2401, -0.7142, -1.8740, -0.5654, -3.6370, -1.5236,
        -2.1745,  0.3138, -1.3261, -0.6812,  0.7659, -0.0457, -1.7120, -1.3434,
        -0.5700,  0.5938, -0.9867, -2.2108, -0.4828, -0.3460,  0.5350, -1.1137,
        -1.2016,  0.7624, -0.7479, -1.0619, -1.3041, -1.4075, -0.9221, -0.1813,
        -1.9484,  1.0641, -0.6498,  0.3595, -2.9442, -0.4540, -1.2578,  0.4330,
        -1.0014,  0.0260, -0.4137, -1.7337, -0.4300, -1.7744, -0.4031,  1.0388]), 'model.features.3.1.block.1.1.running_mean': tensor([ 2.9955e+00, -1.0467e+00, -3.4115e-02, -2.7647e+00, -2.0323e+00,
         1.7173e-02, -7.9050e-02, -2.9189e-01, -7.9873e-01,  3.4244e-01,
        -2.8577e+00, -6.3198e-01, -3.2471e-01, -7.2393e-02,  1.6511e-03,
         1.9189e-03,  2.6115e-02, -1.3664e-01,  1.4235e-01,  2.7401e-01,
        -2.2852e-02, -3.5615e-02, -5.4170e-02, -7.2601e-02,  3.0728e-01,
        -4.9960e-02, -9.2074e-01, -1.4830e-02,  1.8859e+00,  1.5097e-02,
        -4.1691e-03, -8.6557e-02, -9.3960e-04, -3.5460e-01, -1.4130e-02,
         2.2747e-01, -6.6436e-02,  1.3095e-02, -3.4105e-01, -4.4502e-02,
        -8.7246e-03, -1.1002e+00, -4.3877e-01,  2.5378e-03,  3.8313e-04,
        -3.3512e-01,  1.4431e-02, -9.3354e-04,  7.3858e-03,  1.6404e-01,
         6.9507e-03,  3.6912e-01, -3.7440e-02,  1.1458e+00,  8.3583e-01,
         1.2383e-03, -9.1909e-02, -7.4007e-02, -4.3852e-01, -1.4592e+00,
        -3.7298e-02, -6.8739e-02, -7.9333e-02,  6.6581e-02,  2.2784e-03,
         9.9456e-02, -2.3534e-01,  1.9697e-03, -3.8042e-02,  5.3184e-03,
        -3.8212e+00, -1.1990e+00,  7.4225e-02, -2.5770e+00, -7.7487e-02,
        -6.6564e-01,  2.1904e-01, -5.7018e-03, -1.6214e+00, -5.3676e-03,
         6.8465e-01, -4.6563e-03, -1.4054e+00,  1.8428e-01, -2.9113e-01,
        -9.1728e-01, -3.8864e-01, -6.7575e-01, -5.7500e-01, -3.8019e-04,
        -4.6398e-01, -5.2009e-01, -1.9809e+00, -1.6825e-01, -1.2639e+00,
        -1.0199e+00,  7.5330e-03,  6.6984e-03,  4.2621e-01, -7.8249e-02,
         1.7151e-02,  2.3792e-02, -5.4903e-03, -1.3514e+00,  1.0239e-01,
         5.3357e-01, -5.3043e-01,  3.5445e-01, -8.2254e-02, -2.2375e+00,
         8.2121e-01, -2.9631e-02, -1.4249e+00,  5.1622e-02, -2.6775e-02,
        -3.1336e-01, -1.8848e+00, -1.8981e-02,  4.3218e-01,  1.9182e-01,
         1.2538e-01, -3.3948e-01,  8.8435e-01, -4.1301e-03, -5.5927e-02,
         1.6947e-01, -1.2256e-01, -4.7769e-02,  4.7165e-03,  1.4813e-01,
        -3.2736e-01,  1.5045e-03,  1.4791e-01, -8.2829e-01, -1.9228e+00,
        -5.2175e-02, -4.0374e-01, -1.1895e-01, -8.0883e-02, -4.6339e-01,
        -1.5799e-03, -2.9497e-02, -1.8294e-01, -8.3775e-02, -5.4542e-02,
         1.8585e-01,  5.0579e-01, -1.3829e-02, -1.0644e+00, -1.1280e+00,
        -4.7421e-02, -3.6882e-01, -4.7765e-01, -3.6977e+00, -1.9610e-01,
        -1.9741e-01,  2.8753e-03, -2.7241e-03, -5.8143e-01, -5.9262e-01,
         4.8622e-03, -4.4103e-02, -6.4549e-01,  5.4969e-02, -5.4713e-01,
        -1.2018e+00,  4.4485e-03, -1.9436e-02,  2.8814e-03, -6.7607e-01,
        -1.2320e-01, -3.9522e-01, -8.7852e-02, -3.4673e-03, -2.2337e-02,
        -1.4028e+00, -2.2385e-01, -1.4653e-01,  2.2897e-01, -9.3295e-02,
        -5.0522e-01,  1.2676e+00, -5.4475e-02, -5.2829e-01, -1.2449e+00,
        -5.3091e-01,  2.7198e-01, -7.0942e-02, -9.4006e-02, -1.0769e-03,
         3.2514e-01,  5.5021e-03, -8.9171e-02, -1.2293e+00,  5.7726e-02,
         1.3633e-02, -1.0359e+00, -3.4493e-03, -7.8964e-02, -2.4598e-02,
        -5.8022e-02, -2.2200e-04, -1.8124e-02,  1.0811e-01, -8.6029e-03,
         2.1112e-02, -1.0128e+00, -1.5005e+00,  1.1122e-02, -4.2683e-01,
         1.0961e-02, -1.9976e-01, -3.3273e-03,  1.2199e-03,  6.9981e-02,
         4.1078e-01, -7.3508e-03,  5.5108e-02,  5.4453e-01, -2.5072e+00,
        -2.0459e-01, -3.7618e-02, -2.0558e-04, -1.7546e+00, -1.0540e-01,
         3.3652e-01, -7.8010e-03, -2.1407e-02, -2.4558e-01,  7.9511e-03,
        -6.4536e-02,  8.4331e-02, -1.5569e-01,  1.0055e-01, -3.1951e-02,
        -2.3017e-01, -1.7536e-03,  1.8805e-01, -2.1693e-03,  2.3966e-03]), 'model.features.3.1.block.1.1.running_var': tensor([2.0195e+00, 2.7674e+00, 3.7249e-01, 2.3244e+00, 5.8073e-01, 4.4165e-02,
        6.0232e-02, 5.0837e-01, 1.1844e+00, 2.2276e-01, 2.0556e+00, 3.0607e-01,
        5.2825e-01, 1.9935e-03, 1.4690e-03, 1.0017e-01, 2.5796e-02, 6.1121e-03,
        3.2281e-03, 2.4937e-01, 8.7410e-03, 6.6813e-03, 4.2222e-03, 7.1434e-03,
        1.4430e-01, 6.0441e-02, 7.7855e-01, 4.1471e-03, 7.9752e-01, 1.3468e-02,
        5.4618e-02, 6.0985e-02, 1.3735e-03, 6.7516e-01, 5.6750e-02, 1.1705e-01,
        4.1273e-02, 2.1287e-03, 1.0836e-01, 4.4454e-01, 1.9510e-02, 2.7427e+00,
        3.3297e-01, 4.8434e-03, 4.2594e-03, 6.3044e-01, 1.0601e-02, 1.9689e-01,
        7.8663e-02, 1.2667e-01, 1.8784e-03, 6.5412e-01, 2.4067e-01, 6.7933e-01,
        7.7280e-01, 9.5584e-04, 1.3332e-02, 2.7270e-04, 5.2397e-01, 7.3232e-01,
        1.2852e-01, 1.1257e-02, 1.1417e-01, 4.4561e-01, 8.5182e-03, 2.4484e-01,
        4.5181e-01, 9.2973e-03, 3.9364e-02, 4.1462e-02, 4.5568e-01, 5.1583e-01,
        5.9216e-01, 4.0667e+00, 5.7453e-03, 2.9290e-01, 6.5468e-01, 1.9122e-02,
        4.1537e+00, 1.0824e+00, 8.2221e-01, 1.9686e-03, 4.5941e-01, 6.3850e-01,
        2.3419e-01, 2.1953e+00, 7.9785e-01, 1.4558e+00, 8.3093e-01, 4.6603e-03,
        8.8614e-01, 5.6146e-01, 3.2062e+00, 6.8271e-02, 5.8294e-01, 6.4755e-02,
        6.9163e-02, 7.6089e-04, 6.6001e-01, 6.9625e-01, 1.4331e-03, 1.3512e-02,
        1.6107e-03, 4.0918e-01, 2.5605e-02, 6.4333e-01, 1.2746e+00, 3.3788e-01,
        3.0613e-02, 2.1254e+00, 1.0896e+00, 1.5580e-02, 2.8896e+00, 1.0144e-02,
        1.1922e-02, 4.8347e-01, 1.8268e+00, 5.8302e-02, 5.7881e-01, 6.9721e-01,
        3.5229e-02, 6.7394e-02, 4.9373e-01, 2.4688e-01, 1.3196e-01, 8.9145e-01,
        1.0391e-02, 3.2007e-02, 1.0797e-03, 2.0880e-01, 2.2206e-01, 9.4414e-02,
        6.7217e-01, 1.2530e+00, 7.0387e-01, 2.3502e-01, 4.7399e-01, 6.4893e-03,
        5.2439e-01, 7.9245e-01, 4.7830e-03, 2.9554e-01, 1.2044e-02, 5.1995e-02,
        5.3518e-01, 5.1165e-01, 1.4251e-01, 2.4582e-03, 1.3013e-01, 4.6714e-01,
        8.6450e-02, 3.4866e-01, 6.2157e-01, 3.2710e+00, 2.7399e-02, 6.2529e-01,
        8.0877e-04, 1.1940e-04, 9.8688e-01, 9.4478e-01, 4.6795e-02, 3.0374e-02,
        2.8545e-01, 1.2642e-01, 1.1536e+00, 1.9807e+00, 1.0816e-02, 4.4861e-02,
        5.1518e-03, 1.7858e+00, 1.0282e-01, 5.2604e-01, 1.4203e-03, 6.5857e-03,
        5.7565e-02, 1.4615e+00, 7.3649e-01, 1.4652e-02, 2.8034e-01, 8.8039e-02,
        1.2305e+00, 1.2070e+00, 8.9385e-03, 3.8117e-01, 1.0446e+00, 2.9820e-02,
        3.9188e-02, 1.5542e-02, 8.9773e-03, 7.7369e-03, 1.1595e-01, 4.6141e-03,
        8.2771e-02, 9.8025e-01, 2.4834e-01, 1.3699e-01, 8.3147e-01, 2.5234e-03,
        9.9370e-03, 1.9555e-01, 2.5801e-01, 4.2206e-04, 3.2552e-02, 8.1010e-02,
        9.8890e-04, 2.1921e-02, 1.5592e+00, 1.2914e+00, 1.4836e-03, 2.1196e+00,
        3.1569e-03, 8.1954e-03, 7.0698e-03, 1.8345e-03, 2.4981e-01, 5.1039e-01,
        6.7212e-03, 3.2637e-01, 1.0888e+00, 1.9923e+00, 3.9861e-01, 6.2635e-02,
        4.8382e-04, 4.8040e+00, 1.0855e-02, 1.5506e+00, 2.5598e-03, 8.3933e-03,
        1.5935e-02, 2.3765e-04, 5.6122e-02, 5.9369e-01, 2.6722e-01, 2.7116e-02,
        2.3614e-02, 3.7094e-01, 5.0614e-03, 1.5714e-01, 3.6742e-03, 1.0957e-01]), 'model.features.3.1.block.1.1.num_batches_tracked': tensor(703214), 'model.features.3.1.block.2.fc1.weight': tensor([[[[ 0.0420]],

         [[-0.0452]],

         [[ 0.0173]],

         ...,

         [[ 0.1787]],

         [[ 0.0525]],

         [[ 0.0058]]],


        [[[-0.0469]],

         [[ 0.0106]],

         [[ 0.0539]],

         ...,

         [[ 0.0015]],

         [[ 0.0257]],

         [[ 0.0416]]],


        [[[ 0.0106]],

         [[ 0.0703]],

         [[ 0.0662]],

         ...,

         [[-0.0555]],

         [[-0.2410]],

         [[-0.0372]]],


        ...,


        [[[ 0.0230]],

         [[ 0.0953]],

         [[ 0.0015]],

         ...,

         [[-0.3800]],

         [[-0.2172]],

         [[-0.0054]]],


        [[[ 0.0097]],

         [[-0.1846]],

         [[-0.0102]],

         ...,

         [[ 0.1804]],

         [[ 0.0202]],

         [[ 0.0247]]],


        [[[ 0.0612]],

         [[-0.0378]],

         [[ 0.1121]],

         ...,

         [[ 0.1837]],

         [[ 0.0766]],

         [[ 0.0138]]]]), 'model.features.3.1.block.2.fc1.bias': tensor([ 1.0521,  1.0222,  2.4662, -0.0724,  1.6763,  1.4291,  0.9423,  1.0780,
         1.1467,  1.0471]), 'model.features.3.1.block.2.fc2.weight': tensor([[[[-0.0830]],

         [[ 0.0423]],

         [[ 0.1107]],

         ...,

         [[ 0.0089]],

         [[-0.0768]],

         [[ 0.1285]]],


        [[[ 0.0846]],

         [[-0.2198]],

         [[-0.0417]],

         ...,

         [[-0.0550]],

         [[ 0.0295]],

         [[ 0.0239]]],


        [[[ 0.1434]],

         [[ 0.1569]],

         [[ 0.0439]],

         ...,

         [[ 0.0405]],

         [[-0.0475]],

         [[ 0.1114]]],


        ...,


        [[[-0.0912]],

         [[-0.1058]],

         [[ 0.1587]],

         ...,

         [[ 0.2013]],

         [[-0.2313]],

         [[ 0.0461]]],


        [[[ 0.0370]],

         [[ 0.0742]],

         [[ 0.0486]],

         ...,

         [[ 0.0397]],

         [[-0.0781]],

         [[ 0.0517]]],


        [[[ 0.2697]],

         [[-0.0714]],

         [[ 0.0420]],

         ...,

         [[ 0.0645]],

         [[ 0.0463]],

         [[ 0.0495]]]]), 'model.features.3.1.block.2.fc2.bias': tensor([ 6.0149e-01,  1.3423e-01,  1.1330e+00,  7.5576e-01,  2.9905e-01,
         1.9417e+00, -3.5260e-01, -6.2385e-01,  2.5702e-03, -5.3693e-02,
         1.5864e+00, -2.3003e+00,  5.2293e-01, -7.2373e-01, -2.8479e+00,
         2.2152e+00,  1.3640e-01, -2.3652e+00,  2.9061e+00,  7.4603e-01,
         4.6734e-01, -1.3830e+00,  2.3344e-01, -1.5946e+00,  7.8758e-01,
         7.9305e-01,  9.7157e-01, -9.9581e-01,  9.9581e-01,  1.9121e+00,
        -2.4479e+00, -5.4837e-01, -8.5836e-01,  5.6366e-01, -1.7030e+00,
        -3.9086e-02, -1.1868e+00,  3.0971e-01,  7.3491e-01,  1.0984e+00,
        -3.9644e-01,  1.7676e+00,  7.4791e-01,  1.2295e+00, -5.3993e-01,
        -7.7418e-01,  8.0555e-01, -2.1127e+00, -2.7998e+00,  1.4522e+00,
        -3.1406e-01,  2.0157e+00,  2.3309e-01, -1.1278e+00,  8.3912e-01,
         2.5069e-03, -1.3270e-01,  2.6283e-01, -9.1263e-01, -1.7375e+00,
        -1.1151e+00, -1.4673e+00, -1.1303e+00,  1.0703e+00,  1.1019e+00,
        -8.7748e-01,  1.3229e-01,  1.2566e+00, -2.2902e-01, -1.1832e+00,
         1.0303e+00, -4.1210e-01, -2.1728e+00,  3.3153e-01, -2.7701e+00,
         8.5728e-01,  8.0942e-01, -7.7909e-01,  1.6680e+00, -3.1130e+00,
         1.9802e-01,  2.0293e-01,  3.6965e-02,  3.6151e-01,  6.3814e-01,
        -2.2891e-01, -4.4680e-01, -8.9202e-01,  8.4535e-01,  1.2462e+00,
        -8.1356e-02, -1.7445e+00,  6.8799e-01,  7.4098e-01,  7.4931e-01,
        -1.2541e+00,  2.3030e-01,  1.2648e+00, -1.1403e+00, -1.8526e+00,
        -9.1380e-01,  1.6783e+00, -7.1555e-01,  8.3288e-01, -3.6381e-01,
         1.1320e+00,  1.9402e+00,  3.8273e-01, -1.1014e+00,  6.0693e-01,
        -2.6587e+00, -2.6782e+00,  8.8642e-04,  1.0402e+00, -2.6325e+00,
         8.4262e-01, -6.5209e-01,  5.3902e-01,  2.4521e-01,  8.3835e-01,
        -5.5008e-02, -1.3656e-01, -2.4280e+00,  1.9932e+00, -8.7620e-01,
        -6.9215e-01, -1.0580e+00,  1.8489e+00, -4.4557e-01,  1.2676e+00,
        -1.8726e+00, -1.6387e+00,  1.4785e+00,  4.4739e-02, -9.7980e-01,
         2.2560e+00,  1.0125e+00, -1.2528e+00, -4.4577e-01,  3.6764e-01,
        -2.5873e-01, -1.5987e+00, -9.2181e-01,  2.0789e-01,  9.0888e-01,
         5.6218e-01, -9.4620e-01, -5.4015e-02, -1.9548e+00,  6.2271e-01,
        -6.3588e-01, -6.1371e-01,  1.0727e+00,  7.6859e-01, -6.5370e-01,
         1.9001e+00, -7.1083e-01,  1.1411e+00, -5.7935e-01,  6.4594e-02,
         1.0780e+00,  1.5691e+00,  9.2484e-01, -1.7725e+00,  3.0731e-01,
        -1.0863e+00,  1.3936e+00, -5.8546e-01,  1.5603e-01,  1.3405e+00,
         1.0798e+00, -1.5174e+00, -1.3898e+00,  1.3870e+00, -2.3894e+00,
        -6.8739e-01, -1.1067e+00, -1.6270e+00, -1.2445e+00, -8.4175e-01,
        -9.2160e-02,  8.8306e-01,  1.8759e-01, -1.5708e+00, -1.6613e+00,
         9.7782e-01, -3.1024e-01,  3.1269e-01,  5.8229e-01,  1.6164e+00,
         8.0252e-01,  9.5891e-01, -7.5164e-01,  3.9473e-01, -6.4379e-01,
        -2.0257e+00, -3.2313e-02, -1.2237e+00, -1.3977e+00, -6.5729e-03,
        -1.1178e+00,  2.0014e-01, -1.6558e-01,  1.2698e+00, -1.3047e+00,
         1.5813e+00,  5.2629e-01,  2.3177e-01,  9.9898e-01, -1.9449e+00,
         1.8117e-01, -1.6113e+00,  1.3582e-01,  1.2628e+00,  2.2356e-01,
         9.5712e-01,  1.3786e+00,  7.9076e-01,  4.2654e-01,  7.1665e-01,
        -3.6174e-01,  9.4410e-01,  1.3053e+00,  1.6267e+00, -1.4937e+00,
         8.6931e-01,  5.0223e-01,  5.2246e-01, -1.8371e-01,  4.1171e-01,
         6.5126e-01,  1.1362e+00, -4.3418e-01, -1.6763e+00, -7.6595e-02,
        -1.1709e+00, -4.5701e-01, -6.7357e-01, -1.6139e-01,  1.3940e+00]), 'model.features.3.1.block.3.0.weight': tensor([[[[ 0.0610]],

         [[-0.0413]],

         [[ 0.0316]],

         ...,

         [[-0.0738]],

         [[-0.0707]],

         [[ 0.0554]]],


        [[[-0.0307]],

         [[-0.1159]],

         [[ 0.0314]],

         ...,

         [[-0.0035]],

         [[ 0.0486]],

         [[ 0.0547]]],


        [[[ 0.0659]],

         [[ 0.1510]],

         [[ 0.0024]],

         ...,

         [[-0.0492]],

         [[-0.0935]],

         [[ 0.0379]]],


        ...,


        [[[-0.0294]],

         [[-0.1091]],

         [[ 0.0203]],

         ...,

         [[ 0.2486]],

         [[ 0.0883]],

         [[-0.0065]]],


        [[[-0.1246]],

         [[-0.0792]],

         [[ 0.1456]],

         ...,

         [[-0.0781]],

         [[-0.0190]],

         [[-0.0664]]],


        [[[ 0.1081]],

         [[ 0.0115]],

         [[ 0.0171]],

         ...,

         [[ 0.0129]],

         [[-0.0013]],

         [[-0.0249]]]]), 'model.features.3.1.block.3.1.weight': tensor([1.2726, 1.9256, 3.3756, 2.7601, 1.9520, 4.2545, 6.4704, 2.3654, 1.7289,
        6.6734, 4.5512, 1.9815, 3.0456, 1.8875, 3.3939, 1.6733, 1.6547, 2.9645,
        2.0253, 1.6613, 1.8282, 2.0401, 1.7743, 2.1427, 1.5808, 2.8471, 3.2456,
        2.3716, 3.1980, 1.8146, 1.6528, 2.1108, 2.5754, 2.0298, 2.6707, 4.3029,
        5.8468, 1.7066, 1.7960, 2.0453]), 'model.features.3.1.block.3.1.bias': tensor([ 1.9406, -0.8261, -2.5776, -1.9078, -1.8307, -0.2946, -3.6935, -1.7496,
        -0.9499,  2.6367,  0.3052, -0.0637,  0.9967, -1.0267, -0.8123, -0.0954,
        -1.9863,  1.0251,  1.4650, -1.1358,  0.7608, -0.7462, -0.3853,  2.8029,
         0.0245,  0.2476, -0.7506,  1.1501, -0.2147,  1.1724, -0.8496, -0.9441,
        -1.6608, -0.5255, -0.6540, -0.0880,  0.6275,  1.1120,  0.0599, -0.0585]), 'model.features.3.1.block.3.1.running_mean': tensor([-0.2333, -0.4632, -0.4106, -0.5350, -0.1217, -0.8406,  0.2122, -0.6709,
         0.3638,  0.3060,  0.9004, -0.1753, -0.2679,  0.2694, -0.4253,  0.1213,
        -0.4773,  0.7033,  0.6063,  0.1115,  0.1421, -0.1857, -0.2377,  0.4044,
         0.1482, -0.1586, -0.0296,  0.1715, -0.0466, -0.8549, -0.2664, -0.6891,
        -0.1235, -0.0790,  0.8049, -0.5171,  0.4719,  0.2124,  0.3230,  0.0102]), 'model.features.3.1.block.3.1.running_var': tensor([0.5439, 0.2558, 0.5738, 0.3781, 0.2931, 0.4913, 0.8140, 0.5318, 0.3395,
        1.3137, 0.5500, 0.4041, 0.3969, 0.5031, 0.3933, 0.4994, 0.2955, 0.5018,
        0.5889, 0.3844, 0.2322, 0.4224, 0.4973, 0.5862, 0.3623, 0.5012, 0.4570,
        0.3967, 0.4502, 0.3613, 0.3998, 0.5398, 0.5413, 0.4253, 0.5796, 0.5345,
        1.1986, 0.3978, 0.4981, 0.3565]), 'model.features.3.1.block.3.1.num_batches_tracked': tensor(703214), 'model.features.4.0.block.0.0.weight': tensor([[[[ 0.3183]],

         [[-0.0056]],

         [[ 0.1535]],

         ...,

         [[-0.2340]],

         [[-0.1921]],

         [[-0.4708]]],


        [[[ 0.4689]],

         [[ 0.4945]],

         [[-0.0673]],

         ...,

         [[ 0.0883]],

         [[ 0.2501]],

         [[-0.0028]]],


        [[[ 0.3283]],

         [[-0.0334]],

         [[ 0.1059]],

         ...,

         [[-0.0413]],

         [[-0.0129]],

         [[ 0.5912]]],


        ...,


        [[[ 0.3543]],

         [[ 0.1741]],

         [[ 0.4615]],

         ...,

         [[-0.0588]],

         [[ 0.0147]],

         [[-0.1584]]],


        [[[ 0.0189]],

         [[ 0.1067]],

         [[ 0.0365]],

         ...,

         [[-0.2010]],

         [[ 0.0758]],

         [[ 0.1338]]],


        [[[ 0.0078]],

         [[ 0.2029]],

         [[ 0.1484]],

         ...,

         [[ 0.0042]],

         [[-0.0340]],

         [[ 0.0202]]]]), 'model.features.4.0.block.0.1.weight': tensor([ 0.8477,  0.7790,  0.6079,  0.8793,  1.1170,  1.8197,  0.9857,  1.1847,
         0.5889,  1.6507,  0.2907,  0.6654,  1.3135,  0.5692,  0.7697,  2.1933,
         1.2798,  1.6220,  2.1070,  1.4542,  2.0151,  0.8076,  0.8108,  1.8524,
         0.6656,  1.1553,  0.6874,  1.4632,  0.8780,  0.8630,  1.5851,  1.1065,
         1.5298,  0.4001,  0.6385,  1.6863,  0.6493,  1.4523,  2.1940,  0.7009,
         1.8913,  0.3184,  0.1963,  1.0264,  0.8555,  1.7537, -1.5954,  0.9364,
         0.1071,  1.2192,  1.0495,  0.5566,  1.8143,  0.7757,  1.2202,  0.5274,
         0.6325,  1.9109,  1.1548,  0.6748,  0.8017,  2.2151,  2.5286,  1.6663,
         1.0504,  0.9141,  1.2399,  2.8024,  1.9879,  2.4719,  0.7711,  1.1369,
         0.5237,  1.6528,  0.7845,  1.7008,  1.9612,  0.6412, -0.3494,  0.6821,
         1.3151,  1.0991,  1.0453,  2.6022,  0.9958,  0.7252,  0.7531,  0.9172,
         2.1027,  0.8606,  1.9528,  2.2759,  0.7221,  1.9237,  1.3885,  0.7184,
         1.1001,  0.5333,  1.7194,  2.1541,  0.6223,  1.2654,  1.0687,  1.1281,
         1.4772,  0.9236,  2.9370,  0.7705,  0.7856,  1.2536,  0.8498,  0.7086,
         1.9688,  0.6416,  0.9020,  0.8008,  0.9196,  1.8964,  0.8495, -0.0644,
         2.5341,  0.7109,  0.9663,  0.3760,  0.5731,  1.8090,  0.8716,  0.7653,
         1.0129,  0.8895,  2.4441, -1.5872,  1.7046,  1.0742,  1.7914,  0.8040,
         1.4917,  0.2437,  2.2859,  1.8120,  1.6521,  1.2399,  2.3673,  0.1174,
         0.9226,  0.5889,  0.8147,  1.2122,  0.9333,  0.6366,  0.6560,  1.8981,
         1.7321,  0.8850,  1.5756, -0.1791,  2.1327,  2.0286,  1.6620,  2.9564,
         0.9246,  0.6667,  1.5465,  0.7053,  1.0826,  0.7770,  1.6068,  1.6534,
         0.9072,  1.5381,  1.2086,  0.7513,  0.7372,  0.1259,  1.8307,  0.8047,
         1.0406, -0.0885,  0.7308,  0.9747,  1.0159,  1.1896,  0.7514,  1.4203,
         0.8760,  1.8168,  0.9008,  0.0505,  0.8351,  2.3251,  1.0787,  0.7749,
         1.9127,  1.8511,  0.8254,  1.7662,  1.2452,  1.5074,  1.9872,  1.3975,
         0.7016,  0.4503,  0.6783,  0.9555,  1.2464,  0.4125,  1.2911,  1.5253,
         0.9553,  1.1710,  1.8513,  0.4657,  2.2995,  0.6518,  0.7632,  1.5772,
         2.4864,  1.4570,  2.8143,  0.9715,  1.2426,  2.8455,  1.4332,  0.5011,
         2.0998,  0.7147,  1.0203,  0.8856,  0.2542,  1.4133,  2.1386,  0.9928,
         1.5457,  1.1191,  2.4211,  1.0668,  0.9678,  0.6534,  1.0561,  0.6522]), 'model.features.4.0.block.0.1.bias': tensor([-8.9314e-01, -9.7695e-01, -9.6139e-01, -9.3916e-01, -1.3794e+00,
         7.9869e-01, -1.0776e+00, -1.5834e+00, -1.2089e+00, -8.7048e-01,
         1.8328e-01, -8.0864e-01,  1.4705e+00, -1.2603e+00, -1.1166e+00,
         8.9237e-01,  1.1454e+00, -3.0332e+00, -4.4343e-01, -1.1231e+00,
         1.4421e-01, -3.6479e-01, -8.3919e-01, -7.9445e-01, -1.2571e+00,
        -7.3159e-01, -1.3719e+00,  9.4514e-01, -1.1698e+00, -1.4543e+00,
         4.6176e-01,  1.5971e-01, -8.7344e-01, -3.3165e-01, -9.1376e-01,
         1.1256e+00, -3.1480e-01,  1.7898e+00, -2.4982e-01, -1.3550e+00,
        -8.6400e-01, -1.5588e-01, -9.6599e-02, -9.9931e-01, -1.3387e+00,
        -7.6135e-01,  5.8317e-01, -3.1966e-01, -1.2566e-01, -7.7385e-01,
        -7.0815e-01,  3.6663e-01, -7.9700e-01, -1.5541e+00, -1.2919e+00,
        -3.2577e-01, -6.5018e-01,  7.0655e-01, -8.7718e-01, -9.2777e-01,
        -8.3561e-01, -1.0628e-01,  4.7198e-01,  3.8569e+00, -1.0299e+00,
        -4.5548e-01, -1.9143e-01, -8.8460e-01,  1.2137e+00, -5.6066e-01,
        -8.0458e-01, -6.2274e-01, -6.9128e-01, -1.0556e-01, -1.6953e+00,
         1.8200e+00, -2.9713e-01, -7.2295e-01,  2.3211e-03, -8.2758e-01,
        -1.1720e+00, -1.0636e+00, -1.1046e+00,  4.5780e-01, -1.1753e+00,
         7.9387e-02, -6.4981e-01, -1.3188e+00, -1.5891e+00, -1.4262e+00,
         3.7097e+00,  7.4771e-02, -1.0110e+00, -7.5897e-01, -6.0050e-01,
        -1.1069e+00, -1.2645e+00, -4.5410e-01,  7.3247e-01,  2.7689e-01,
        -9.8164e-01,  1.5203e+00, -1.4605e+00,  2.7733e+00, -1.0370e+00,
        -1.0971e+00,  1.3243e+00, -9.1327e-01, -1.3949e+00, -5.8626e-02,
        -9.0976e-01, -9.2040e-01, -5.7856e-01, -6.3377e-01, -1.0213e+00,
        -9.0685e-01, -9.7793e-01, -4.2936e-01,  1.1760e+00, -1.9162e-02,
         1.3269e+00, -8.2100e-01, -7.5166e-01, -4.7540e-02, -3.5580e-01,
         1.1408e+00,  1.0174e+00, -7.3930e-01, -1.5669e+00, -7.7772e-01,
         1.3746e+00, -1.5733e+00,  2.5921e+00, -1.7240e+00,  1.2962e+00,
        -1.0438e+00, -8.1578e-01,  5.6900e-02, -1.1149e+00, -2.5210e-01,
         8.4712e-01, -1.1058e+00,  9.6043e-01, -9.2845e-02, -1.3252e+00,
        -7.3414e-01, -1.2115e+00, -8.2171e-01, -2.4992e+00, -8.8325e-01,
        -1.2120e+00, -9.7523e-01, -1.2459e+00, -1.3111e+00,  1.6614e+00,
        -3.0921e-01,  1.7021e-01, -2.4799e-01,  1.6177e+00, -2.0350e+00,
        -1.2292e+00, -3.4405e-01, -3.3421e-01, -9.2164e-01, -1.0823e+00,
        -9.4624e-01, -1.4117e+00, -2.8002e-01, -1.1778e+00, -2.1961e-01,
         1.0351e-01, -9.3473e-01, -8.4629e-01, -4.5813e-02, -9.7872e-01,
        -1.1942e+00, -1.2692e+00, -1.4685e-02, -1.3950e+00, -9.5910e-01,
        -1.5128e+00, -1.4898e+00, -1.1043e+00, -1.2299e+00, -1.1309e+00,
         1.8105e-01, -3.1304e-01,  2.0991e-02,  1.8643e+00,  3.6984e-01,
        -6.6605e-01, -1.1042e+00,  1.2280e+00,  1.6602e+00, -1.8537e+00,
         5.7157e-01, -9.7618e-01, -5.6791e-01, -7.6090e-01, -8.4711e-01,
        -9.9612e-01, -2.8060e-02, -1.0354e+00, -1.3044e+00, -1.3228e+00,
         9.9215e-02,  1.7270e+00, -1.5548e+00, -5.3724e-01,  3.9864e-01,
         3.7346e+00, -9.4159e-01, -6.8355e-01, -1.1058e+00, -1.0434e+00,
        -2.3674e-01, -5.0882e-01, -7.9375e-01,  6.0921e-01, -1.0739e+00,
        -1.6349e-01,  9.7133e-01,  5.8875e-01, -1.0032e+00,  1.1668e+00,
        -1.3814e+00,  5.3799e-02, -1.4730e+00, -2.6275e-02, -9.5651e-01,
         8.4950e-01,  2.0530e-01, -2.6634e-01, -1.7206e+00,  1.1304e+00,
        -1.5410e+00, -1.9119e+00,  2.4143e+00,  1.3461e+00, -1.6332e+00]), 'model.features.4.0.block.0.1.running_mean': tensor([-1.8805e+00, -2.3611e+00, -9.2026e-01, -2.2204e+00, -6.3043e-01,
        -9.2200e-01, -2.7230e+00,  6.6928e-01, -3.7746e-01, -1.8085e+00,
         3.2202e-01,  2.3267e-01,  1.3034e+00, -3.1478e+00, -2.3667e-01,
        -1.0749e+00, -5.1547e-01, -2.7229e+00, -6.4633e-01, -2.2247e+00,
        -9.9042e-01,  5.0442e-01,  1.3521e+00, -1.0520e+00, -1.4919e+00,
        -1.7343e+00, -1.3442e+00, -7.4801e-01, -1.1846e+00, -5.2894e-01,
        -1.5054e+00, -6.6827e-01, -5.6379e-01, -4.3804e+00, -1.3927e-02,
         9.2019e-01, -1.7105e+00, -2.7783e-01, -1.0584e+00, -6.8802e-01,
        -9.1723e-01, -3.7899e-03,  7.8707e-01, -1.4217e+00, -5.1856e-01,
        -8.4045e-01,  7.4542e-02, -9.4838e-01, -5.9498e-01, -9.9887e-01,
         5.0352e-01, -1.6706e+00, -1.2471e+00, -8.6743e-01, -8.9037e-01,
         9.9885e-02, -1.9690e-01, -9.1179e-01, -9.5140e-01, -2.9808e+00,
        -4.8065e-01, -5.5614e-01,  1.0498e+00,  1.8378e+00, -1.7261e+00,
        -3.1510e+00, -1.0863e+00, -1.8486e+00,  6.6868e-01, -6.3888e-01,
        -2.4119e+00, -2.0563e+00, -3.1567e-01, -2.0490e-01,  2.8965e-01,
        -2.9611e-01, -9.3338e-01, -2.5509e-01, -2.0425e-02, -1.5125e+00,
        -2.4667e+00, -8.6125e-01, -1.1120e+00,  5.1553e-01, -1.5079e+00,
         9.5358e-01,  2.5461e+00, -1.4031e+00, -5.4442e-01, -1.4687e+00,
         1.2976e+00, -1.3821e-02, -1.2350e-01, -1.3301e+00, -1.0466e+00,
        -2.3154e+00, -2.3003e+00, -2.6245e+00, -3.9094e-01, -5.0023e-01,
        -1.4623e+00, -1.4927e-02, -1.2744e+00,  1.3301e+00, -1.5710e+00,
         1.4972e-01, -1.4578e+00, -1.0694e+00, -2.3161e+00, -1.3412e+00,
        -6.1342e-01, -7.7488e-01, -1.1741e+00,  2.7785e-01, -1.8282e+00,
        -7.2645e-01, -2.0862e+00, -9.5690e-01, -9.7491e-01, -5.9151e-01,
         1.1611e-01, -1.4298e-02, -2.3183e+00, -6.2512e-01, -1.5498e+00,
         1.3706e-01, -8.8032e-01, -1.7457e+00, -1.7499e+00, -1.6097e+00,
        -5.7476e-01,  5.9395e-01, -7.0727e-01, -3.2608e+00, -5.4300e-01,
        -2.9138e+00, -6.8281e-01, -4.1470e-01, -2.3902e+00, -4.2614e-01,
        -2.1011e+00, -1.6096e+00, -3.9131e-03, -1.5768e+00, -4.1616e-01,
        -1.7683e+00, -7.4151e-02, -2.8522e-01, -3.8602e+00, -2.3297e+00,
        -9.2291e-01, -2.1243e+00, -2.3459e+00, -1.3440e+00,  6.8163e-02,
         4.3986e-01,  1.0670e-01, -9.1310e-01, -3.2518e-01, -1.8181e+00,
        -1.2942e+00, -2.0091e-01, -6.1032e-02, -3.2691e+00, -4.8997e-01,
        -1.6954e+00, -1.8543e+00, -2.4061e-01, -3.4496e-01, -1.5145e+00,
        -5.2406e-01, -1.0812e+00, -1.8774e+00,  1.6147e-01,  1.1349e-01,
        -1.0790e+00, -1.6167e+00,  3.2569e-01, -2.5763e+00, -2.6157e+00,
        -1.9166e+00, -3.0416e+00, -1.5403e+00, -4.0806e-01, -1.1157e+00,
         5.0156e-01, -1.6148e+00,  6.9800e-01,  2.4827e-01, -4.4773e-01,
        -1.7430e+00, -2.5169e+00, -5.7489e-01,  5.2558e-01, -1.1927e+00,
        -6.7120e-01, -7.8595e-01, -4.1240e-01, -9.5733e-01, -7.2422e-01,
         2.3265e-01, -4.5261e-02,  6.6697e-01, -7.0475e-01, -2.1733e+00,
         3.6846e-01, -3.6348e-01, -4.5432e-01,  8.3870e-01, -1.8592e-01,
         1.6315e+00, -2.5196e+00, -1.2204e+00, -1.7359e+00, -1.5762e+00,
        -2.6331e-01, -7.7544e-01, -4.4639e-01, -1.5379e+00,  6.6954e-01,
         6.3585e-01,  3.3989e-01,  1.3905e-01, -2.7994e+00, -1.8885e+00,
        -5.1288e-01, -8.4527e-01, -2.0181e+00, -1.1126e+00, -1.1949e-01,
        -7.1740e-01,  1.7850e+00,  1.4126e-01, -3.2155e+00, -3.7245e-01,
        -2.8050e+00, -4.6545e-01, -6.4858e+00, -3.4094e-01, -7.0125e-01]), 'model.features.4.0.block.0.1.running_var': tensor([271.3559, 212.3074,  93.5706, 143.2624,  72.1821, 151.9938, 141.1113,
        100.1783, 100.7726,  93.2384,  79.1314, 166.6476, 264.0298, 100.5271,
        161.1801,  70.2754,  75.1353,  96.3031,  79.7813, 178.8599, 115.9020,
        230.1336, 119.6930, 118.7564,  80.0640,  95.2041,  61.9086, 111.5123,
         64.6322,  93.3588, 100.7322,  67.8596, 102.7459,  98.2630, 144.0401,
        181.2818,  81.4222,  37.3853,  74.9946, 103.0186, 114.0651,  85.3942,
         80.8441,  72.1244,  73.6926,  90.6331,  65.2985, 131.4128,  48.3341,
        158.2017, 137.6912, 228.3864, 169.3919,  88.0887, 167.4620, 231.4061,
        171.3644, 155.9989,  75.9572, 343.1026, 129.0508, 130.2643,  69.3064,
         61.1527, 131.1777, 158.0615, 165.1177, 178.5016, 240.1498,  44.2671,
        179.9174, 304.7194, 196.6163,  92.8275,  64.0853,  40.2696, 127.3233,
        121.0403,  60.8068, 179.2345, 176.2961, 111.5454, 156.9010,  88.3195,
        253.7505,  59.6127, 319.8825, 235.1919,  84.8165, 189.5432, 165.1051,
         92.3773, 114.7323, 129.5568, 105.8134, 119.1992,  65.9984,  99.5972,
        154.1820, 112.9354, 203.2730,  60.8950, 149.9964,  56.9123, 108.8076,
        227.3505, 191.3591, 214.0829,  86.2162, 145.5533, 201.5668,  71.1540,
         62.4410, 124.0480, 161.1410, 212.8788,  94.2330,  98.4765,  39.7854,
         71.3782, 103.2312, 510.5669, 152.5192,  57.7615,  82.8378,  63.9191,
         43.9287, 142.7504, 121.5666, 148.6941, 111.2720,  79.1141,  99.1640,
        165.0230, 132.3002, 129.0295,  91.9151,  75.2015, 204.1125, 198.6152,
         78.7209, 140.8618, 106.1068,  39.7693,  93.1383,  96.3231, 118.9088,
         76.6094,  64.4115, 226.0934, 130.9579, 130.9853, 113.6631, 248.7425,
         42.3830,  40.4121,  80.7058, 124.1241, 109.8593,  12.1307, 173.2475,
        102.2118, 178.3355, 147.7117, 141.4601, 114.2539,  50.7369, 143.4840,
        101.1732, 120.9390, 138.6220, 308.6087, 181.8501,  85.9103,  73.1336,
        106.3148,  85.1715,  29.2667, 125.2615, 188.5069, 136.6136,  76.3375,
        192.6409,  79.2798, 164.5573,  90.5403, 269.7652,  34.3273,  31.6635,
        171.2161,  57.5953, 165.0355,  62.0493,  78.1963,  57.1270,  69.8191,
         97.3102,  82.7090, 143.1834, 119.5511, 122.2747,  71.2891, 131.5294,
        154.4044, 115.3204, 145.6781,  37.2954, 223.3360, 197.3235, 108.8782,
        143.3035,  88.5509, 129.8807, 112.6916, 111.9267, 159.9068,  85.9834,
         98.3680,  92.9451, 129.9985, 108.7860, 111.5110, 167.7279, 106.7348,
        154.9741,  70.4159,  99.2393, 105.6341,  36.3570,  55.3694,  75.0487,
        161.6834, 161.9263, 175.9293,  81.2085, 210.0681,  53.7245,  81.1203,
         26.4682,  40.3286]), 'model.features.4.0.block.0.1.num_batches_tracked': tensor(703214), 'model.features.4.0.block.1.0.weight': tensor([[[[ 0.0993,  0.1994,  0.1283],
          [ 0.1554,  0.3367,  0.2324],
          [ 0.0938,  0.2248,  0.1377]]],


        [[[ 0.0616,  0.1521,  0.1256],
          [ 0.1211,  0.3337,  0.2744],
          [ 0.1243,  0.2992,  0.2504]]],


        [[[ 0.0563,  0.1707,  0.1128],
          [ 0.1484,  0.3497,  0.2303],
          [ 0.0785,  0.2313,  0.1604]]],


        ...,


        [[[-0.0975, -0.1502, -0.0896],
          [-0.1991, -0.3740, -0.2237],
          [-0.1117, -0.2856, -0.1666]]],


        [[[ 0.0913,  0.2024,  0.1421],
          [ 0.0645,  0.1528,  0.0615],
          [-0.1884, -0.3410, -0.1923]]],


        [[[ 0.0298,  0.1232,  0.0986],
          [ 0.1029,  0.2780,  0.2237],
          [ 0.0543,  0.1824,  0.1696]]]]), 'model.features.4.0.block.1.1.weight': tensor([1.2512, 1.2650, 1.5206, 1.2004, 1.8064, 1.2709, 1.1358, 1.2437, 1.5075,
        0.8867, 1.1640, 1.4879, 0.8350, 1.5175, 1.5035, 2.0522, 0.6643, 1.1438,
        1.2988, 1.2658, 1.6188, 1.5825, 1.0529, 0.9728, 1.3977, 1.9221, 1.5120,
        1.5563, 0.7212, 1.6195, 1.2803, 1.8363, 1.0758, 0.5567, 1.6319, 1.1455,
        0.6755, 1.7522, 0.5759, 1.5263, 0.9776, 1.1517, 1.8918, 0.5968, 1.3236,
        1.0396, 1.4512, 0.6169, 1.9352, 0.5707, 1.7726, 0.6298, 1.3490, 1.3898,
        0.4746, 0.7704, 1.4468, 1.3551, 1.4647, 1.3434, 0.5010, 0.9819, 1.2388,
        1.4050, 1.2765, 0.4837, 0.6910, 1.4372, 0.9619, 0.9514, 0.4800, 1.5362,
        1.4273, 1.3637, 1.4771, 2.0699, 0.6549, 0.4986, 1.1759, 1.2314, 1.2775,
        1.3822, 1.5208, 1.3094, 1.1858, 0.5036, 1.6697, 1.2733, 0.8590, 1.2093,
        1.4972, 1.3195, 1.4129, 0.9252, 1.3061, 1.1716, 1.4182, 0.6035, 1.4113,
        0.7196, 1.2464, 1.4335, 1.3070, 0.9581, 0.8753, 1.2705, 0.9801, 1.5983,
        1.2168, 0.9789, 1.5352, 1.7601, 0.5870, 0.4507, 1.2413, 1.1561, 1.5631,
        0.6190, 1.1562, 2.0677, 1.2207, 0.6732, 0.4858, 1.1926, 0.5593, 1.0905,
        1.1503, 1.5533, 0.4167, 1.3387, 1.1727, 1.4516, 0.8560, 1.1193, 1.4725,
        0.4342, 1.1748, 1.8728, 0.9835, 0.6062, 1.2953, 1.3525, 1.2853, 1.8762,
        1.5443, 1.3909, 1.5436, 1.2503, 1.0844, 1.1057, 1.3516, 0.7109, 0.6948,
        1.3022, 2.6570, 1.9072, 1.2039, 1.0501, 1.7514, 1.6638, 1.5894, 0.5743,
        0.9317, 1.2366, 0.3823, 0.4840, 0.7961, 1.3498, 1.1525, 0.8515, 1.5533,
        1.4382, 0.4564, 2.4163, 2.3894, 1.2479, 1.2851, 2.6676, 1.0969, 1.4923,
        1.2905, 0.5562, 1.2081, 0.7248, 1.4775, 2.0082, 0.6424, 3.2988, 1.1709,
        0.6949, 1.0076, 1.3730, 1.6205, 1.9971, 1.1192, 1.0421, 1.0145, 0.6447,
        0.9664, 0.6489, 1.3334, 1.5284, 1.6443, 0.4806, 1.1730, 0.5958, 2.3206,
        0.4211, 1.4143, 1.0192, 1.5546, 1.1537, 0.5582, 0.4996, 1.1820, 0.6386,
        1.2239, 0.7885, 1.6614, 1.6379, 0.5886, 1.1622, 0.8879, 1.3463, 0.8347,
        1.3119, 0.8828, 1.5671, 1.4048, 2.0118, 1.7380, 0.5950, 0.9629, 1.1247,
        0.9173, 1.1072, 0.9598, 0.9635, 2.8377, 1.5013]), 'model.features.4.0.block.1.1.bias': tensor([ 2.8111,  2.8528,  2.9394,  2.9113, -0.1059, -0.1107,  0.7876,  2.1693,
         2.7340,  0.4001, -0.1613,  4.5028,  2.0771,  1.9594,  2.1114, -1.2639,
         1.2681,  1.4303, -0.3938,  1.5735, -0.7524,  3.3377,  2.0194,  0.7069,
         2.9026,  2.9712,  2.7846, -0.5114,  0.6361,  2.9372,  2.7697, -1.2038,
        -0.0427,  3.5275,  2.9947, -0.0242,  2.4228, -0.5137,  0.8682,  2.2339,
         0.6680, -0.1469,  0.1429,  0.8870,  2.4775,  0.6726, -1.0184,  0.6822,
        -0.9005,  1.2972,  3.2932,  2.0127,  2.5103,  2.3114,  1.7149,  4.2324,
         3.6619, -0.1433,  1.5229,  3.3618,  2.7075,  0.5065, -0.3445, -1.2568,
         2.7526,  2.1466,  1.3644, -0.2382,  0.3641,  0.0716,  2.7055,  3.3676,
         3.3416, -0.5033, -0.0121, -0.6539,  2.3241,  2.8081, -0.5248,  3.0551,
         1.5570,  2.7455,  2.9832, -0.2136,  2.8669,  1.6747,  3.8994,  2.5620,
         0.8865,  2.7708, -1.0070, -0.3613,  2.3951,  0.7512,  2.6395,  2.6195,
         3.0718,  2.8272, -0.6387,  0.7524,  2.9194, -0.4723,  2.5660, -0.9606,
         0.2636,  2.9163,  0.1603,  3.0035,  1.5936,  0.3093,  2.8190,  2.7259,
         0.8525,  2.1920,  2.6864,  2.9703,  1.3907,  0.8021, -0.6044, -0.6590,
        -0.0446,  3.9471,  1.8879,  0.3496,  2.5682, -0.4311, -0.9635,  3.8279,
         5.6661,  2.8912, -0.0494,  1.0343,  0.2476,  1.7501, -0.5583,  3.4989,
        -0.0166, -0.4883,  0.3089,  1.1808,  0.2114,  2.3825, -0.3601, -0.6555,
         2.9757,  3.1822,  2.6855, -0.0441,  1.9357,  3.2835,  2.9820,  0.5010,
         0.8925,  2.6359, -0.4109, -0.7200, -0.5803,  0.2399, -1.2072, -3.8353,
         3.2330,  3.5917,  0.5718,  3.2432,  1.9676,  5.0725,  0.5850,  2.9819,
         2.2105,  0.5076, -0.3958,  3.0192,  2.4901, -0.5765, -0.7818,  2.7860,
         2.8354, -0.5895,  2.4647,  3.1706,  2.5691,  1.1159,  2.2754,  0.4824,
         2.2965, -0.4687,  3.2552, -0.4071, -0.9938,  1.3341,  0.1890,  2.0435,
         0.0079, -1.2534,  2.5093,  0.4545,  0.2235,  0.6883,  0.7770,  0.6938,
         2.8156,  0.1688,  3.1572,  1.5964,  1.8925,  2.5288, -0.4041,  1.8027,
         3.2823,  0.1023, -1.0931,  2.7966,  0.9632,  1.3147,  1.8809,  1.8625,
         0.1085,  0.4455, -0.7030,  3.2988,  0.9758,  0.0893,  0.5138,  3.0343,
         0.5144,  2.1334,  0.2551,  2.3942, -0.6207, -0.6926, -0.8034,  2.1890,
         0.4866,  1.6520,  0.0069,  1.5149,  2.6718,  2.8670, -0.5284,  2.0708]), 'model.features.4.0.block.1.1.running_mean': tensor([-2.5334e-01, -3.0767e-01, -3.1061e-01, -2.3109e-01,  1.4840e-01,
        -1.3742e+00, -2.4160e-01, -2.1904e-01, -3.4096e-01, -1.0316e-01,
        -2.0890e-02, -2.9868e-01, -2.4160e+00, -3.7457e-01, -3.2882e-01,
        -1.2014e+00, -2.7744e-01, -1.1289e-01, -4.3866e-01, -1.4407e-01,
        -7.5051e-01, -3.2139e-02, -2.1891e-01, -2.7804e-01, -3.0043e-01,
        -6.9194e-02, -3.0674e-01, -1.2997e+00,  2.1356e-01, -3.0604e-01,
         8.3882e-01, -2.8411e-01, -4.6441e-02,  1.5643e-01, -3.5819e-01,
        -1.7544e+00,  2.8258e-03,  2.9385e-01, -5.7824e-01, -3.1705e-01,
        -2.5869e-01,  9.4367e-03, -4.6845e-02,  1.2666e-01, -2.4562e-01,
        -1.7822e-01, -6.8749e-01, -2.3601e-02,  3.9666e-04,  4.6713e-02,
        -8.3349e-02, -4.5460e-01,  2.4032e-01, -2.6906e-01,  2.0173e-01,
         1.3964e-01, -2.6352e-01, -1.3558e+00, -1.0385e-01, -4.3261e-01,
         2.3431e-01, -8.1311e-01, -1.1149e+00, -4.0452e+00, -1.9349e-01,
         4.2731e-02, -3.2336e-01, -6.1589e-01, -1.9244e+00, -4.2410e-01,
         2.3962e-01, -6.4271e-02, -3.3425e-01, -4.3380e-01, -2.5909e-01,
         6.9559e-02, -3.1096e-01,  2.8554e-01, -1.2411e-03, -2.9376e-01,
        -1.9969e-01, -1.6984e-01, -2.4218e-01, -1.3232e+00, -2.4897e-01,
        -2.2399e-01, -2.3181e-01, -3.2317e-01, -1.4843e-01, -3.1423e-01,
        -5.1304e+00, -6.4858e-01, -3.2810e-01, -3.3386e-01,  1.0571e-01,
        -3.0774e-01, -2.0341e-01,  1.7247e-01, -1.0255e+00, -1.2100e+00,
        -3.2770e-01, -3.5644e-01, -2.2518e-01, -4.6351e-01,  3.0540e-02,
        -2.6138e-01, -2.4782e+00, -2.7348e-01, -3.0825e-01, -3.6172e-01,
        -2.3207e-01, -2.4418e-01, -3.3178e-01,  2.4013e-01, -2.3061e-01,
        -2.5633e-01, -1.8709e-01, -4.9097e-01,  9.9603e-02, -9.2088e-04,
        -2.2027e+00,  3.8225e-01,  1.5959e-01, -3.5146e-03, -4.6103e-04,
        -1.3217e+00, -9.6696e-02, -2.2624e-01,  2.8747e-01, -2.1132e-01,
        -2.0124e+00,  7.8901e-02, -2.4932e+00, -2.9873e-01, -1.7751e+00,
         2.9472e-01, -4.2544e-02, -1.3742e-03, -2.1934e-01, -4.8404e-01,
         6.4922e-02, -1.9679e-01, -1.4810e+00,  2.6804e-03, -3.0620e-01,
        -2.3405e-01, -2.8634e-01,  2.9973e-02, -2.6445e-01, -2.9950e-01,
        -3.1570e-01, -1.0611e-01, -8.5528e-02, -3.2784e-01,  1.9987e-02,
        -3.0190e-02, -7.2380e-01, -5.4730e-01, -1.8005e+00,  2.6251e-01,
        -3.3362e-01,  8.9075e-02, -3.7064e-01, -3.2848e-01,  2.2594e-01,
         2.4373e-01, -3.6284e-03,  4.1974e-01, -2.5573e-01, -3.4177e-01,
        -3.3920e-01, -3.0109e-01,  2.6071e-01, -5.9678e-04, -1.3128e-01,
        -2.6582e-01, -2.2649e-01, -4.7950e-04, -3.8254e-01, -2.5127e-01,
        -3.2600e-01,  1.9027e-01, -3.7384e-01,  4.1520e-02, -3.0792e-01,
        -6.6791e-01, -6.2097e-03,  2.3879e-04, -1.4875e+00, -1.4123e+00,
         6.3475e-02, -3.6494e-01, -1.2522e-01, -1.5589e+00, -2.8094e-01,
        -1.9400e-02,  5.8639e-02, -1.7694e-01, -3.9136e-01, -1.4688e-02,
        -3.4897e-01, -5.5557e-03, -3.6206e-01,  2.2796e-01, -1.8416e-01,
        -1.6841e-02,  1.9832e-01,  1.6730e-01, -7.2616e-02, -6.6198e-01,
        -4.8993e+00, -3.3160e-01, -3.0485e-01,  2.9960e-01, -2.7282e-01,
        -4.8523e-01, -7.2778e-01, -6.7830e-02, -1.4772e+00, -2.1034e-01,
        -2.5469e-01, -2.1231e+00, -1.2586e+00, -3.6133e-01, -1.7513e+00,
        -3.0178e-01, -2.8208e-01, -2.6074e-01,  4.4016e-03,  4.3158e-03,
        -1.2096e+00, -5.0285e-01, -3.9686e-01, -2.7964e-01, -1.7916e+00,
        -3.4625e-01, -2.5905e-01, -3.6582e+00, -6.3931e-02, -2.8843e-01]), 'model.features.4.0.block.1.1.running_var': tensor([3.8142e-02, 2.4559e-02, 1.2537e-02, 1.4317e-02, 1.6804e-02, 1.6764e+00,
        1.7532e-02, 1.4278e-02, 6.3450e-03, 1.6026e-01, 1.2753e-02, 1.1459e-02,
        1.7624e+00, 3.9995e-03, 1.9004e-02, 9.7949e-01, 3.9573e-01, 2.8528e-02,
        3.5058e-01, 1.5309e-01, 8.2387e-01, 1.0166e-01, 1.3901e-02, 7.6221e-01,
        3.3035e-03, 1.8971e-01, 5.6223e-03, 8.1225e-01, 6.3804e-03, 1.4376e-02,
        7.1882e-01, 9.7208e-02, 7.7404e-02, 1.1126e-02, 2.1940e-02, 1.5106e+00,
        4.6183e-02, 4.6913e-01, 1.0532e+00, 7.9851e-03, 7.2681e-01, 7.8076e-03,
        3.5680e-03, 3.2210e-02, 2.3438e-02, 3.3077e-01, 2.2696e-01, 6.1171e-02,
        3.6225e-04, 1.0257e-01, 7.9040e-02, 1.2624e-01, 6.8180e-01, 5.0916e-03,
        3.5871e-02, 4.1600e-02, 5.0290e-02, 1.8376e+00, 4.7500e-02, 1.5604e-02,
        3.8191e-02, 1.8821e+00, 1.2693e+00, 1.4196e+00, 6.8214e-02, 4.8761e-02,
        3.5936e-01, 5.7083e-01, 2.3497e+00, 4.8710e-01, 1.2602e-02, 9.6642e-02,
        1.9278e-02, 2.6801e-01, 3.1854e-03, 7.2274e-01, 5.6502e-01, 1.4860e-02,
        7.3647e-03, 1.1728e-02, 9.5289e-02, 6.0350e-02, 7.0275e-02, 1.6461e+00,
        7.3710e-03, 1.8746e-01, 8.4002e-02, 3.7351e-02, 3.6066e-01, 5.3787e-03,
        4.0501e+00, 5.1612e-01, 2.0341e-02, 8.6903e-01, 2.0202e-01, 8.4838e-03,
        4.1712e-02, 2.6353e-02, 7.5796e-01, 1.9201e+00, 3.0349e-03, 4.3459e-01,
        1.9407e-02, 4.3703e-01, 5.3311e-02, 4.6473e-02, 3.4389e+00, 2.4248e-02,
        6.6235e-03, 2.9610e-01, 8.1199e-02, 1.8462e-02, 5.9879e-01, 3.1563e-02,
        1.2600e-02, 1.1682e-02, 1.4681e-02, 6.9889e-01, 1.8721e-01, 3.8225e-04,
        3.1658e+00, 7.8596e-03, 2.4604e-02, 1.3584e-02, 3.4965e-02, 9.3085e-01,
        1.7565e-01, 4.8513e-02, 6.9931e-03, 3.1982e-02, 2.6869e+00, 3.8633e-02,
        1.7332e+00, 2.0666e-02, 1.6892e+00, 1.8587e-02, 7.2299e-02, 6.2078e-03,
        2.0305e-01, 3.6198e-01, 9.2903e-01, 3.1281e-02, 1.7283e+00, 6.4697e-04,
        2.2699e-02, 9.5943e-03, 1.1320e-02, 7.6139e-02, 1.1470e-02, 5.3424e-03,
        4.8610e-03, 2.0235e-01, 2.7400e-01, 3.8117e-02, 6.7503e-01, 1.7005e-03,
        4.8559e-01, 4.7819e-01, 1.0234e+00, 6.6222e-01, 1.5473e-02, 1.0325e-01,
        6.8831e-01, 1.7195e-02, 2.6918e-02, 1.8644e-02, 1.8475e-01, 4.1392e-01,
        2.2079e-02, 3.0095e-01, 1.7377e-01, 2.0054e-02, 1.4532e-02, 1.2904e-03,
        1.0658e-01, 3.1988e-03, 3.0416e-02, 5.6958e-04, 4.2831e-03, 4.6559e-02,
        1.4265e-02, 8.1322e-02, 1.2965e-02, 8.5416e-02, 2.2619e-02, 9.0508e-01,
        5.6795e-02, 2.2821e-04, 2.5155e-01, 2.4862e+00, 2.4098e-02, 4.5090e-02,
        1.2167e+00, 1.2489e+00, 9.8284e-03, 6.8321e-01, 4.9009e-02, 2.6539e-01,
        1.0432e+00, 1.6184e-01, 2.8750e-02, 2.1753e-02, 1.3598e-02, 1.1517e-02,
        1.0937e-02, 4.0350e-02, 4.3184e-01, 4.4220e-02, 1.0012e-01, 3.9662e-01,
        3.3543e+00, 2.8106e-03, 3.2691e-01, 3.3777e-03, 1.2005e-02, 8.6504e-01,
        1.3648e+00, 1.0590e-01, 1.9067e+00, 3.1047e-02, 2.1656e-01, 4.0617e+00,
        1.2796e+00, 8.1679e-03, 1.2274e+00, 5.7992e-03, 2.1187e-01, 1.2663e-02,
        3.4904e-03, 5.4479e-02, 9.1666e-01, 3.1112e-01, 6.4984e-01, 3.2802e-02,
        1.9347e+00, 9.7529e-03, 5.5029e-03, 7.1152e-01, 2.8916e-01, 2.7997e-03]), 'model.features.4.0.block.1.1.num_batches_tracked': tensor(703214), 'model.features.4.0.block.2.fc1.weight': tensor([[[[-0.0448]],

         [[-0.0688]],

         [[ 0.1299]],

         ...,

         [[ 0.0272]],

         [[ 0.0573]],

         [[ 0.0278]]],


        [[[ 0.1140]],

         [[-0.0284]],

         [[-0.3412]],

         ...,

         [[ 0.0326]],

         [[-0.0104]],

         [[ 0.0225]]],


        [[[-0.1009]],

         [[-0.1073]],

         [[-0.2456]],

         ...,

         [[-0.1241]],

         [[ 0.0283]],

         [[-0.0958]]],


        ...,


        [[[-0.0257]],

         [[-0.0604]],

         [[-0.0135]],

         ...,

         [[-0.0193]],

         [[ 0.0936]],

         [[-0.1327]]],


        [[[ 0.0110]],

         [[-0.0008]],

         [[-0.0234]],

         ...,

         [[ 0.0455]],

         [[ 0.1013]],

         [[ 0.0774]]],


        [[[-0.0359]],

         [[-0.0157]],

         [[ 0.0079]],

         ...,

         [[-0.0152]],

         [[ 0.0348]],

         [[-0.0370]]]]), 'model.features.4.0.block.2.fc1.bias': tensor([-0.2655, -0.3456, -0.2286, -0.4032,  0.1919,  0.3456, -0.2215,  0.3264,
         0.2097, -0.0393]), 'model.features.4.0.block.2.fc2.weight': tensor([[[[-0.2518]],

         [[ 0.0975]],

         [[-0.0537]],

         ...,

         [[ 0.0873]],

         [[ 0.0129]],

         [[ 0.0070]]],


        [[[-0.0957]],

         [[ 0.1152]],

         [[ 0.0661]],

         ...,

         [[ 0.1502]],

         [[-0.1377]],

         [[-0.3284]]],


        [[[ 0.1593]],

         [[-0.4266]],

         [[-0.3333]],

         ...,

         [[-0.0135]],

         [[ 0.0510]],

         [[ 0.1021]]],


        ...,


        [[[ 0.1149]],

         [[ 0.1669]],

         [[ 0.0350]],

         ...,

         [[-0.2003]],

         [[ 0.0834]],

         [[-0.0755]]],


        [[[ 0.0078]],

         [[-0.0918]],

         [[-0.0225]],

         ...,

         [[ 0.0086]],

         [[-0.0365]],

         [[-0.0004]]],


        [[[-0.1210]],

         [[-0.1206]],

         [[ 0.0621]],

         ...,

         [[-0.1390]],

         [[-0.0416]],

         [[-0.1154]]]]), 'model.features.4.0.block.2.fc2.bias': tensor([-4.2755e-01, -6.2894e-01, -1.3506e+00, -7.6928e-01,  6.5821e-01,
         3.0685e+00, -3.9545e-01, -9.6310e-01, -1.0719e+00,  2.3048e+00,
         6.9317e-01, -1.3202e+00,  1.7172e+00, -1.0562e+00, -8.7503e-01,
         2.4084e+00,  8.4157e-01,  1.4464e+00,  1.9902e+00, -6.2909e-01,
         2.8992e+00, -7.8293e-01, -7.6847e-01,  3.3745e+00, -1.1897e+00,
        -1.4860e+00, -1.3465e+00,  2.4497e+00,  1.0160e+00, -1.3619e+00,
        -9.1250e-01,  2.0786e+00,  2.5431e+00,  6.4919e-01, -1.1488e+00,
         2.3829e+00,  7.5964e-01, -7.2336e-01,  2.2844e+00, -1.0899e+00,
         3.1379e+00,  1.0293e+00, -1.2666e+00,  2.2560e+00, -1.2026e+00,
         1.7580e+00,  1.7291e+00,  2.2531e+00, -7.7504e-01,  2.8042e+00,
        -1.3411e+00,  1.3797e+00, -6.5431e-01, -1.4940e+00,  2.5953e+00,
         1.9906e-01, -1.0296e+00,  3.3870e+00, -1.1612e+00, -4.8493e-01,
         2.4574e+00,  3.0238e+00,  2.3687e+00,  2.5322e+00, -5.9743e-01,
         2.0264e+00,  1.9724e+00,  2.0407e+00,  2.2932e+00,  1.8789e+00,
         1.7953e+00, -8.2881e-01, -8.0003e-01,  2.0123e+00, -1.3346e+00,
        -9.9202e-01,  8.9386e-01,  1.9326e+00,  1.4949e+00, -4.6125e-01,
        -6.5716e-01, -8.0892e-01, -6.9930e-01,  2.5640e+00, -7.1160e-01,
         2.2076e+00, -9.3082e-01, -4.9856e-01,  2.9169e+00, -6.8513e-01,
         2.9006e+00,  2.4734e+00, -9.4313e-01,  3.1865e+00, -8.1558e-01,
        -7.4605e-01, -1.3108e+00,  1.8501e+00,  2.0008e+00,  2.4351e+00,
        -6.7697e-01,  1.3188e-01, -9.4003e-01,  2.3840e+00,  2.3489e+00,
        -7.0639e-01,  2.3504e+00, -9.4839e-01, -8.5562e-01,  2.9212e+00,
        -8.7034e-01, -1.2953e+00,  2.5491e+00,  2.3644e+00, -8.5386e-01,
        -4.7436e-01, -1.2943e+00,  2.9860e+00,  1.6432e+00, -5.8207e-01,
         2.2990e+00,  9.2859e-01,  1.9080e+00,  6.2028e-02,  1.4245e+00,
         1.8276e+00,  1.9223e+00, -1.1956e+00,  2.2453e+00, -9.3526e-01,
         2.5109e+00,  1.5395e+00,  1.1477e+00, -5.0349e-01,  3.1855e+00,
         2.7496e+00,  2.2081e+00, -5.4714e-01,  2.7095e+00,  2.4076e+00,
         1.8120e-03, -9.9399e-01,  2.4120e+00, -8.3910e-01, -1.2641e+00,
        -1.0110e+00, -1.1510e+00,  1.5510e+00, -6.9836e-01, -4.4316e-01,
        -9.9705e-01,  2.6904e+00,  2.4727e+00, -5.9344e-01, -1.3000e+00,
        -2.5310e-01,  1.9648e+00,  2.7570e+00,  1.9829e+00,  1.4108e+00,
        -1.0369e+00,  8.1932e-01,  3.2868e+00, -7.9845e-01,  2.7627e+00,
         2.0660e+00,  2.4706e+00, -9.2392e-01, -8.1651e-01,  1.9470e+00,
         2.2908e+00, -8.8012e-01,  2.1598e+00, -8.4378e-01,  1.0385e+00,
        -1.0474e+00, -1.2202e+00, -1.3393e+00, -6.4063e-01, -8.4227e-01,
        -1.0943e+00,  3.2112e+00, -5.7624e-01,  2.5627e+00, -8.6866e-01,
         2.1940e+00,  1.0261e+00, -1.6507e+00,  2.1858e+00,  2.5757e+00,
         7.7705e-01, -7.1441e-01, -1.4106e-01,  2.7448e+00, -1.0232e+00,
         6.9323e-01,  2.3036e+00,  2.6072e+00,  2.8151e+00,  2.1292e+00,
        -9.1505e-01, -2.6198e-01, -1.2192e+00,  2.4344e+00, -7.9044e-01,
         1.2273e+00, -1.1453e+00,  2.6129e+00, -8.4392e-01,  2.2301e+00,
         3.0049e+00, -7.5147e-01,  1.8433e+00,  1.9567e+00, -6.4391e-01,
         2.1045e+00,  2.2211e+00,  2.3564e+00,  2.5421e+00, -1.0720e+00,
         2.5707e+00,  3.1839e+00,  2.8207e+00, -7.7000e-01,  1.6593e+00,
        -1.2944e+00,  2.3682e+00, -1.3491e+00, -1.4755e-01,  1.4657e+00,
         1.9282e+00,  1.4783e+00,  2.8049e+00, -5.7998e-01,  2.1867e+00,
        -6.4194e-01, -8.7771e-01,  2.7024e-01, -1.3897e+00, -1.4803e+00]), 'model.features.4.0.block.3.0.weight': tensor([[[[ 0.0976]],

         [[-0.2227]],

         [[-0.0426]],

         ...,

         [[ 0.1075]],

         [[ 0.0677]],

         [[-0.3327]]],


        [[[ 0.4247]],

         [[ 0.0803]],

         [[ 0.1701]],

         ...,

         [[ 0.1668]],

         [[-0.0917]],

         [[ 0.0522]]],


        [[[-0.2369]],

         [[-0.1780]],

         [[-0.1622]],

         ...,

         [[ 0.4293]],

         [[-0.0443]],

         [[ 0.0031]]],


        ...,


        [[[-0.3242]],

         [[ 0.1482]],

         [[-0.0879]],

         ...,

         [[ 0.4167]],

         [[ 0.0517]],

         [[ 0.0183]]],


        [[[ 0.0289]],

         [[ 0.0477]],

         [[-0.1702]],

         ...,

         [[-0.0424]],

         [[-0.0432]],

         [[ 0.0236]]],


        [[[-0.2202]],

         [[-0.0934]],

         [[ 0.0278]],

         ...,

         [[ 0.2725]],

         [[ 0.0201]],

         [[-0.2670]]]]), 'model.features.4.0.block.3.1.weight': tensor([4.9205, 4.6358, 5.6356, 6.0462, 5.5240, 4.2266, 5.5575, 4.8256, 5.3981,
        6.5834, 4.4625, 5.2950, 4.8790, 4.4305, 6.3089, 4.0838, 9.2737, 6.6305,
        4.3317, 2.7546, 4.8011, 4.7178, 5.8214, 5.5213, 6.4655, 5.2407, 5.0166,
        5.3029, 5.0441, 5.3508, 6.1355, 5.1236, 5.9522, 4.0786, 6.5574, 4.1661,
        3.6477, 4.2483, 6.5577, 6.1240, 4.4486, 8.0482, 7.2732, 6.0730, 4.1849,
        5.8409, 5.4983, 6.2438, 4.4839, 6.5754, 5.3853, 6.0965, 5.2930, 5.2108,
        8.6424, 5.2422, 4.5473, 4.8388, 5.1917, 4.4424, 5.2619, 5.7476, 5.6907,
        5.2552, 5.0705, 5.5088, 4.3373, 4.8055, 5.6295, 5.2047, 6.9922, 5.3580,
        4.4595, 7.5808, 5.6353, 3.9285, 5.0070, 7.6571, 5.1226, 5.3497]), 'model.features.4.0.block.3.1.bias': tensor([ 5.3355e-04,  9.3662e-06, -3.8305e-04,  8.2478e-04,  9.3740e-05,
        -9.2257e-04,  6.1927e-04,  3.6805e-04,  1.0468e-05,  1.2031e-03,
        -1.4984e-03,  1.3842e-03, -1.7862e-03, -6.9127e-04, -6.7024e-05,
        -8.6161e-04, -3.4894e-05,  1.4557e-03, -2.7818e-04,  6.1089e-04,
         4.5271e-04,  7.3901e-04,  9.3217e-06, -8.5527e-04, -6.6777e-05,
         1.4584e-03,  7.4668e-04, -2.2298e-05, -1.4915e-04, -3.8913e-04,
         6.4266e-04,  9.0567e-04, -5.4837e-04, -3.0260e-04,  6.5163e-04,
        -1.2863e-04,  8.4665e-04, -2.1057e-03, -2.3109e-03, -6.9422e-05,
         8.1853e-04,  3.8549e-03, -2.1390e-03,  6.2490e-04,  1.4056e-03,
        -1.5128e-03, -5.7033e-04, -1.9697e-03,  3.6819e-04,  2.1818e-03,
         3.7999e-04, -1.9149e-03, -1.3845e-03,  6.9545e-04, -9.1972e-04,
        -6.5671e-04,  1.8169e-04,  1.5395e-03, -1.0134e-03, -3.5605e-04,
        -1.5892e-03,  1.0863e-04, -9.9286e-04,  2.6022e-04,  4.0756e-04,
         5.2500e-04, -5.1549e-04,  7.3452e-05, -6.4286e-04, -1.2503e-03,
        -7.4172e-04,  6.1109e-04, -2.2221e-04, -6.9003e-04,  1.2225e-03,
         5.6823e-04,  3.6973e-04, -1.0397e-03,  9.7199e-04,  1.1988e-03]), 'model.features.4.0.block.3.1.running_mean': tensor([ 3.3059,  0.8285, -2.6731, -1.9989, -0.7554,  3.1385, -4.1976, -2.1296,
         3.3876,  2.2758,  0.4681, -1.3895, -1.1426,  0.2978, -0.1938, -1.1017,
        -2.6058, -3.1425,  2.3259, -0.5641,  1.5558, -0.8842,  2.2511, -0.2013,
         0.0494,  2.0779, -2.7842, -2.9715, -2.5073,  2.9348, -1.9081, -0.8307,
         2.7188,  2.6821,  0.1419, -0.3694, -0.8182, -0.9428, -0.7932,  0.9136,
        -0.5429, -7.6903, -3.6429, -2.6985,  2.3508,  3.0810,  3.1070, -1.5073,
         0.3650,  7.2967,  1.2716, -3.1365,  1.8969, -1.3689, -1.4301,  0.3980,
         4.2405,  0.8072, -0.7927, -1.2835, -1.9992,  0.0925, -0.4456, -5.3973,
         1.8628,  2.0903, -0.4688, -6.8912,  1.0860, -2.0720, -1.8764,  2.8765,
        -1.0033,  0.5177, -0.8019, -2.7292,  1.6833, -0.3591,  1.3178,  1.1109]), 'model.features.4.0.block.3.1.running_var': tensor([ 0.9841,  0.8295,  1.5718,  2.4907,  1.1470,  0.8097,  1.3715,  0.9997,
         1.3762,  2.6388,  0.8621,  0.9332,  0.8630,  0.6045,  2.1735,  0.4874,
        13.8114,  2.8356,  0.7782,  0.3769,  0.7659,  1.0084,  1.7330,  1.6775,
         1.9923,  1.0542,  0.9625,  1.0244,  1.1123,  1.1801,  1.5994,  1.0099,
         2.1786,  0.5459,  2.0044,  0.9011,  0.5558,  0.7599,  3.8300,  1.7751,
         0.9785,  6.6001,  4.6135,  1.0128,  0.5050,  1.5025,  2.0518,  1.9579,
         0.8519,  2.7803,  0.9608,  2.0278,  1.1316,  1.0995,  8.8719,  0.8594,
         0.7739,  1.0103,  1.2015,  0.6916,  1.2505,  1.6252,  1.8022,  1.1324,
         0.9384,  1.1677,  0.5980,  0.7514,  1.2857,  1.0382,  3.5247,  1.1021,
         0.7388,  4.6626,  0.8308,  0.5748,  1.0851,  7.3763,  1.2735,  1.1921]), 'model.features.4.0.block.3.1.num_batches_tracked': tensor(703214), 'model.features.4.1.block.0.0.weight': tensor([[[[-0.1002]],

         [[-0.0561]],

         [[ 0.0944]],

         ...,

         [[ 0.0802]],

         [[ 0.0500]],

         [[ 0.0242]]],


        [[[ 0.0427]],

         [[ 0.0177]],

         [[ 0.0688]],

         ...,

         [[ 0.0691]],

         [[ 0.0427]],

         [[ 0.1799]]],


        [[[-0.0090]],

         [[-0.0706]],

         [[-0.0206]],

         ...,

         [[ 0.0782]],

         [[ 0.0502]],

         [[ 0.0053]]],


        ...,


        [[[ 0.1368]],

         [[ 0.0329]],

         [[ 0.1249]],

         ...,

         [[ 0.0599]],

         [[-0.1565]],

         [[-0.0645]]],


        [[[ 0.0518]],

         [[ 0.0342]],

         [[-0.1650]],

         ...,

         [[ 0.0369]],

         [[-0.1217]],

         [[ 0.0219]]],


        [[[-0.1313]],

         [[ 0.0105]],

         [[-0.0101]],

         ...,

         [[-0.0902]],

         [[ 0.0017]],

         [[ 0.0520]]]]), 'model.features.4.1.block.0.1.weight': tensor([ 0.8122,  0.7056,  1.9181,  1.3646,  0.6479,  1.4312,  0.3650,  0.6590,
         2.1321,  1.1261,  0.7455,  1.3208,  1.1123,  1.9232,  0.3596,  1.0289,
         1.6505,  0.0772,  1.0564,  0.7981,  0.1667,  0.5519,  1.2094,  1.6424,
         0.4151,  2.1247,  0.9209,  0.6726,  1.9155,  0.6504,  1.7271,  2.8971,
         1.9444,  1.7758,  1.4056,  0.8306,  0.5305,  1.2040,  1.5730,  0.9900,
         1.7378,  0.4759,  1.7887,  0.9343,  1.7767,  1.0342,  1.4062,  0.8118,
         1.3390,  1.0256,  0.6047,  1.1725,  0.9447,  0.8105,  0.5505,  0.7866,
         0.5750,  0.8885,  0.4832,  0.7554,  0.2446,  0.6128,  0.9122,  0.6498,
         0.1903,  0.6929,  0.7642,  1.0533,  1.6655,  1.3255,  0.7367,  0.4115,
         0.6434,  1.9623,  2.8688,  2.1362,  2.2583,  0.8834,  1.0287,  0.6117,
         1.9782,  1.1396,  1.5876,  1.7726,  0.6234,  0.7737,  1.1987,  2.0823,
         0.6382,  1.4711,  0.8922,  0.5253,  1.4377,  1.5622,  1.6163,  0.4581,
         0.5120,  1.5277,  0.1477,  1.3991,  0.3063,  1.4267,  1.1235,  0.0645,
         1.0679,  1.6916,  1.8110,  2.3106,  2.4217,  0.5356,  0.1372,  0.9235,
         0.1061,  0.4634,  1.0457,  1.5185,  0.5842,  0.5501,  0.1782,  1.2634,
         0.8951,  0.2072,  1.8886,  0.8705,  2.0094,  0.2903,  1.2807,  0.7373,
         1.2827,  2.1932,  1.3014,  0.0502,  1.5497,  0.3248,  1.5734,  0.8786,
         1.5560,  0.7182,  1.7545,  2.0330,  1.6330,  1.0394,  0.3531,  0.8864,
         1.0934,  2.4754,  0.2180,  0.1465,  0.1928,  0.8204,  0.1223,  0.8619,
         0.5538,  0.9720,  1.5268,  1.4743,  0.7667,  1.4920,  0.2073,  0.4659,
         0.2348, -0.3877,  0.2550,  0.8458,  0.4317,  1.9130,  1.4630,  1.3825,
         1.5438,  0.3765,  1.5849,  0.2113,  0.8345,  1.4346,  0.1316,  1.1808,
         0.5393,  1.6653,  1.4297,  1.0934,  0.6897,  0.9674,  2.7689,  1.6792,
        -0.7861,  0.4438,  1.6321,  1.8398,  1.2077,  1.4833,  2.1428,  1.5620,
         0.9441,  0.6229,  0.9169,  1.0675,  0.1512,  2.1523,  1.8502,  0.2762,
         1.1959,  1.3962,  0.2822,  0.4503,  0.8364,  0.9166,  2.2453,  0.9070,
         1.8419,  0.8831,  0.1192,  0.1125,  1.8221,  2.0373,  0.5009,  0.8371,
         0.6891,  0.7877,  1.4952,  1.0390,  0.1670,  0.4665,  1.7470,  1.4360,
         0.7478,  0.5141,  1.2925,  1.5694,  0.1465,  0.9472,  1.4528,  1.1848,
         0.1531,  0.4745,  1.3271,  0.2692,  0.2040,  1.0977,  0.6872,  1.6141,
         1.8425,  0.6362,  0.3989,  0.3869,  1.3306,  1.1983,  0.7172,  0.5973,
         0.2378,  2.9827,  1.8748,  1.9526,  0.7414,  2.6942,  0.2141,  0.4141,
         0.3970,  1.4246,  0.9869,  1.1974,  0.6438,  0.5388,  1.2621,  1.1577,
         0.6958,  0.3219,  0.6685,  0.8490,  0.4778,  1.0727,  0.4958,  2.1701,
         0.5054,  0.2495,  0.8117,  1.0034,  1.3548,  0.2141,  1.3850,  1.4083,
         1.3369,  0.8279,  0.4942,  0.0913,  0.8895,  0.4292,  0.5689,  1.5660,
         0.1478,  0.8638,  1.5816,  0.3095,  1.1733,  1.0975,  0.3494,  0.9050,
         2.1335,  0.5267,  2.1337,  0.5934,  1.3979,  0.2821,  0.7852,  0.0755,
         1.1207,  0.1442,  0.5139,  0.6964,  1.7925,  0.6275,  1.9297,  2.8292,
         1.1924,  1.7472,  0.3616,  1.6260,  1.2103,  1.4379,  0.2194,  1.2419,
         0.2570,  0.8117,  2.4182,  1.8476,  0.5851,  0.6332,  1.7879,  1.2693,
         0.8539,  0.7478,  0.9192,  0.9894,  2.3677,  1.4464,  0.9225,  0.6593,
         0.1257,  1.0501,  0.2971,  0.2500,  0.9806,  2.0249,  0.5325,  0.5594,
         2.3737,  0.5775,  0.3992,  1.9135,  1.2973,  0.2385,  1.4699,  0.2763,
         1.8597,  0.4084,  0.5317,  0.8751,  1.4931,  0.5573,  0.8642,  0.0624,
         1.5652,  0.1383,  1.6966,  2.0009,  0.1792,  0.7419,  0.5424,  1.0514,
         2.3233,  1.0497,  1.0508,  0.3809,  0.1709,  0.4869,  0.5974,  1.6026,
         0.6887,  0.5897,  0.0663,  0.1945,  0.0705,  0.0896,  1.2607,  0.4881,
         0.5194,  0.0756, -0.5936,  1.1490,  2.2511,  2.0878,  0.8818,  1.4263,
         0.0577,  0.2492,  1.1796,  0.8114,  1.0542,  1.5822,  1.2419,  1.5373,
        -0.7118,  0.5366,  0.9850,  0.9210,  0.2219, -0.1501,  0.5583,  0.7173,
         2.3136,  0.8550,  1.1537,  0.5235,  1.3759,  0.8966,  1.3619,  1.5391,
         1.0569,  0.1099,  0.7845,  1.2841,  0.0820,  0.1184,  0.2902,  2.0483,
         0.4845,  0.2875,  2.4027,  0.4191,  0.3496,  1.2668,  0.7118,  0.1428,
         0.9283,  1.3932,  1.0350,  0.7787,  0.6281,  0.9596,  0.1446,  0.0461,
         1.1521,  0.7832,  0.6140,  1.6457,  1.0251,  1.0856,  0.4449,  0.8400,
         0.2419,  1.0432,  1.6509,  1.6858,  0.6210,  0.6920,  1.3497,  0.2868,
         1.2907,  1.6553,  0.1056,  1.4800,  1.3869,  1.9696,  0.6461,  1.1301,
         0.5800,  1.3580,  0.2093,  0.7884,  1.7839,  0.6095,  0.6893,  0.5726,
         1.3325,  0.1436,  0.8353,  1.3988,  0.3669,  1.7678,  0.1312,  0.4682]), 'model.features.4.1.block.0.1.bias': tensor([-2.7405e-01,  1.1072e+00, -1.1467e-01, -1.8185e+00,  6.5789e-01,
         8.0398e-01,  7.6587e-01,  1.4575e+00,  1.0203e+00,  1.9698e+00,
         1.7945e+00, -1.6836e+00, -5.2710e-01,  8.3047e-01,  8.6428e-01,
         1.3654e+00,  1.2100e+00,  7.1074e-02,  2.9793e-01, -6.0943e-01,
        -6.9199e-02,  3.2155e-01,  7.6460e-01, -3.9982e-01, -2.2869e-01,
        -3.5002e+00, -9.1547e-01, -8.2817e-01,  1.5026e+00,  1.1655e+00,
        -2.7432e+00,  8.7756e-01,  5.3512e-01, -1.9051e+00, -1.3378e-01,
        -1.4400e+00,  9.3465e-01, -1.5990e+00, -2.9025e+00, -3.2362e-01,
         2.9231e-01, -2.2335e-01,  4.1139e-01,  1.1604e+00,  1.0420e+00,
        -1.7555e+00,  7.7559e-01,  1.7288e+00, -2.8008e-01,  8.7563e-01,
         2.4246e+00, -2.7657e-01, -9.6191e-01, -1.5231e+00, -5.9702e-01,
         5.6593e-01, -4.4402e-01, -1.9291e+00, -9.8596e-01,  9.1619e-01,
         4.2224e-02, -2.4707e-01,  4.3606e-01, -4.5764e-01,  5.6551e-02,
         1.3709e+00,  1.7357e+00, -1.0308e+00,  1.1548e+00, -2.9912e+00,
         8.1856e-01,  5.6981e-01,  4.2540e-01, -1.3274e+00,  4.4658e-01,
         1.4284e+00, -3.9331e+00,  2.8200e-01, -1.8115e-01,  7.0038e-01,
         1.9032e+00,  9.0453e-01, -1.0510e+00, -1.9253e+00,  1.3150e+00,
         1.4411e+00, -1.6583e+00, -1.5829e+00, -4.2012e-01, -1.4722e-01,
         1.5644e+00,  3.3873e-01,  1.8274e+00, -1.7146e+00, -5.4753e-01,
        -3.3196e-01, -4.4934e-01,  1.1538e+00, -1.1434e-01, -2.1247e+00,
         1.4521e-01,  1.5778e+00,  1.0589e+00, -3.7905e-03, -1.0008e+00,
        -2.5882e+00, -2.7458e-02,  6.2831e-01, -3.9223e+00,  9.9258e-01,
         1.8535e-02,  2.7719e-01, -6.3457e-03,  8.7442e-01, -1.3422e+00,
         7.6412e-01, -7.7017e-02,  1.3993e+00, -6.1066e-02,  6.5831e-01,
         1.6356e+00,  4.7012e-01,  9.3651e-01,  4.2693e-01,  1.7900e+00,
         1.6340e+00,  1.1756e+00, -4.6740e-02,  1.4155e+00, -3.3710e+00,
         1.1280e+00,  2.3572e-02,  1.5856e+00, -8.3683e-01, -1.3481e+00,
         7.9266e-01,  6.8245e-01, -4.3480e-01,  1.5273e+00, -4.5080e+00,
        -2.8966e+00, -2.0516e+00,  7.5540e-01,  7.2425e-02,  1.6212e+00,
        -2.7888e-01, -5.8638e-02, -4.3273e-02,  3.2747e-02, -7.8139e-02,
        -6.2155e-02, -9.5564e-01,  1.3414e+00, -1.4599e+00,  1.5712e-01,
        -1.0942e+00,  1.9253e+00, -1.9300e+00,  3.9650e-01,  1.2409e+00,
         3.1583e-01,  1.2761e+00,  1.4559e-01,  1.4198e+00,  5.3178e-01,
         1.3964e+00, -1.3301e+00, -1.4652e+00, -2.5596e-01,  2.8928e-01,
        -9.3543e-01, -1.5884e-01,  1.7040e+00, -1.2042e-01,  1.5805e-02,
         2.0887e+00, -3.4125e-01, -3.3367e-01, -2.0879e+00,  2.4307e+00,
        -6.4927e-01,  1.7694e+00, -1.8641e-01,  3.6134e-01, -5.8948e-01,
         1.6352e+00,  6.7796e-01, -1.1225e+00, -1.2173e+00, -1.1551e+00,
         5.9174e-01,  4.0967e-01, -2.3689e-01, -6.9329e-01,  2.2046e-01,
         9.4528e-01, -7.4967e-02,  8.2963e-01, -1.0620e+00, -3.2175e-02,
         1.8151e+00, -2.0071e+00,  1.9941e-01,  2.2376e-01,  5.8608e-01,
         1.6633e+00,  2.1399e-01, -6.4743e-01,  1.5950e+00, -6.1159e-01,
         6.8953e-02,  9.8444e-02, -1.4935e+00, -7.2492e-02, -5.2684e-01,
         2.0161e+00,  1.4909e+00, -1.5460e+00, -2.3363e+00, -2.4482e-01,
         4.6403e-02,  4.9295e-01, -3.9734e-01,  8.5490e-01, -1.1631e+00,
        -6.3862e-01, -4.0047e-01, -3.5226e+00,  1.3312e-02, -6.3798e-01,
         2.0376e-01,  1.4341e+00,  6.5169e-02,  1.9594e-01,  1.3838e+00,
         2.1638e-01,  3.4188e-02, -1.5337e+00,  7.9350e-01, -5.0252e-01,
        -4.9617e-01,  1.0218e+00,  7.3004e-01,  9.1083e-02,  1.9838e+00,
        -7.1681e-01, -1.3497e+00,  1.1753e+00,  4.5706e-01, -7.5621e+00,
         2.0102e+00,  2.2987e-01,  5.0816e-01,  7.0087e-02,  4.3722e-03,
        -6.5411e-01, -7.5381e-02, -1.2106e+00, -1.8650e-01,  4.2807e-01,
        -1.1714e+00,  1.0445e-01,  8.5773e-01, -8.4494e-01,  1.6728e+00,
        -5.0318e-01,  1.6946e+00,  1.5942e+00, -6.2587e-01, -1.4762e+00,
         9.0383e-01,  6.1717e-01,  9.1464e-01, -1.4611e-01, -2.9509e-01,
         6.5623e-01, -1.8737e+00,  4.5761e-01,  1.5004e+00,  5.9235e-01,
        -1.2797e+00,  1.6281e+00, -9.3203e-01,  6.4299e-03,  6.3886e-01,
        -5.1794e-01,  2.9713e-01, -4.1083e-01,  6.9713e-02, -1.0456e+00,
        -2.4481e+00, -5.6438e-02, -1.9930e+00, -2.2086e+00,  1.4304e+00,
         1.0391e+00,  1.2055e+00,  2.7922e-01, -2.3881e+00,  2.8700e+00,
        -1.6792e+00,  6.1666e-02,  1.1318e+00, -4.3210e-02,  1.2009e+00,
        -1.4740e-01,  9.7421e-01, -8.8461e-01,  1.1970e+00, -3.9236e-01,
         1.2713e+00, -5.2134e+00,  2.0699e+00,  3.0542e-01, -1.2227e+00,
         6.4279e-01, -5.9425e-01, -1.7309e+00, -1.8105e-01, -1.9383e+00,
        -2.8886e-01,  1.3433e+00, -2.3331e+00,  1.1403e+00,  3.6866e-01,
        -7.8914e-01,  1.5765e-01,  7.2552e-01, -5.7530e-01, -9.8160e-01,
        -8.3280e-01,  1.1809e+00, -6.7824e-01, -8.3340e-03, -9.6351e-01,
         9.9909e-01,  6.7940e-02,  1.8521e+00,  3.8523e-01,  4.3454e-01,
         1.6029e+00, -2.4202e+00,  9.7332e-01, -5.8906e-01,  5.8870e-01,
         1.5139e+00, -5.8892e-01,  1.8851e+00, -2.6837e-01,  4.9730e-01,
        -1.7689e+00,  4.2778e-01, -3.1571e+00,  1.1789e+00, -1.2120e-01,
         4.7743e-01, -6.0798e-01,  1.4853e+00,  1.6544e-01,  9.0848e-02,
        -2.5509e+00,  3.1947e-02, -2.8737e+00,  1.5292e+00, -3.8054e-02,
        -1.3376e-01,  1.2584e+00, -1.3066e+00,  8.6277e-01,  3.6098e-01,
         4.8799e-01, -3.1731e-01, -3.0146e-01,  1.2350e+00, -9.9213e-01,
        -1.0028e+00,  7.2705e-01,  1.1844e+00, -5.6602e-02,  3.8200e-01,
        -4.6294e-02,  1.7647e-01, -1.8012e+00,  1.1468e+00,  7.9947e-01,
        -7.6183e-02, -1.5423e-01, -8.2732e-01, -4.6824e-01, -3.6715e+00,
        -4.2935e-01, -1.5301e+00, -3.8981e-02, -1.6208e-01,  1.5073e+00,
         6.6819e-02,  1.3645e+00, -1.2319e+00, -8.4453e-01, -1.3203e+00,
        -2.1896e-01,  2.3664e-01,  9.7663e-01,  1.2310e+00,  5.2300e-01,
         7.7398e-02,  2.7966e-02,  9.6426e-01,  6.7854e-01,  1.5127e+00,
         1.0881e+00, -2.0710e-01,  4.4255e-01, -1.2715e+00,  1.1210e+00,
         2.2150e+00,  1.8464e+00, -6.9394e-02,  9.2328e-01, -3.3207e-02,
         1.3767e-01,  2.1655e-02,  6.6977e-01, -2.8551e+00,  9.2375e-01,
         3.9209e-01, -5.0526e+00,  1.5935e+00, -2.9685e-01, -1.4958e+00,
         1.7084e+00, -4.1310e-02,  1.1649e+00, -2.1002e+00,  1.7888e+00,
         1.0439e+00, -7.3976e-01,  1.2086e+00,  5.3103e-03, -8.4388e-02,
        -2.2550e+00,  9.2395e-01,  5.9089e-01, -2.7617e+00,  1.5278e+00,
         1.0515e+00,  2.0606e-01,  1.1110e+00,  9.0436e-02,  6.9688e-01,
        -2.1100e+00, -9.6878e-02, -1.0958e+00,  8.5242e-01,  4.0633e-01,
         5.8299e-01, -1.1032e+00,  3.5222e-01, -7.5384e-03,  8.3108e-01,
        -1.8444e+00, -4.9080e-01,  1.6028e+00, -2.0178e+00,  1.2839e+00,
        -2.6675e+00,  7.3467e-01, -4.0560e-01, -1.4399e-01, -5.7427e-01,
        -1.1099e-01,  5.4975e-01, -1.0377e+00, -1.5960e-01,  2.2623e+00,
         1.0418e+00, -8.2490e-01,  5.1762e-01,  1.5735e-02,  5.9552e-01]), 'model.features.4.1.block.0.1.running_mean': tensor([-7.9685e-04, -1.3968e-03,  9.3674e-04, -5.8935e-04,  8.1826e-04,
        -2.6936e-04,  8.4112e-04, -1.4117e-03, -2.2878e-04,  1.0049e-03,
        -5.7565e-05, -1.1882e-03,  3.7487e-04,  3.7485e-04,  5.3532e-05,
         1.3917e-04,  1.6516e-04, -5.1662e-04,  1.5904e-04, -3.4005e-05,
         5.7632e-04,  4.9051e-04, -3.4775e-04, -1.0696e-03,  9.5077e-04,
        -8.1887e-04,  2.7324e-03, -2.6947e-04,  9.3375e-04,  1.0659e-03,
        -3.0217e-04, -8.7535e-04,  4.9848e-04, -1.5735e-04,  2.1460e-03,
        -6.6351e-04, -1.0955e-03,  6.8681e-04,  2.3025e-04,  1.5737e-03,
        -1.0730e-03, -6.4796e-04, -1.2437e-03,  1.0254e-04, -1.1376e-03,
         1.7128e-03,  5.6767e-06, -2.1834e-03, -4.6753e-04, -1.7827e-03,
        -1.4280e-03, -4.4936e-04,  7.5884e-04, -8.6784e-04, -7.2528e-04,
        -2.3408e-04,  1.7205e-03, -2.0041e-04, -9.7304e-04, -2.4343e-04,
        -1.4111e-03, -1.6163e-03,  1.2417e-03,  6.1513e-04,  3.4928e-04,
        -1.1579e-03,  3.4039e-04, -3.3982e-04,  1.0013e-03,  1.0504e-04,
        -1.2228e-03,  7.7702e-04,  1.4115e-03, -4.6216e-04,  2.4270e-04,
        -1.1938e-03, -6.0028e-04, -1.7207e-03, -1.2359e-03,  1.9561e-03,
        -1.0839e-03, -2.5775e-04,  9.5547e-04, -6.3456e-04, -1.2492e-03,
        -1.9764e-04, -4.5961e-04, -9.8345e-04,  1.6384e-03, -1.8403e-04,
         8.4005e-06,  7.6512e-04,  3.2984e-04,  9.5611e-04, -3.1269e-04,
        -4.6290e-04, -4.1958e-04, -3.3270e-04,  1.2386e-03,  4.6956e-04,
        -2.2795e-03, -2.9988e-04,  1.7040e-04, -1.5565e-03,  2.3366e-04,
        -9.4290e-04, -1.0631e-03,  1.1515e-03,  4.6169e-04,  5.3392e-05,
         3.1957e-04, -3.5176e-05,  5.8902e-04, -7.5844e-04, -1.0012e-03,
         2.7176e-05,  1.6767e-03, -4.4181e-04,  3.9532e-04, -5.0486e-04,
         4.7245e-04,  2.9335e-05,  3.2060e-04,  1.0399e-03, -7.1154e-04,
         1.1375e-03,  2.5152e-04,  1.3195e-03,  1.3307e-03,  1.0093e-03,
        -1.1083e-03,  1.7763e-03, -4.9179e-04, -9.7861e-04, -1.3756e-04,
         1.2845e-05, -1.8094e-03,  1.2951e-03,  1.3808e-03, -2.2947e-04,
         5.3594e-04,  1.1299e-03, -1.1730e-03, -2.7816e-04,  7.9674e-04,
         1.0735e-04,  1.0619e-03,  6.2414e-05, -1.7920e-04, -8.3746e-04,
        -5.5054e-05, -1.9146e-03, -3.5710e-04,  7.4092e-04,  8.1003e-04,
         2.0917e-03, -4.4786e-04,  2.5531e-04, -1.1059e-03,  2.7810e-04,
        -1.0664e-03, -7.5655e-04,  5.1734e-04,  8.2155e-04,  6.4820e-04,
         9.0594e-04,  1.0393e-04,  2.3945e-03,  2.0905e-04,  9.1948e-04,
        -2.9438e-04, -4.7236e-04, -1.5032e-03,  5.9721e-04,  2.1773e-04,
         1.8911e-04, -1.1772e-04,  3.8422e-04,  6.2583e-04, -5.0156e-04,
         7.9789e-06, -5.3135e-04, -1.7020e-03,  2.1679e-04,  1.7426e-04,
         1.4910e-03, -1.2503e-03, -2.7359e-04, -1.9227e-04, -1.2677e-03,
        -6.1023e-04,  6.7556e-04, -1.1249e-04,  3.6302e-04,  1.5280e-03,
         4.2284e-04,  1.1939e-05,  1.0909e-03, -7.2043e-04,  3.4655e-04,
        -7.8437e-04,  9.6281e-04, -7.4127e-04,  3.5050e-04,  3.4622e-04,
         1.4584e-03,  1.6860e-03, -5.4381e-04,  3.9016e-04, -3.7465e-04,
        -6.9658e-04, -8.8842e-05,  5.9571e-04,  2.2624e-03, -3.4348e-04,
         5.3981e-04, -5.4763e-04,  2.7147e-03, -6.7842e-04,  2.4591e-03,
        -1.2931e-03, -3.1229e-04,  1.9109e-03,  1.0703e-03, -6.6014e-04,
        -6.6867e-04, -4.2354e-04,  1.3553e-04, -7.3710e-05, -2.7340e-05,
        -1.8784e-04, -3.3142e-04,  8.9430e-05,  5.3681e-04,  9.0512e-04,
         1.5985e-03,  7.5797e-04,  1.5008e-04, -4.1015e-04,  1.7916e-03,
         1.7254e-05,  2.4960e-04, -6.8751e-04,  3.7691e-04,  7.6331e-04,
        -7.8864e-04,  8.7735e-04,  1.2637e-03, -5.7500e-04, -7.3817e-04,
        -4.2291e-04, -1.0015e-03, -2.8734e-04, -2.7253e-04,  4.0163e-04,
        -6.0293e-04,  4.1555e-04,  5.8481e-04, -1.0856e-03,  3.8738e-04,
        -7.1834e-04,  2.0725e-03,  7.1312e-04,  1.3891e-03, -1.6455e-03,
         6.8285e-04, -1.0077e-03,  1.8085e-04, -2.0687e-04,  1.3221e-03,
         1.3323e-03,  3.6649e-04,  7.0275e-04,  1.1562e-03, -1.1651e-03,
         1.4963e-04, -1.2035e-03,  2.4406e-03, -1.6244e-04,  3.3902e-04,
         5.3204e-04, -3.1137e-04, -1.6280e-04, -5.3607e-04, -8.4663e-04,
        -1.4852e-03, -2.6952e-03, -1.3923e-03,  8.3629e-04,  1.6899e-03,
         2.5246e-03,  7.2942e-04,  2.2095e-04, -3.4579e-04, -4.3502e-05,
         7.1894e-04, -3.1129e-04,  1.2581e-03,  3.5034e-04, -6.6021e-04,
        -1.2534e-03,  1.0448e-03,  3.6328e-04,  6.3570e-04,  4.5747e-04,
         7.4486e-04,  1.7980e-06, -2.5345e-04,  6.1506e-04,  1.7783e-03,
         1.3217e-04, -4.4716e-04,  1.1386e-03,  3.0346e-04, -8.2005e-04,
         1.2173e-04, -7.4622e-04,  4.4165e-05, -1.6436e-03,  7.4291e-04,
        -1.4525e-03, -7.1061e-04, -8.6204e-04, -1.1013e-03,  1.6072e-03,
        -1.7589e-04,  5.3650e-04, -2.4123e-04,  7.2446e-04,  1.0109e-03,
         6.0190e-04,  1.0433e-03,  1.7954e-03,  1.7464e-03,  3.1512e-04,
         2.9970e-04, -6.6818e-04, -6.1882e-04,  8.0643e-04, -1.0990e-03,
        -1.1646e-04, -1.4065e-03,  1.9245e-03, -1.4902e-03,  3.7715e-04,
        -5.8378e-04,  3.2990e-04,  5.8067e-04, -8.2296e-04, -4.3290e-04,
         6.2541e-04,  6.4477e-04, -9.0443e-04, -4.0118e-04, -2.0602e-03,
         3.4382e-04,  1.0412e-03,  7.7901e-04,  1.4772e-03,  5.2274e-04,
         8.1867e-05,  9.2074e-05, -5.7377e-05,  1.4638e-04,  6.3456e-04,
         7.4479e-04,  2.1840e-04, -2.5335e-03,  1.1895e-03, -2.6565e-05,
         6.8543e-04,  1.9133e-03, -4.7161e-04, -8.9572e-04,  6.8495e-04,
        -4.7700e-04, -4.1806e-04,  3.7221e-04, -1.0282e-03, -8.7379e-04,
         1.0180e-03, -1.3588e-04, -9.9630e-04,  6.5795e-04, -8.2726e-04,
        -2.4400e-03,  8.9046e-04, -1.4696e-04, -4.6460e-05, -3.4647e-04,
        -2.3095e-04,  4.4390e-04,  1.1189e-03, -1.0877e-03, -2.0197e-03,
        -1.3691e-03,  1.6311e-03,  1.0486e-03, -6.2642e-05,  1.2851e-03,
        -8.6326e-05,  4.6338e-04, -1.6379e-03, -5.5186e-04,  5.0537e-04,
         7.6217e-04,  1.5498e-04,  1.2395e-03,  7.8344e-04,  1.5272e-04,
         7.3522e-04,  7.5322e-04,  1.0995e-03, -8.4373e-04,  1.5400e-04,
         3.0335e-04,  5.4712e-04, -7.2772e-04,  2.5125e-04,  6.7737e-04,
         1.5973e-03,  8.6308e-04,  8.3116e-05,  1.3448e-03,  7.0032e-04,
         1.0587e-03, -6.2866e-04,  5.6294e-04,  1.0409e-03,  6.6784e-04,
         1.3895e-04,  2.0253e-04, -1.1311e-03, -8.2385e-04,  8.7357e-04,
         7.9211e-04, -3.5941e-04,  7.4946e-04,  2.6256e-04, -1.0462e-04,
         4.9515e-05,  9.2047e-04, -7.8421e-04,  7.2320e-04, -6.5933e-04,
         3.7968e-04,  1.7872e-03,  7.1500e-04, -4.8098e-04, -1.6910e-03,
        -1.6185e-03,  9.8270e-05,  1.1458e-03,  3.2418e-04,  3.8860e-04,
        -1.6094e-04, -1.8806e-04,  3.2461e-04,  2.2566e-04,  5.1469e-04,
         9.9814e-04,  7.8722e-04,  9.2487e-05, -9.3525e-04, -3.1145e-04,
        -1.2233e-04, -6.7703e-04, -2.1429e-04,  1.3189e-03, -2.2932e-03,
         3.1736e-04, -1.3504e-03,  1.7648e-03, -6.3603e-04, -2.8208e-04,
        -5.4170e-04,  2.0899e-03, -1.9313e-04, -6.8563e-04,  6.0743e-04]), 'model.features.4.1.block.0.1.running_var': tensor([30.4087, 23.2109, 41.5218, 25.6455, 20.0694,  8.3024, 29.5162, 24.1609,
        31.9908, 47.1616, 12.4805, 26.5522, 24.1325, 24.2135, 26.1933, 32.0819,
        43.8749, 37.5546, 31.3793, 23.0926, 20.4225, 45.6140, 19.5439, 20.7468,
        21.1319, 26.3183, 42.3738, 24.4729, 23.9124, 40.2624, 33.2480, 45.4484,
        13.5924, 27.7255, 48.1314, 17.1670, 20.5203, 23.5826, 10.9034, 27.9825,
        26.3100, 20.1718, 46.7430, 15.0868, 50.8324, 23.0962, 17.8759, 26.5596,
        39.4662, 20.2857, 39.5183, 15.8809, 27.5746, 23.2621, 12.2841, 27.7668,
        30.1951, 10.4195, 22.5285, 32.7776, 28.8311, 31.3848, 22.6633, 46.8583,
        40.4406, 23.6396, 15.4525, 14.9021, 37.4026,  9.2824, 81.4370, 20.3573,
        37.3455, 18.6430, 29.1145, 35.8471, 46.9382, 20.7626, 36.0159, 33.5665,
        30.9620, 22.3441, 12.5610, 32.7041, 29.0232, 22.5977, 20.4253, 25.3739,
        20.8707, 19.9793, 30.8998, 16.0423, 17.9775, 19.0846, 22.3968, 19.5133,
        24.4655, 10.9805, 30.8530, 24.3818, 53.2791, 15.9639, 15.1013, 14.9253,
        24.3859, 24.2101, 20.8502, 33.8125, 39.6135, 37.7543, 28.3811, 31.3127,
        20.5765, 22.9027, 20.3581, 26.3875, 21.9947, 23.2166, 32.8551, 35.3813,
        19.1410, 41.4855, 20.3102, 23.5686, 29.0339, 25.9311, 17.2077, 35.0351,
        20.3655, 32.9993, 17.3945, 20.0016, 23.4910, 17.0571, 31.7799, 23.8087,
        22.9383, 20.8821, 22.9776, 14.2870, 31.2483, 19.3145, 26.8377, 32.4122,
        28.2083, 29.5265, 30.1091, 28.8688, 20.9417, 24.4512, 15.7846, 26.3119,
        24.1493, 20.8660, 19.8802, 22.0369, 20.0584, 43.0978, 22.0182, 31.6017,
        16.9601, 31.2521, 14.0295, 31.3029, 21.2396, 55.9303, 32.6787, 36.7948,
        30.9747, 19.7748, 22.6015, 25.9367, 43.1630, 43.2710, 36.0160, 37.3369,
        18.6404, 22.9946, 35.5270, 22.1077, 37.0999, 16.8695, 19.4284, 10.2841,
        26.9793, 26.7322, 18.2765, 28.8329, 18.3980, 30.5650, 26.8747, 24.1128,
        25.8779, 19.6915, 28.5290, 13.0523, 24.6857, 28.2922, 17.6824, 17.6961,
        23.0456, 41.2207, 32.4903, 20.3602, 28.1777, 18.9172, 27.7154, 19.6232,
        19.8521, 28.7139, 24.0261, 26.5404, 43.2380, 27.8637, 24.4863, 35.7483,
        31.4878, 51.1734, 15.9712, 30.6112, 19.2383, 16.7589, 22.9671, 35.3189,
        13.8984, 26.6951, 33.3028, 19.9347, 17.1939, 27.9527, 20.3493, 84.6545,
        28.6479, 26.8084, 24.8424, 13.4540, 18.2918, 37.2052, 36.1424, 18.8792,
        26.0097, 20.0225, 37.5787, 23.7886, 19.5260, 15.9670, 39.1784, 17.1506,
        20.6154, 12.2768, 38.9021, 14.5027, 16.4014, 36.3644, 19.7053, 24.5487,
        18.2850, 22.5525, 22.7626, 19.3204, 25.4599, 35.7369, 33.7237, 36.9019,
        57.3258, 26.4159, 38.1130, 13.2869, 17.7586, 30.2560, 24.9985, 31.9431,
        46.6546, 37.8418, 32.0093, 30.3231, 29.3606, 27.1021, 27.3776, 21.1228,
        18.4871, 22.7256, 20.9945, 27.6704, 26.4305, 22.3986, 37.5896, 26.3088,
        24.4145, 22.8927, 35.6426, 32.7162, 32.0889, 23.9058, 21.7133, 26.7438,
        40.1782, 24.1482, 31.5946, 18.0657, 23.1224, 41.8391, 14.4538, 37.6922,
        22.4104, 34.0651, 12.2663, 43.5891, 31.7771, 27.2696, 39.2463, 32.5062,
        34.1572, 13.9852, 15.7942, 20.2716, 27.6804, 21.2126, 26.2219, 26.2908,
        35.1083, 18.4021, 43.8792, 36.0281, 22.4578, 18.1628, 18.9160, 30.6274,
        16.6736, 28.6538, 27.0513, 24.4275, 25.0349, 20.7534, 21.8307, 15.5018,
        20.5897, 21.6303, 26.4805, 24.6713, 12.7206, 39.7621, 18.3919, 16.2346,
        34.6399, 18.3219, 18.5175, 26.4977, 23.1677, 40.4485, 30.4252, 26.6795,
        34.1045, 20.8738, 28.8386, 21.1250, 21.1366, 27.9681, 34.3439, 20.6339,
        39.7570, 37.2080, 34.9345, 24.7407, 25.9204, 28.3135, 16.9882, 22.3496,
        29.1865, 26.3559, 21.6127, 39.7388, 22.8419, 34.1347, 36.4478, 18.2810,
        28.6976, 21.6608, 26.1983, 36.3867, 28.8354, 21.0500, 38.3709, 30.9766,
        20.4698, 28.6288, 18.2850, 24.2716, 36.9103, 29.3710, 23.3033, 14.8769,
        36.8587, 30.3565, 20.2109, 47.0671, 32.6678, 16.6845, 26.4476, 31.4503,
        28.7398, 20.1809, 26.9716, 22.7355, 21.1238, 16.1976, 30.6613, 37.5136,
        19.1384, 25.4425, 36.7900, 28.3531, 18.4244, 40.6956, 15.0383, 58.7058,
        40.4608, 26.8431, 26.0527, 39.8411, 26.4355, 35.0278, 23.7658, 27.8459,
        19.7045, 24.1434, 35.6906, 23.7173, 43.3586, 28.9753, 23.9532, 20.1350,
        15.1403, 35.0617, 47.6857, 15.7285, 19.0771, 16.8562, 19.2407, 32.8623,
        25.1454, 19.2441, 21.0308, 38.6745, 24.0403, 13.3456, 42.5593, 15.7788,
        21.9818, 35.2267, 29.0125, 15.0957, 34.5186, 44.1801, 23.6009, 30.9223,
        30.5731, 30.1904, 24.5980, 25.4720, 15.5567, 20.9438, 16.3197, 36.9414,
        17.7110, 38.4972, 22.7132, 37.4722, 22.2906, 43.4043, 13.1252, 41.4029,
        29.0091, 14.2702, 16.9850, 12.4378, 46.9921, 26.5468, 22.6113, 38.8766]), 'model.features.4.1.block.0.1.num_batches_tracked': tensor(703214), 'model.features.4.1.block.1.0.weight': tensor([[[[-5.7408e-02, -3.7188e-02, -1.0861e-02],
          [ 8.2976e-03,  3.4067e-01,  3.8121e-02],
          [-1.4845e-02,  1.1999e-02,  6.4122e-02]]],


        [[[-4.7156e-03, -5.7357e-02,  2.1564e-02],
          [-1.0552e-01, -2.2528e-01, -8.4072e-02],
          [-8.7789e-03, -1.4143e-01, -4.2517e-02]]],


        [[[-6.2499e-03, -9.7846e-02,  1.3829e-02],
          [-8.6237e-02, -1.2648e-01, -1.4043e-01],
          [-1.7201e-02, -1.5170e-01, -2.7945e-02]]],


        ...,


        [[[ 2.4472e-02, -7.5678e-02, -1.1307e-03],
          [-1.0637e-01, -2.4145e-01, -1.1159e-01],
          [-1.4501e-02, -7.8817e-02,  1.9698e-02]]],


        [[[-1.2407e-01, -2.1271e-01, -5.0284e-02],
          [-2.4031e-01,  3.1870e-02,  2.1472e-01],
          [-1.5439e-04,  2.1016e-01,  5.8588e-02]]],


        [[[-2.3462e-02,  2.5798e-03, -5.2066e-03],
          [-8.2805e-02, -2.8616e-01, -2.7098e-03],
          [-1.6209e-02, -2.1289e-02, -1.0574e-02]]]]), 'model.features.4.1.block.1.1.weight': tensor([0.7624, 1.5259, 1.5009, 0.4232, 1.1493, 1.2973, 0.8553, 1.1912, 1.7545,
        1.0511, 1.2600, 0.5913, 0.6393, 1.2492, 1.4478, 1.2622, 1.3621, 0.5660,
        2.1479, 0.8732, 3.5501, 0.6015, 0.4877, 2.4711, 1.2815, 1.7386, 0.2519,
        0.6503, 1.5544, 1.7945, 2.9708, 2.0436, 1.2726, 1.9736, 1.5756, 0.6437,
        1.0902, 2.1617, 0.6674, 1.3157, 1.1237, 1.7128, 1.7897, 1.1904, 1.2914,
        0.5031, 1.6996, 1.3882, 1.0323, 1.5845, 2.5087, 1.3573, 2.4314, 2.2961,
        0.7293, 1.6813, 1.3747, 0.3920, 0.7726, 1.1012, 1.0862, 0.4602, 0.6845,
        1.1853, 0.5712, 1.0943, 1.7296, 0.5797, 1.4318, 1.7698, 2.2717, 1.0575,
        1.8776, 2.0128, 2.2936, 2.0109, 3.0830, 1.2942, 0.8912, 1.2854, 2.8066,
        1.5323, 1.0716, 3.7764, 1.3365, 1.3091, 3.4807, 2.0800, 1.6649, 0.6712,
        2.4101, 1.2716, 1.2770, 3.5311, 1.0260, 1.3916, 1.3528, 1.2879, 1.1641,
        1.7732, 0.9424, 1.2470, 0.9113, 1.5390, 1.1946, 2.9614, 1.7346, 0.9581,
        3.1246, 1.4377, 1.8837, 1.8851, 1.2510, 1.0332, 0.5612, 1.7459, 4.2797,
        1.7782, 1.2644, 3.1122, 1.1322, 1.0939, 1.1949, 1.2409, 1.3425, 2.0416,
        1.0982, 1.3985, 1.2850, 3.2965, 1.0235, 1.4177, 1.3599, 0.7210, 0.3848,
        0.6331, 1.7965, 1.4753, 1.1233, 2.9324, 3.9395, 1.5217, 1.6361, 0.4933,
        1.3817, 1.8472, 1.1681, 1.3846, 1.4720, 0.7338, 0.9960, 0.3656, 1.5704,
        1.5999, 1.9241, 1.3016, 1.7398, 2.6142, 0.7457, 2.0099, 1.3601, 2.6783,
        0.9613, 1.4854, 0.6919, 2.1105, 0.3336, 0.6708, 1.5199, 1.2924, 1.1396,
        1.2124, 2.1374, 0.7773, 1.5864, 1.5323, 1.8298, 1.1706, 2.7645, 1.2281,
        1.5914, 1.1112, 1.8582, 0.6777, 2.5407, 1.7904, 1.9955, 2.8879, 1.0955,
        1.3124, 1.0682, 2.2401, 0.7536, 0.8431, 3.0442, 0.9811, 3.8310, 1.2536,
        2.6731, 1.2480, 1.7387, 2.6347, 0.9892, 1.6290, 0.8341, 1.7908, 1.6490,
        1.4372, 0.9802, 0.6975, 1.2943, 1.1811, 5.0383, 2.0925, 0.9947, 2.1283,
        1.0590, 0.3528, 2.5503, 0.4685, 3.2477, 1.4871, 1.5605, 1.2700, 0.7302,
        2.0421, 0.6405, 2.8567, 1.1943, 1.5121, 1.2399, 1.3187, 1.3021, 1.4830,
        1.6135, 1.1061, 1.1965, 0.5940, 1.0978, 0.8448, 2.0988, 1.5340, 1.5117,
        1.5626, 3.3349, 0.9441, 0.3974, 1.4244, 1.5056, 2.8366, 2.5492, 1.7553,
        0.7611, 1.1666, 0.9401, 0.9963, 1.3278, 2.7197, 1.7188, 1.8534, 1.6536,
        0.5288, 2.0314, 0.2105, 2.0018, 1.2219, 1.4741, 1.3573, 1.3390, 1.6633,
        1.2773, 0.9625, 1.1667, 0.8774, 0.5981, 1.3981, 1.4620, 1.3872, 1.3627,
        1.2180, 0.2868, 1.6169, 1.2463, 1.3719, 1.2885, 1.5350, 0.4097, 0.7218,
        3.8999, 0.2411, 1.8773, 1.8937, 2.4691, 1.6661, 1.4386, 2.2688, 1.8371,
        1.0759, 3.5204, 2.1861, 1.7527, 3.8262, 1.3553, 2.2139, 1.3873, 1.3572,
        1.2112, 0.5288, 1.5286, 1.4243, 1.7643, 1.9827, 1.6848, 0.8633, 0.4968,
        1.3221, 1.0342, 2.0512, 1.4294, 3.3857, 1.5513, 1.3290, 3.1041, 1.2567,
        1.3886, 1.0407, 1.5948, 1.1690, 1.4876, 3.2146, 1.6609, 1.3847, 1.3519,
        0.6407, 0.3461, 1.2034, 2.9226, 1.7850, 1.3539, 1.2775, 1.8190, 3.5162,
        1.2681, 1.5175, 1.9016, 1.9866, 0.9241, 1.2884, 1.6549, 1.3572, 1.0293,
        3.2612, 1.9594, 1.4376, 0.5115, 0.8697, 2.0082, 1.4556, 1.2591, 0.8498,
        2.2805, 1.0229, 2.1443, 1.1115, 2.9467, 0.7086, 1.5287, 0.3534, 2.4445,
        1.5999, 1.0472, 0.8900, 1.0691, 1.7269, 2.6937, 2.1465, 1.6046, 0.8226,
        1.8160, 1.0396, 1.5568, 1.9873, 2.4088, 1.8379, 1.0893, 1.3235, 1.3711,
        1.4434, 2.3820, 3.4245, 0.4649, 0.7409, 1.7656, 1.4025, 1.1761, 0.5325,
        0.9922, 1.1278, 0.2058, 3.4685, 2.4099, 0.5531, 1.0107, 0.4328, 0.6140,
        2.1549, 0.9413, 0.8778, 1.5663, 1.2083, 1.2559, 1.5163, 0.5192, 0.4901,
        1.4972, 2.3694, 1.0643, 1.7221, 1.0145, 1.0494, 1.1789, 0.5788, 1.9467,
        1.7860, 1.1812, 1.5471, 2.8982, 1.1609, 1.0201, 1.6162, 1.2252, 1.1623,
        1.6486, 1.9811, 1.1047, 1.5254, 1.7120, 1.4490, 1.3730, 1.6833, 1.8115,
        0.4233, 0.8367, 3.5048, 1.2173, 1.2395, 1.3309, 1.1379, 1.2939, 1.1862,
        2.2021, 1.0646, 3.2066, 1.4596, 1.6079, 1.2152, 2.5127, 2.0884, 1.7020,
        1.3630, 0.5563, 1.5708, 1.8832, 2.6879, 0.5586, 1.0931, 0.9514, 0.4747,
        0.5466, 0.5242, 1.7831, 1.7314, 1.1643, 0.7874, 1.4210, 0.8972, 0.8609,
        1.8300, 1.4761, 1.3598]), 'model.features.4.1.block.1.1.bias': tensor([-4.1004e-01, -1.2349e+00, -4.8579e-01, -3.7131e-03, -1.1634e+00,
         1.8332e-01, -5.0141e-01, -4.8292e-01, -1.0759e+00, -5.3591e-01,
        -1.1044e+00,  2.9808e-01, -9.9839e-01,  1.2137e-01, -1.3449e+00,
        -2.0000e+00,  5.4524e-01,  4.2260e-01, -1.2723e-01, -3.8111e-02,
        -1.5563e+00,  5.3320e-01,  1.2754e+00, -8.3892e-01, -2.2485e+00,
        -2.7597e-01,  9.2109e-01, -1.6730e-02,  1.2887e-01, -2.4530e+00,
        -2.6037e-01, -1.0586e+00,  1.8935e-01, -1.5095e-01, -3.0769e-01,
         4.0434e-01, -1.1869e+00, -3.6941e-02,  1.2686e-01, -4.4544e-02,
        -1.5595e-01, -1.8718e+00, -7.6051e-01, -9.4280e-01,  1.6887e-01,
         2.3434e-01, -8.5501e-01, -1.5259e+00, -1.3120e+00, -1.4187e+00,
        -3.0644e+00, -6.1139e-01, -1.0245e-01, -8.0042e-01, -1.3960e+00,
         4.1706e-01, -2.0611e+00,  1.9406e-01, -1.5712e+00, -1.0063e+00,
        -1.1696e+00,  5.6447e-01, -8.7695e-03, -4.9195e-01,  5.1534e-01,
         2.4285e-01, -1.1425e+00,  2.9432e-01,  4.2877e-01, -1.8560e+00,
        -1.7955e+00, -1.1244e+00, -1.5827e+00, -9.2144e-02, -9.7152e-01,
        -1.3133e+00, -5.2982e-01, -1.0792e+00,  6.1506e-01, -1.9406e+00,
        -2.0878e+00, -9.3323e-01,  8.8994e-01, -5.1511e-01, -1.1582e-01,
        -1.1382e+00, -1.7931e-01, -3.3487e-01, -3.2210e+00,  3.8355e-01,
        -1.2501e+00, -2.7254e+00, -8.3375e-01, -6.4226e-01,  2.4323e-01,
        -3.0274e+00, -2.0593e+00, -1.0959e+00, -1.1492e+00, -1.4933e+00,
        -5.6140e-01, -5.9801e-01, -5.8927e-02, -1.3879e+00, -8.6776e-01,
        -2.0007e-01, -6.3095e-01,  1.0149e-01, -1.1180e-01,  1.0099e+00,
        -7.5699e-01,  1.3555e-03, -1.3487e+00, -1.1135e+00,  4.3851e-01,
        -1.1139e+00, -1.9077e+00, -1.6596e+00, -7.6005e-01, -7.5540e-01,
        -1.2569e+00,  4.4785e-01,  1.1637e-01,  2.8596e-01, -1.1687e+00,
        -1.0352e+00, -2.0729e+00,  2.2996e-01, -7.8710e-01, -5.4388e-01,
        -1.4531e+00, -1.3894e+00, -8.2276e-01, -6.7989e-01,  1.3330e-01,
         2.1881e-01, -9.5323e-01, -2.8591e+00, -4.9366e-01, -1.2133e+00,
        -7.5033e-01, -1.4899e+00, -1.3244e+00,  1.1464e+00, -2.3688e+00,
        -2.7083e-01, -9.6891e-01, -7.1743e-01, -6.7742e-01, -4.2177e-01,
        -7.6073e-01,  5.7203e-01, -1.5769e+00, -2.1238e+00,  6.6205e-02,
         1.4163e-01, -1.2439e+00,  1.5707e-01,  3.6503e-01, -7.6290e-01,
        -1.4974e+00, -3.8686e+00, -1.0618e+00, -1.1599e+00, -5.9399e-02,
        -1.2810e+00,  9.0309e-01,  3.0480e-02, -5.6302e-01, -1.2446e+00,
         1.4146e-01, -1.7402e+00, -1.8854e+00, -3.4489e-01, -6.7863e-01,
        -1.5174e+00, -3.1687e+00, -4.0378e-02,  2.0399e-01, -1.8742e+00,
        -3.7948e+00, -1.2828e+00, -5.3765e-01, -2.4265e-01, -3.3393e-01,
         7.8912e-01, -5.9256e-01, -9.0529e-01,  4.9341e-01,  1.9346e-01,
        -6.1754e-03, -8.8852e-01, -6.0522e-01, -2.2765e-01, -8.1578e-01,
        -2.0976e-01, -2.5761e+00,  5.1459e-02, -1.2294e+00, -1.9040e+00,
        -1.2678e+00,  1.1116e-01, -8.9163e-01, -1.8904e+00,  3.3582e-01,
        -1.7756e+00, -7.0253e-01, -8.8467e-01, -1.0316e+00, -4.1854e-01,
        -7.6034e-01, -1.2457e+00, -1.1159e+00, -8.5120e-01, -1.4634e+00,
        -1.3566e+00,  1.7923e-01,  5.5750e-01, -2.0301e-01,  3.2358e-01,
        -1.3061e+00, -1.2811e+00, -7.9291e-01,  2.8195e-01, -1.0357e-01,
        -2.4228e+00,  2.8672e-01, -7.5381e-01, -8.4995e-01, -7.7417e-01,
         5.3993e-02, -1.4096e+00, -6.5451e-01, -5.5273e-01, -1.1992e+00,
        -2.4425e+00, -9.6440e-01, -8.8039e-01, -6.7298e-01, -4.4443e-01,
        -1.9802e-01, -6.1451e-01, -1.0741e+00, -2.4058e+00, -8.0296e-01,
        -1.0908e+00,  4.0464e-01, -1.1301e+00,  2.2121e-02, -4.1672e+00,
        -2.1907e+00, -2.8527e+00, -5.1174e-02, -2.9052e-01, -8.6798e-01,
        -1.2316e+00, -3.5902e-01, -7.3660e-02, -1.9184e+00, -7.4594e-01,
         3.0930e-01,  5.3646e-01,  5.1139e-02,  9.3948e-01, -2.0654e+00,
        -2.1839e+00, -8.9566e-01, -1.2362e+00, -2.6871e+00, -1.7311e+00,
        -1.6783e+00,  8.4277e-02,  1.0072e+00,  1.1310e-01,  3.9391e-01,
        -1.8111e+00,  3.5866e-01, -1.4059e+00,  6.7974e-01,  9.6604e-02,
         9.2104e-01, -1.7923e+00, -2.0457e+00, -1.0617e+00, -2.3600e+00,
        -1.2159e+00,  8.2506e-01,  1.2301e-01, -1.6106e+00,  7.2707e-01,
        -2.7866e-01, -8.8480e-01, -1.5951e+00, -2.5743e+00,  8.1263e-01,
        -1.8347e+00, -1.1860e+00,  1.6833e-01, -6.7965e-01, -2.3174e+00,
        -2.2785e-01, -2.1330e+00, -1.3167e+00,  2.5756e-01, -1.7259e+00,
        -1.4880e+00, -4.0337e-01,  6.0841e-01, -8.3083e-01,  3.0302e-01,
        -1.2102e+00, -8.7936e-01, -1.4503e+00, -2.8554e-01,  4.4428e-01,
        -2.2158e-01, -3.0139e-01, -8.0332e-02, -1.4755e+00, -5.5508e-01,
        -1.7439e+00, -9.4276e-01,  3.5305e-01,  3.0813e-01, -7.8244e-01,
        -2.7421e+00,  4.0162e-01,  5.2551e-01, -2.4766e-01, -5.2317e-01,
        -2.7007e+00, -1.6639e+00, -3.2639e-01,  4.4697e-02,  7.7307e-01,
         6.0366e-01, -1.6240e+00, -1.2414e+00, -9.3010e-01, -1.3790e+00,
        -1.2414e+00, -7.3444e-01, -1.3782e+00, -7.6094e-01, -1.0953e+00,
        -1.3851e+00, -1.8384e+00, -1.2984e+00, -8.2810e-01, -1.8756e+00,
        -3.4363e-01, -2.2517e+00, -3.3423e+00, -1.8071e+00,  4.5032e-01,
         7.0356e-01,  3.2222e-02, -1.9079e+00, -3.1227e-01,  2.3666e-01,
        -6.8825e-01, -6.0201e-01, -1.3137e-01, -1.1413e+00, -1.0608e+00,
         1.6385e-01, -2.9816e-01,  4.7877e-01, -1.5159e+00, -1.0138e+00,
        -1.5840e+00,  5.5358e-02, -1.5290e+00, -1.1239e+00, -2.6122e+00,
         2.2370e-01, -1.2330e+00, -3.0745e-01, -3.7968e-01,  3.5536e-01,
        -8.9483e-01, -1.6645e+00, -5.9526e-01, -1.8302e+00, -1.5571e+00,
        -1.1186e+00, -3.7702e-01, -6.4717e-01, -9.9700e-01, -6.4336e-01,
         5.7009e-01,  8.1359e-01, -1.0851e+00, -2.4907e+00, -8.3981e-01,
         5.9534e-01, -8.4538e-01,  3.3236e-01,  9.3300e-01,  3.5257e-01,
         2.9365e-01,  6.2923e-01, -9.5830e-01,  6.8267e-01,  8.0783e-01,
        -1.5792e+00,  3.7996e-02,  4.6988e-01, -3.8929e-01, -1.6242e+00,
         4.9143e-01, -1.8487e+00,  6.1079e-01,  7.9199e-01, -4.6437e-01,
        -2.3571e+00, -4.1060e-01, -2.2133e+00, -8.0098e-01, -4.9209e-02,
        -1.8435e+00,  2.5432e-01, -5.9386e-01, -2.5383e-01, -1.0758e+00,
        -1.3724e+00, -1.0119e+00, -1.1992e+00, -5.7554e-01,  8.3445e-03,
        -1.1936e+00, -1.9361e+00, -9.0854e-01, -7.2591e-01, -4.3893e-01,
        -1.3699e+00, -6.6609e-01, -7.4768e-01, -8.6803e-01, -1.0916e+00,
        -2.4282e+00,  2.4676e-01, -7.5883e-01, -6.6368e-01, -5.9437e-01,
         4.5266e-01, -5.7003e-01, -1.9670e+00, -6.7588e-01, -9.8318e-01,
         6.5598e-02,  1.2775e-01, -1.2355e-01, -1.0495e+00, -4.9908e-01,
         6.6992e-02, -2.5528e-01, -6.8304e-01, -8.6075e-01,  1.5359e-01,
        -4.3096e-02, -4.2276e-01, -1.3501e+00, -1.5751e-02,  8.0724e-01,
        -4.8582e-01, -1.5453e-01,  5.1439e-01,  6.5995e-01,  5.7017e-01,
        -3.3694e+00, -1.6084e+00, -2.1627e+00, -3.8590e-01, -2.5835e+00,
         1.2099e-01, -2.2170e+00, -5.4596e-01, -8.6468e-01,  5.1080e-02]), 'model.features.4.1.block.1.1.running_mean': tensor([ 6.2933e-03, -5.5480e-01, -3.2185e-01, -6.6816e-02, -1.7983e-01,
        -3.4637e-01, -4.1107e-01, -2.0258e-01, -6.0433e-01, -6.9225e-02,
        -8.8754e-01, -1.1628e-02,  1.3452e-02,  3.9140e-01, -3.5912e-01,
         4.5601e-01,  3.5563e-01, -9.8148e-03,  1.1738e-01, -5.2718e-02,
         5.0453e-03, -2.2921e-02, -3.4695e-01, -1.6885e-01, -2.8966e-02,
        -4.2440e-02, -1.6078e-02, -5.4292e-03, -2.7284e-02, -1.0784e-01,
        -2.9948e-02, -1.0381e+00, -4.1960e-01,  1.9550e-02,  1.4742e-01,
         4.7851e-02, -1.7106e-01, -4.3306e-02, -1.5326e-02,  1.5517e-02,
        -3.5122e-01, -2.8105e-02, -4.8993e-01, -9.8971e-03,  4.9745e-01,
        -1.0130e-01, -4.3479e-01,  1.7136e-01,  8.6831e-02, -3.2110e-01,
        -1.5547e+00,  4.6282e-02, -7.2279e-02, -1.1930e-01, -6.1139e-02,
        -8.3247e-03, -5.4074e-02, -1.1628e-01, -1.2019e-01,  3.8414e-01,
        -1.4425e-03, -9.8081e-03,  8.1881e-02, -3.0458e-02, -1.6216e-02,
        -5.1154e-01, -9.0732e-01,  7.3020e-03,  6.0160e-01, -3.5321e-02,
        -6.1940e-01,  2.2874e-02, -2.0341e-01, -4.4207e-02, -6.5244e-01,
        -1.0008e+00, -2.5362e-02, -2.0799e-01, -5.4151e-02,  3.0897e-01,
        -1.2520e+00, -4.3359e-01, -3.2534e-02, -5.4065e-03, -6.0480e-01,
         2.1646e-02, -4.1405e-02, -5.9475e-02, -2.9363e-02, -1.6144e-01,
         1.0920e-01,  1.3258e-01,  7.8469e-02, -4.3226e-03, -7.5438e-02,
        -4.0462e-02, -6.6929e-02, -3.1839e-01,  1.5359e-03, -5.5312e-02,
         3.0974e-03,  3.3906e-02, -2.7490e-01,  5.2908e-04, -6.9898e-02,
        -3.7734e-02, -2.1587e-01,  2.7601e-01, -9.0843e-03, -3.7330e-01,
         9.4818e-04,  1.1038e-01, -3.1212e-04, -4.1666e-01, -5.2449e-02,
        -5.2154e-01, -2.5969e-03, -6.9539e-01,  6.1985e-04,  5.9907e-02,
         3.4059e-02, -1.0998e-01,  4.7652e-01, -1.6433e-01, -2.9706e-02,
        -7.1633e-01,  6.7755e-01,  3.0406e-02,  2.6022e-01, -1.9541e-02,
        -8.7853e-02, -3.2260e-03, -3.0827e-01, -5.9051e-02, -2.2701e-02,
         3.6110e-01, -5.0899e-01, -1.9375e-02, -3.0811e-01,  1.3195e-03,
        -2.2211e-02, -8.5627e-02, -2.9797e-01, -7.6864e-02, -2.2711e-01,
        -4.1584e-01, -4.1949e-03,  2.3990e-03, -3.8549e-04,  4.6740e-02,
         6.7361e-04, -6.5128e-02, -5.8036e-01, -9.7653e-02,  2.6478e-01,
        -8.6692e-03, -8.4354e-02, -4.6018e-02, -9.4806e-02, -5.8545e-01,
        -9.4964e-02, -6.1206e-01,  1.0282e-02, -8.3853e-02, -4.9250e-02,
        -1.0733e+00, -5.9073e-03, -4.4115e-02, -1.5047e-01, -1.0448e-01,
        -5.2769e-02, -2.0585e-02, -8.7831e-01,  1.6606e-01,  2.4893e-03,
        -6.1425e-01, -2.1186e-02, -1.6197e-01,  8.0828e-02,  1.5102e+00,
        -1.0155e-01, -1.9746e-01, -4.5855e-01,  2.1235e-01, -4.5047e-02,
        -6.3635e-01, -4.5402e-01, -7.3879e-02,  4.9055e-02,  9.6140e-03,
         5.6403e-01, -2.8303e-01,  3.5248e-02, -7.3520e-02, -1.7627e-02,
        -2.0562e-01,  1.9097e-03,  3.6345e-01, -6.1827e-02,  2.9361e-03,
        -1.0067e-01, -6.5229e-02, -1.5497e-02,  9.3357e-02, -1.5728e-01,
        -3.3661e-01, -5.4308e-01, -3.0503e-02, -6.9514e-02, -1.7223e-02,
        -1.0978e-02, -2.8460e-02, -7.2173e-03, -2.6146e-01, -6.4404e-02,
        -1.3577e-01, -6.7270e-01, -1.2042e-01,  6.5355e-02,  2.2799e-02,
        -7.5883e-03, -7.7754e-02,  1.5468e-01,  3.0213e-01,  1.8520e-02,
        -8.0018e-02,  8.0233e-02, -1.3055e-02,  2.6008e-04, -3.1856e-02,
        -2.2710e-01,  1.2592e+00, -1.4051e-03, -1.0900e-01, -7.6643e-01,
         8.1978e-02, -1.5317e-04, -5.5038e-02,  4.8828e-02,  1.1096e-01,
         1.3730e-01, -3.6807e-01, -3.4891e-01,  5.5265e-02,  1.0990e-01,
         2.7021e-03, -8.5744e-02, -2.4553e-01, -1.1795e-01,  6.4463e-04,
        -1.3059e+00,  5.8466e-01,  1.1119e-01, -6.2666e-01, -3.1984e-03,
        -6.1402e-02, -1.2293e-03,  1.7810e-02,  6.5305e-02, -2.8751e-01,
        -6.9465e-02, -1.7331e-02,  2.0011e-01,  1.0599e-02, -9.5913e-01,
        -1.0132e-01, -3.2353e-01, -6.5355e-01, -1.0775e-01, -8.0242e-02,
        -6.8042e-02,  3.3554e-01,  1.0767e-01, -1.1634e-02, -5.0625e-03,
         3.1272e-01, -6.3393e-02, -1.4595e-01,  4.5206e-01,  3.2054e-01,
         6.2630e-03, -6.0014e-02, -1.0095e-01, -5.2366e-04,  2.8940e-01,
        -9.3169e-02, -1.0170e-02,  8.5660e-02,  4.2618e-03,  2.2121e-02,
        -4.1610e-02,  1.4473e-03, -7.3575e-02, -1.3406e-01, -6.0589e-01,
        -5.5688e-01, -1.1384e+00,  8.3070e-02,  6.9396e-03, -2.5403e+00,
        -5.5871e-02,  2.1488e-03, -8.5967e-02,  9.6686e-03,  4.1037e-01,
        -3.3674e-02, -3.8268e-01,  2.8259e-02, -6.6177e-01,  3.6724e-02,
        -1.0883e+00, -2.2495e-02, -2.4926e-01,  2.1374e-01,  2.0743e-01,
        -4.5061e-01,  1.9410e-02, -5.0918e-02, -7.6494e-03,  2.1947e-02,
        -1.5966e-02, -4.5829e-01,  3.0583e-02,  3.1709e-01,  2.9334e-03,
        -8.3696e-02, -2.8422e-01, -3.8691e-01, -2.8011e-02, -7.0946e-02,
        -8.2355e-02,  3.6573e-01, -3.0705e-01,  1.9098e-01,  3.6870e-02,
        -3.6339e-01, -1.9151e-02, -3.6897e-01, -1.5139e-01, -1.7136e-01,
        -4.8957e-01, -7.2180e-03, -3.9238e-01, -7.1053e-02, -6.8046e-01,
        -2.6639e-01, -9.4529e-02,  1.6381e-02, -1.0002e-01, -1.7625e-01,
        -6.6756e-02,  7.5879e-04, -2.8287e-02, -2.4382e-01,  1.9833e-03,
        -2.3270e-01,  6.5562e-02, -8.0761e-01, -2.2557e-02, -1.8108e-02,
        -7.1364e-02, -2.5958e-04,  4.4126e-02, -1.4419e-01, -3.4929e-04,
        -3.1764e-03, -4.3995e-01, -5.9461e-02, -6.9152e-01, -2.6677e-01,
         1.9009e-01,  3.3177e-02, -5.8438e-02, -3.7918e-01, -1.1330e-01,
        -3.2269e-02, -3.5356e-01,  2.5375e-01,  1.4332e-02, -1.0907e-01,
         1.2626e-02, -5.2327e-02, -5.8589e-02, -4.4111e-01,  3.6277e-01,
        -1.4632e-02,  6.2948e-03, -2.4051e-02, -2.6981e-01, -8.8854e-03,
         9.8211e-05,  3.0036e-02,  1.2720e-02, -3.3917e-02, -2.9749e-02,
        -4.4901e-02, -1.0031e-01,  7.6402e-04,  4.9747e-04, -9.0575e-03,
         5.1199e-03,  1.2442e-02,  5.6429e-02, -8.6369e-02, -1.5839e-01,
        -2.0417e-02,  3.4851e-02, -2.7647e-01, -4.3588e-01,  5.6977e-01,
         2.3320e-01, -1.1655e-02, -1.4599e-01,  6.8263e-02, -4.7203e-01,
        -1.5194e+00, -1.2172e-01, -8.8911e-03, -8.7659e-02, -8.2398e-03,
         4.6993e-02,  3.8579e-03, -2.2028e-01, -2.9195e-02, -3.5464e-01,
        -1.3867e-01, -4.1007e-03, -8.3986e-01, -1.6825e-02,  5.9406e-02,
         6.8703e-01, -5.1397e-03, -6.5802e-02, -8.9365e-02,  1.9605e-02,
        -5.0143e-01,  9.1408e-02, -5.5626e-02, -3.0743e-04,  2.7901e-02,
        -7.4006e-02, -8.8277e-02,  4.0631e-02, -4.4833e-02, -4.5458e-01,
        -2.8491e-01,  5.6547e-03,  2.0402e-01, -3.1167e-03, -4.2082e-01,
        -3.5036e-02, -1.8431e-01, -8.3789e-02, -4.4062e-01, -2.2442e-01,
        -1.7998e-01,  4.2364e-02, -3.5917e-01, -1.9553e-05, -3.5410e-02,
        -3.7375e-02, -1.5544e-01, -3.0860e-01, -6.3622e-02,  2.9665e-01,
        -5.1568e-02, -2.3992e-01, -2.7776e-03, -8.1791e-02,  3.0470e-02,
         2.0116e-02, -2.5163e-01, -2.3662e-02, -7.7003e-03,  1.6244e-01,
         3.7258e-01, -1.3343e-01, -4.4607e-01, -1.0507e-03, -1.8288e-01]), 'model.features.4.1.block.1.1.running_var': tensor([1.5010e-02, 9.4500e-02, 2.1321e-01, 4.7006e-03, 5.9424e-02, 9.8448e-02,
        1.8451e-02, 9.8938e-02, 3.2604e-01, 2.8960e-01, 1.5331e-01, 1.2705e-02,
        3.2985e-02, 3.0952e-01, 1.9418e-02, 1.4474e-01, 3.1115e-01, 4.0668e-04,
        7.6687e-02, 9.3960e-03, 1.3822e-03, 2.0043e-02, 1.1603e-01, 9.4153e-02,
        4.2451e-03, 4.3866e-03, 4.7247e-03, 3.3779e-03, 2.7820e-01, 8.1328e-02,
        1.2135e-02, 1.3667e+00, 2.6572e-01, 1.3186e-02, 9.4252e-02, 1.4806e-02,
        4.2276e-02, 5.5185e-03, 4.1628e-03, 2.1820e-02, 2.1178e-01, 6.1615e-03,
        3.7546e-01, 1.0551e-01, 4.1377e-01, 3.1690e-03, 1.1894e-01, 1.9380e-01,
        7.7710e-02, 1.3307e-01, 1.5937e-01, 3.5832e-02, 7.3895e-03, 2.1388e-03,
        5.2135e-03, 3.6980e-02, 6.2381e-03, 2.0883e-03, 1.1538e-03, 7.7003e-02,
        2.3785e-03, 9.5445e-03, 5.7001e-02, 7.3897e-03, 1.3637e-03, 1.0330e-01,
        1.1196e-01, 1.6816e-02, 3.3590e-01, 3.3990e-03, 2.3600e-01, 1.2335e-02,
        5.1456e-02, 4.8984e-02, 3.7299e-01, 5.2646e-01, 6.5591e-03, 5.8716e-02,
        5.1850e-02, 6.1789e-02, 8.9362e-01, 1.2589e-01, 3.2548e-02, 2.5571e-02,
        9.3607e-02, 7.3820e-02, 6.5396e-03, 3.6286e-02, 9.6634e-03, 9.1031e-02,
        1.1075e-01, 1.9360e-02, 3.4035e-01, 2.8593e-02, 8.0131e-02, 5.9038e-03,
        4.4782e-03, 2.1574e-01, 8.4337e-04, 7.9373e-03, 6.0941e-03, 3.4118e-01,
        6.5900e-02, 1.8663e-04, 1.9108e-02, 6.1070e-03, 1.1267e-01, 3.7058e-01,
        2.0633e-02, 4.8556e-02, 1.0788e-03, 4.5345e-02, 5.0772e-04, 3.8112e-02,
        4.1400e-03, 2.5463e-01, 3.7636e-02, 6.2404e-02, 1.2404e-03, 1.5193e-01,
        1.2513e-01, 4.6967e-03, 3.8445e-01, 6.1690e-02, 6.3119e-01, 1.9547e-02,
        2.7626e-01, 1.2993e-02, 2.2373e-01, 1.2384e-02, 2.0839e-01, 1.9627e-04,
        4.4920e-01, 4.8296e-04, 1.7695e-02, 1.0370e-01, 2.0839e-01, 1.5139e-02,
        3.6222e-01, 4.9972e-03, 7.3397e-03, 1.4488e-03, 1.3812e-02, 8.3452e-02,
        2.1237e-01, 3.2486e-01, 1.8220e-03, 9.3067e-04, 1.7317e-03, 1.9940e-02,
        4.2662e-04, 8.4540e-03, 5.3393e-02, 2.3015e-03, 1.3602e-01, 1.7118e-02,
        1.3582e-01, 1.0557e-02, 4.1341e-03, 5.2047e-02, 3.4409e-03, 2.4994e-02,
        2.9855e-03, 7.7877e-02, 2.1728e-02, 7.8993e-01, 7.5688e-03, 1.3523e-02,
        6.7541e-02, 1.1047e-02, 6.5648e-02, 9.2126e-04, 1.9903e-01, 9.3056e-02,
        9.9122e-04, 2.9646e-01, 1.3543e-02, 9.1748e-02, 2.6735e-03, 3.5480e-01,
        1.2982e-02, 1.4488e-01, 2.8531e-01, 1.4639e-01, 1.3994e-02, 4.9867e-02,
        2.0623e-01, 5.5782e-02, 8.3482e-03, 4.7345e-02, 4.2796e-01, 1.3453e-01,
        3.1932e-02, 5.1839e-03, 5.7431e-02, 7.5032e-02, 1.1964e-03, 3.3797e-01,
        3.8516e-02, 3.1735e-03, 2.0905e-01, 5.6287e-03, 5.8416e-03, 1.5433e-02,
        5.4987e-02, 1.2022e-01, 4.1845e-01, 1.5506e-02, 5.7000e-01, 9.7225e-03,
        7.2383e-04, 7.2705e-04, 5.2339e-02, 1.9415e-01, 3.2211e-03, 1.4134e-01,
        1.1805e-01, 8.4181e-04, 5.2835e-03, 2.1155e-02, 2.3552e-03, 1.2410e-02,
        9.7622e-02, 2.6341e-01, 2.7060e-03, 1.7088e-03, 8.1034e-02, 7.2471e-04,
        8.1269e-04, 1.7028e-02, 1.7286e-01, 6.1253e-01, 1.1820e-03, 1.6118e-02,
        3.1199e-01, 4.7701e-03, 1.7843e-03, 2.3592e-03, 6.3373e-02, 1.3037e-01,
        8.7454e-02, 6.0109e-02, 3.1266e-02, 9.6111e-03, 3.0034e-01, 4.1195e-02,
        5.7764e-04, 5.7531e-02, 5.7955e-03, 3.4388e-03, 9.1713e-01, 5.2047e-01,
        3.1768e-02, 7.0077e-01, 1.7759e-03, 3.6507e-03, 5.4154e-03, 1.4424e-02,
        6.0656e-02, 8.6251e-02, 8.3224e-04, 1.7153e-02, 2.0983e-01, 1.2141e-02,
        1.8542e-01, 2.8493e-03, 1.5358e-01, 1.3149e-01, 3.6151e-03, 2.9100e-03,
        2.8718e-02, 3.8766e-01, 3.2369e-02, 1.1573e-03, 1.2861e-02, 1.0383e-01,
        6.2383e-03, 3.6567e-03, 2.7491e-01, 1.5061e-01, 3.8448e-02, 8.3010e-02,
        2.2127e-03, 3.8094e-04, 9.3937e-02, 2.5737e-03, 2.5953e-02, 6.9920e-02,
        1.8227e-03, 3.9636e-03, 5.7444e-03, 3.4080e-03, 3.4861e-03, 3.5146e-02,
        2.8830e-02, 1.5738e-01, 7.9596e-01, 1.9427e-02, 4.9540e-02, 3.7094e-01,
        8.0028e-03, 4.2965e-03, 5.5428e-02, 2.6910e-04, 1.4179e-01, 6.3193e-04,
        3.6450e-02, 4.7842e-03, 3.6798e-01, 1.1074e-02, 6.9311e-01, 3.7344e-03,
        2.1798e-01, 1.7861e-01, 4.6086e-04, 2.2715e-01, 4.3375e-02, 4.0918e-03,
        1.2528e-03, 5.3034e-03, 1.3147e-03, 9.0982e-02, 4.2478e-02, 2.9112e-01,
        2.6112e-02, 4.0804e-03, 1.2125e-01, 1.6539e-01, 8.7160e-03, 3.0461e-03,
        2.2017e-02, 1.2107e-01, 2.5912e-01, 9.9406e-02, 8.0297e-03, 5.0682e-02,
        6.4535e-04, 1.7207e-01, 8.9930e-03, 6.9259e-03, 1.5481e-01, 2.1941e-02,
        4.0247e-02, 3.2530e-03, 4.6986e-01, 7.3558e-02, 1.6849e-03, 4.9394e-01,
        4.8397e-02, 6.8408e-03, 1.0038e-02, 1.0610e-02, 2.8850e-03, 3.2693e-02,
        9.1545e-03, 1.1952e-01, 4.2443e-02, 7.8876e-02, 3.6223e-02, 1.7144e-04,
        3.4254e-03, 8.6994e-04, 5.9064e-02, 4.9017e-01, 2.2863e-03, 1.6298e-02,
        4.7621e-02, 1.3202e-02, 4.3603e-01, 7.7109e-02, 7.5048e-02, 4.8429e-03,
        8.7149e-04, 9.6563e-02, 3.4736e-03, 2.9160e-02, 7.3368e-02, 5.0442e-02,
        2.2029e-04, 3.1737e-03, 2.7311e-04, 6.1197e-04, 3.8545e-03, 3.3610e-02,
        4.4248e-02, 2.5564e-04, 8.6715e-03, 1.7407e-02, 1.4682e-01, 1.8627e-02,
        1.7936e-02, 1.2987e-02, 2.2177e-04, 1.8920e-03, 2.4076e-01, 4.2108e-02,
        1.4803e-01, 2.6905e-02, 2.5594e-02, 2.1339e-02, 1.3806e-02, 1.1358e-02,
        1.4739e-01, 1.2666e-01, 5.5432e-03, 8.8590e-04, 1.2123e-02, 7.7551e-02,
        2.3260e-01, 1.3313e-01, 1.5739e-01, 6.4176e-03, 1.0228e-01, 6.5270e-03,
        1.3567e-01, 6.9376e-01, 2.5040e-01, 2.6027e-04, 9.0531e-02, 8.8468e-02,
        6.4194e-04, 6.6607e-04, 1.1461e-02, 5.2343e-03, 2.6020e-02, 6.6059e-03,
        6.8695e-03, 6.4275e-02, 3.4564e-03, 6.6407e-03, 1.2920e-01, 5.6075e-04,
        1.1859e-01, 1.4603e-03, 2.7500e-01, 8.7132e-02, 7.0213e-03, 1.6042e-01,
        7.9786e-04, 1.3126e-04, 1.5552e-03, 4.9539e-02, 5.3173e-02, 7.6432e-03,
        1.5050e-01, 9.2531e-02, 1.1487e-02, 7.9415e-02, 3.7457e-03, 1.3445e-01,
        7.9732e-03, 8.8710e-02, 1.5710e-03, 8.5492e-02, 7.8114e-02, 1.0852e-02,
        3.7379e-02, 1.4965e-01, 5.5221e-04, 1.1976e-01, 2.7340e-02, 1.0262e-01,
        8.3547e-02, 1.8203e-03, 5.0571e-02, 4.2063e-03, 6.7211e-03, 1.9344e-02,
        4.6107e-02, 8.2292e-03, 2.6815e-02, 4.3709e-02, 2.0196e-02, 6.5785e-04,
        1.4316e-01, 1.4937e-01, 9.0818e-04, 2.4916e-01, 9.8386e-04, 1.6835e-02]), 'model.features.4.1.block.1.1.num_batches_tracked': tensor(703214), 'model.features.4.1.block.2.fc1.weight': tensor([[[[-0.0241]],

         [[-0.0177]],

         [[ 0.0027]],

         ...,

         [[-0.2238]],

         [[ 0.0656]],

         [[-0.1155]]],


        [[[-0.0512]],

         [[ 0.0744]],

         [[ 0.0080]],

         ...,

         [[ 0.0807]],

         [[-0.0336]],

         [[-0.0216]]],


        [[[-0.0104]],

         [[-0.0144]],

         [[ 0.0096]],

         ...,

         [[ 0.0403]],

         [[-0.0607]],

         [[-0.0313]]],


        ...,


        [[[ 0.0570]],

         [[-0.0155]],

         [[ 0.0581]],

         ...,

         [[-0.0102]],

         [[-0.0570]],

         [[-0.0307]]],


        [[[-0.0298]],

         [[-0.0196]],

         [[-0.0960]],

         ...,

         [[ 0.0672]],

         [[-0.0652]],

         [[-0.1198]]],


        [[[-0.0323]],

         [[-0.0419]],

         [[ 0.0794]],

         ...,

         [[ 0.0098]],

         [[ 0.0833]],

         [[-0.0393]]]]), 'model.features.4.1.block.2.fc1.bias': tensor([ 0.8394,  1.7671,  0.8244,  0.4208,  1.9849,  0.8960, -0.1155,  0.5392,
         0.6308,  0.6381,  1.0804, -0.2843,  1.3681,  1.5323,  0.7086,  1.4441,
         1.7476,  1.2266,  0.6716,  1.0398]), 'model.features.4.1.block.2.fc2.weight': tensor([[[[ 0.1549]],

         [[ 0.1229]],

         [[-0.1705]],

         ...,

         [[-0.2065]],

         [[-0.0761]],

         [[ 0.3784]]],


        [[[ 0.0501]],

         [[-0.0383]],

         [[-0.0238]],

         ...,

         [[-0.0401]],

         [[-0.0774]],

         [[-0.0820]]],


        [[[ 0.0071]],

         [[-0.1617]],

         [[ 0.0147]],

         ...,

         [[ 0.0765]],

         [[-0.0621]],

         [[-0.0360]]],


        ...,


        [[[ 0.0122]],

         [[ 0.0353]],

         [[ 0.1793]],

         ...,

         [[ 0.0149]],

         [[-0.0886]],

         [[ 0.1375]]],


        [[[-0.0308]],

         [[ 0.0135]],

         [[-0.0038]],

         ...,

         [[ 0.0330]],

         [[-0.0308]],

         [[-0.0476]]],


        [[[ 0.0566]],

         [[ 0.0006]],

         [[-0.0278]],

         ...,

         [[-0.1802]],

         [[-0.3314]],

         [[-0.1217]]]]), 'model.features.4.1.block.2.fc2.bias': tensor([-1.7818e-01,  3.0468e-01,  6.2248e-01,  5.1066e-01,  9.5070e-01,
        -3.0194e-01,  2.1613e-01,  2.8632e-01,  7.2205e-01,  1.1024e+00,
         3.3019e-01,  3.0329e-01, -6.9048e-01, -1.2704e+00,  8.8665e-01,
         4.7269e-01, -1.3293e+00, -3.3658e-01, -1.0158e+00, -1.4233e+00,
        -1.1693e+00,  8.3562e-01,  4.0185e-01, -1.0561e+00,  4.1737e-01,
        -1.0889e+00,  1.1995e+00,  1.7591e-02, -8.3266e-01,  7.0867e-01,
        -1.6450e+00,  1.1566e+00, -8.3171e-01, -8.4278e-02, -6.3264e-01,
        -1.0387e-01,  6.2042e-01, -6.9295e-01,  5.7553e-01,  2.6572e-01,
         1.7919e-01, -6.3401e-02,  7.9342e-01,  3.1434e-01, -1.0690e+00,
        -6.1059e-02,  6.6127e-03,  6.4181e-01, -5.7768e-01,  3.5845e-01,
        -6.3872e-01, -1.3787e-02, -1.0183e+00, -8.7916e-01, -1.8206e-01,
        -1.5939e+00, -6.7582e-01, -3.9259e-01, -7.7519e-03, -1.7224e-01,
         5.8123e-01, -1.3372e+00,  3.7087e-01, -1.2211e+00,  1.2945e+00,
        -6.4466e-01, -1.3785e+00,  9.8537e-02, -1.0894e+00, -8.5913e-01,
         7.0121e-01,  4.3872e-01,  1.1216e+00, -1.4001e+00, -4.7941e-01,
         3.4267e-02, -2.5249e+00,  6.0856e-01, -1.2231e+00,  6.5821e-01,
         8.8615e-01,  2.3223e-01, -1.5292e+00, -1.8364e+00, -8.9755e-01,
         3.3736e-01, -1.9667e+00,  1.4017e-01,  1.2693e+00, -3.3334e-01,
        -5.4288e-01,  5.3144e-01,  2.4116e-01, -1.2668e+00, -5.5353e-01,
         5.9461e-01, -1.5141e+00,  3.7112e-01,  7.1207e-01, -1.2438e+00,
         9.3200e-01, -1.0036e-01,  1.7038e-01, -5.9675e-01, -4.6432e-01,
        -1.8901e+00, -3.0628e-02, -1.2511e+00, -1.1117e+00, -8.1672e-01,
         8.1005e-02, -7.3356e-01,  6.7761e-01,  3.4031e-01, -7.3731e-02,
         5.5095e-01, -9.8137e-01, -7.8585e-02,  2.5315e-01, -5.6078e-01,
         3.9921e-01, -7.5061e-01, -1.0831e+00,  1.7020e-01,  1.3122e+00,
        -2.0702e-01,  6.8763e-01, -1.8037e-01,  8.2226e-02, -1.8324e+00,
         7.7431e-01,  8.1758e-01,  3.7650e-01, -6.1576e-01,  2.1276e-01,
        -1.8809e-01, -1.2421e-01,  9.5274e-01,  5.1366e-01, -1.2226e+00,
        -1.7442e+00, -1.1192e+00,  1.7093e-01,  6.6548e-01,  1.0889e+00,
         4.6499e-01,  9.3643e-01,  1.4954e-01,  1.3011e-01, -4.2683e-01,
         2.8891e-01, -4.9514e-01,  7.4521e-01, -6.1367e-01, -1.6214e+00,
        -8.1969e-01, -1.0820e-02, -9.0739e-01, -1.6002e+00,  4.3044e-01,
         4.6099e-01, -3.4484e-01,  6.0232e-01,  6.8058e-01,  2.6742e-01,
         9.5850e-01,  1.4119e+00, -1.4426e-03,  2.7273e-01,  6.0323e-01,
         3.1321e-01,  8.0060e-01,  6.8198e-01, -3.3932e-01,  1.6849e-01,
         5.1596e-01,  1.2302e+00,  2.7245e-01, -2.0249e-01,  1.1663e+00,
        -2.0051e+00,  8.4158e-01,  1.3653e-01, -5.0274e-01, -2.2777e-01,
        -9.5153e-01,  6.7884e-02,  7.1490e-01,  1.6016e-01, -6.6940e-01,
        -9.3528e-01,  1.1487e-01, -1.3525e+00, -6.7555e-01, -1.2294e+00,
         4.2868e-03, -8.2594e-01, -1.4066e+00,  1.6232e-01,  4.8878e-01,
         2.1038e-01, -1.1099e+00,  7.7175e-01,  6.8635e-01, -1.4827e+00,
        -2.7291e-01,  7.4573e-01, -1.5319e+00,  1.1523e+00,  3.2265e-01,
         1.3285e-01,  2.5591e-01, -2.1183e+00,  8.0858e-01, -1.6341e+00,
        -2.1270e-01, -4.4920e-02,  8.0099e-01, -3.9349e-01,  1.5628e-01,
        -1.0260e+00,  2.5248e-01, -4.6688e-01, -2.1320e+00,  7.8148e-01,
        -6.7153e-01, -2.3909e+00, -1.0168e+00,  3.8804e-01, -9.9306e-01,
        -2.6028e-01,  1.2672e+00,  2.0732e-01,  5.9081e-01,  6.4534e-01,
         8.9902e-01,  5.6801e-01,  4.6193e-02,  7.5080e-01, -2.1057e+00,
        -1.8904e+00, -1.6050e+00,  1.7210e-01, -2.9186e-01, -3.4271e+00,
        -4.3248e-02,  4.8610e-01,  1.8525e-01, -2.3435e-01, -9.9504e-01,
         1.0209e+00,  1.3475e+00, -1.4200e+00,  9.4361e-01,  5.0088e-01,
         5.2762e-01, -5.6442e-01,  2.3733e-01,  4.3032e-02,  1.5751e-01,
        -8.7147e-01,  8.6925e-01, -4.5041e-01,  8.4614e-01,  8.9512e-01,
        -4.5895e-01,  4.5318e-01, -2.4858e-01,  8.7308e-02, -7.5858e-01,
         2.9447e-01, -1.0089e+00, -2.2241e+00, -1.6593e+00, -2.9983e-01,
         3.7954e-01, -1.1501e+00,  4.5900e-01, -1.0754e+00, -7.0647e-01,
         8.9081e-01,  6.2203e-02, -2.1988e-01,  1.2041e-01,  8.1272e-01,
        -4.9042e-01,  1.4480e+00, -6.9318e-01, -1.2934e+00,  4.0769e-01,
        -1.4541e+00, -8.6191e-02, -4.3880e-01,  7.9105e-01, -7.3510e-01,
         8.5327e-01,  1.4960e+00, -5.7630e-01, -9.7039e-01,  8.0811e-01,
        -1.9700e-01, -6.4377e-01,  3.0655e-01, -2.0030e+00,  4.4066e-01,
         4.8511e-01, -1.1744e+00, -1.1282e+00,  6.5251e-01, -1.9084e-02,
         1.4819e+00, -1.2691e+00,  2.2775e-01, -1.1455e+00,  3.4318e-01,
        -4.4840e-01, -1.5140e+00, -1.4925e+00,  4.6025e-01, -2.2070e+00,
         9.7834e-01, -1.7654e-02, -1.4059e+00, -1.6016e+00,  6.7308e-01,
        -3.4366e-01, -1.6487e+00, -2.1525e+00, -4.2543e-01, -9.4724e-01,
        -1.7333e+00,  6.8421e-01,  8.4702e-01, -1.4979e+00,  8.6065e-01,
         4.8915e-02, -3.2154e-01, -8.2305e-02,  3.5477e-01,  7.9258e-01,
        -2.1270e-01, -1.1881e+00,  5.9082e-01, -4.8745e-01,  6.5106e-01,
        -9.9286e-02, -7.8354e-01,  1.2906e+00,  6.3712e-01,  7.7105e-01,
        -2.7072e-01,  1.6869e-01, -1.5031e+00,  5.5254e-01,  3.4451e-01,
        -6.9840e-01, -7.8017e-01,  4.2375e-01, -4.1623e-02, -6.6309e-01,
        -1.3995e+00,  9.2518e-01,  9.0749e-01,  9.7264e-01, -1.2253e+00,
         4.6656e-01, -1.1576e+00,  1.0095e+00, -7.1880e-02,  3.9215e-01,
         4.7719e-01,  1.1185e+00, -9.7062e-01,  4.5969e-01, -1.9006e+00,
        -4.5785e-01,  7.8742e-01,  2.1146e-01, -5.8031e-01, -1.3804e+00,
        -2.9296e-01,  6.5938e-01, -1.2772e+00,  4.4723e-01,  7.7150e-01,
         4.9639e-01, -1.2167e+00, -7.2501e-01,  6.2648e-01, -1.1330e+00,
         3.7596e-01, -4.2917e-01, -1.0418e+00,  8.2608e-02,  4.9181e-01,
         6.5206e-01,  6.9994e-01, -1.8031e-01,  1.0558e+00, -1.6539e+00,
        -5.8939e-01,  7.0183e-01,  7.1805e-01,  8.6438e-01, -1.6093e+00,
        -8.6366e-01, -1.2750e+00, -4.8703e-01, -7.3371e-01,  6.4618e-01,
        -1.2307e+00, -1.3642e+00,  4.9261e-01, -4.4485e-01, -1.0742e+00,
         6.9214e-01,  9.2725e-01,  6.9064e-01,  4.7046e-01, -4.5275e-01,
         1.0802e+00, -2.0598e-02,  6.1759e-02, -1.0182e+00,  6.4095e-01,
         4.0108e-01, -1.2604e+00,  2.2581e-01,  5.1489e-01, -3.1710e-03,
         5.3678e-01,  5.9602e-01,  3.1196e-02, -5.8061e-01,  9.9911e-01,
         4.4702e-01,  7.0605e-01,  1.1136e-01,  9.2735e-02, -1.7411e-01,
        -1.3813e+00,  6.1748e-02,  8.1067e-01, -1.6659e+00,  4.2443e-01,
        -9.1751e-01,  6.3897e-02,  1.0857e+00,  6.5251e-02,  4.3234e-01,
        -9.9579e-01, -6.6411e-01, -1.3056e+00, -4.9333e-01, -1.4974e-01,
        -1.8629e+00,  6.9702e-01, -2.1067e-01, -2.4735e-01, -1.3067e-01,
        -5.6399e-01,  2.1095e-01, -2.6050e-02, -1.2701e+00,  1.3422e-01,
        -2.7485e-01, -6.2427e-01,  2.9210e-01, -3.6687e-02,  6.2293e-01,
         1.2048e+00,  1.0502e+00, -2.0186e+00,  7.9542e-01,  7.6362e-01,
        -1.1032e+00, -4.6933e-01,  2.8021e-01,  3.4815e-01, -2.3869e+00]), 'model.features.4.1.block.3.0.weight': tensor([[[[ 7.6227e-02]],

         [[-1.6462e-02]],

         [[ 1.5823e-01]],

         ...,

         [[ 7.0402e-02]],

         [[ 7.4457e-02]],

         [[-2.9189e-02]]],


        [[[ 7.0867e-02]],

         [[ 8.5087e-02]],

         [[-3.4158e-02]],

         ...,

         [[-4.0800e-02]],

         [[-3.5843e-02]],

         [[-1.0889e-01]]],


        [[[ 1.3115e-01]],

         [[-1.1332e-01]],

         [[-1.2691e-01]],

         ...,

         [[ 4.2432e-03]],

         [[ 1.4804e-01]],

         [[-7.5596e-02]]],


        ...,


        [[[-1.5299e-01]],

         [[-1.6663e-02]],

         [[-5.1266e-02]],

         ...,

         [[ 4.1508e-02]],

         [[-4.0475e-02]],

         [[-4.1092e-01]]],


        [[[ 3.3354e-02]],

         [[-8.7747e-02]],

         [[ 6.7025e-02]],

         ...,

         [[-3.6551e-02]],

         [[ 3.5040e-02]],

         [[-1.2440e-01]]],


        [[[-2.4548e-02]],

         [[-5.6452e-02]],

         [[ 5.1159e-02]],

         ...,

         [[-5.1216e-02]],

         [[ 9.7365e-02]],

         [[ 1.9258e-04]]]]), 'model.features.4.1.block.3.1.weight': tensor([2.1231, 1.9860, 1.9474, 1.7224, 1.3873, 3.2638, 1.5992, 2.2075, 1.4487,
        1.4460, 2.2209, 1.5489, 2.3076, 2.2685, 1.3826, 2.8048, 0.9196, 1.6174,
        3.1908, 4.1557, 2.0097, 2.3923, 1.8273, 1.4641, 1.6754, 1.8468, 1.9709,
        1.5023, 2.2110, 1.8325, 1.9248, 1.9481, 1.3062, 2.6608, 1.7097, 3.2029,
        3.4062, 3.6704, 1.2585, 1.7275, 2.5389, 1.0700, 1.3291, 1.7759, 5.0067,
        1.6598, 1.5735, 1.4571, 2.4918, 1.2121, 2.0398, 1.7343, 1.9959, 1.9281,
        0.9001, 1.8340, 2.7377, 2.0310, 1.7319, 3.0016, 2.5253, 1.7025, 1.6589,
        1.8091, 1.3974, 2.1179, 2.9158, 1.9091, 1.3695, 2.0244, 1.2567, 2.3025,
        2.3431, 0.9880, 1.9951, 2.7103, 1.8801, 1.0705, 1.7187, 1.4622]), 'model.features.4.1.block.3.1.bias': tensor([ 7.8846e-01,  4.5730e-01,  2.2467e-01,  9.9477e-01, -7.1364e-01,
        -8.0028e-01, -3.3695e-01,  8.2948e-01,  3.1129e-01,  8.9951e-01,
         1.2826e+00, -6.5854e-01, -8.3187e-02, -8.2324e-01,  2.3517e-02,
         1.6141e-01,  1.1543e-01, -5.4207e-01, -1.4893e+00, -4.0642e-01,
         1.4306e+00, -1.0645e+00, -1.1182e+00, -4.9113e-02, -9.6124e-01,
         7.4915e-01, -1.2531e+00,  1.0823e-01, -8.7498e-01,  3.5378e-01,
        -1.0417e-01, -8.0663e-01,  7.1922e-01, -8.6852e-02, -1.7555e-01,
         8.2608e-01,  3.6099e-01,  9.3900e-01, -7.3899e-01,  5.0271e-01,
        -7.3988e-01,  9.0419e-02, -3.2019e-01, -3.9074e-01, -2.9190e+00,
         3.1543e-01,  1.0261e+00,  3.4643e-01,  8.8939e-01, -9.4594e-01,
        -2.5060e-01, -1.9411e-01, -2.1092e-02,  2.7194e-01, -2.2375e-01,
        -1.1767e-03,  1.8115e-01, -1.5658e+00,  5.5757e-01,  7.0616e-01,
         7.4389e-02, -1.7992e-01,  1.2549e+00,  1.1698e+00,  8.9852e-01,
        -1.1492e+00, -1.0194e+00, -1.0614e+00,  1.8243e-01, -6.9696e-01,
         3.4480e-01, -9.4526e-01, -1.0176e-01, -1.1265e-02, -7.8896e-02,
        -6.2072e-01, -3.5567e-01,  9.7541e-02, -3.0965e-02,  1.3505e-01]), 'model.features.4.1.block.3.1.running_mean': tensor([ 0.3343,  0.3191, -0.1300, -0.0709, -0.5459, -0.2232, -0.0937, -0.0534,
        -0.1067,  0.4638,  0.0582, -0.0789, -0.0574, -0.0254,  0.3968, -0.1423,
        -0.2347,  0.0204, -0.2700,  0.6698,  0.3306,  0.0905,  0.1453,  0.0833,
        -0.1831,  0.2699, -0.0951, -0.0997, -0.4222, -0.0043, -0.0563, -0.5744,
        -0.0690, -0.0992,  0.3942,  0.1883, -0.3202, -0.4384, -0.3029,  0.0702,
        -0.1295, -0.3004, -0.0736, -0.1405,  0.1480, -0.1939, -0.0973,  0.1141,
        -0.1856, -0.3408, -0.0508, -0.1394,  0.0534, -0.0141, -0.1179,  0.3055,
         0.1496, -0.0439, -0.1941, -0.0687, -0.2714,  0.1000,  0.3267,  0.0038,
         0.2803,  0.0013, -0.0144,  0.2827,  0.0410, -0.0331, -0.0887, -0.2342,
        -0.0792,  0.2581, -0.0419,  0.0976,  0.5507,  0.0196, -0.1862,  0.0681]), 'model.features.4.1.block.3.1.running_var': tensor([0.1791, 0.2238, 0.2818, 0.2022, 0.1621, 0.2641, 0.2154, 0.2802, 0.1316,
        0.2694, 0.2475, 0.1718, 0.3233, 0.2463, 0.1712, 0.1964, 0.3122, 0.1840,
        0.2796, 0.3579, 0.1534, 0.1761, 0.2910, 0.1793, 0.2074, 0.1705, 0.2315,
        0.2274, 0.3003, 0.1732, 0.2150, 0.1673, 0.1914, 0.2269, 0.3260, 0.1853,
        0.3471, 0.1950, 0.1828, 0.2199, 0.2808, 0.2654, 0.2549, 0.1822, 0.4634,
        0.1830, 0.2003, 0.2072, 0.1926, 0.2247, 0.1684, 0.2403, 0.2061, 0.1461,
        0.2469, 0.1282, 0.2358, 0.1755, 0.1553, 0.2636, 0.2086, 0.2177, 0.1758,
        0.2516, 0.1246, 0.1812, 0.2451, 0.2184, 0.2220, 0.1819, 0.2278, 0.1783,
        0.4605, 0.2213, 0.1884, 0.2153, 0.1486, 0.3167, 0.1801, 0.1725]), 'model.features.4.1.block.3.1.num_batches_tracked': tensor(703214), 'model.features.4.2.block.0.0.weight': tensor([[[[-0.0361]],

         [[-0.0065]],

         [[-0.0991]],

         ...,

         [[ 0.1050]],

         [[ 0.0508]],

         [[ 0.0526]]],


        [[[-0.0940]],

         [[-0.0183]],

         [[-0.0402]],

         ...,

         [[-0.0517]],

         [[ 0.1891]],

         [[-0.0102]]],


        [[[-0.0226]],

         [[-0.0650]],

         [[-0.0230]],

         ...,

         [[-0.0465]],

         [[-0.0414]],

         [[ 0.0271]]],


        ...,


        [[[-0.0588]],

         [[ 0.0754]],

         [[ 0.0387]],

         ...,

         [[ 0.0515]],

         [[ 0.0826]],

         [[ 0.0730]]],


        [[[-0.0527]],

         [[-0.0164]],

         [[ 0.0171]],

         ...,

         [[ 0.1019]],

         [[-0.0083]],

         [[ 0.0183]]],


        [[[ 0.0755]],

         [[ 0.0561]],

         [[ 0.1698]],

         ...,

         [[ 0.1100]],

         [[-0.0921]],

         [[-0.1348]]]]), 'model.features.4.2.block.0.1.weight': tensor([ 0.6320,  1.1111,  0.3885,  1.1453,  1.1291,  0.0887,  0.9838,  0.2961,
         0.5702,  1.7784,  1.0836,  0.6359,  0.7114,  1.8547,  1.5427,  0.2568,
         0.6762,  0.2095,  1.6930,  1.1249,  1.0852,  0.9788,  2.3174,  0.3126,
         1.6303,  0.5477,  0.5946,  1.0344,  0.9695,  1.2802,  0.7897,  2.0400,
         0.3209,  1.0243,  0.6692,  0.4573,  0.6650,  0.9627,  0.8273,  0.8968,
         0.4924,  1.9821,  0.1456,  0.7954,  1.3124,  1.7834,  1.4465,  0.9728,
        -0.1883,  1.6492,  1.3664,  0.3651,  0.1152,  0.8824,  1.4227,  0.3648,
         1.1249,  0.7256,  0.8413,  1.8303,  1.1190,  1.3688,  0.7774,  0.3168,
         0.5390,  0.1643,  0.7504,  0.3913,  1.6436,  0.6478,  1.3857,  0.1133,
         0.5893,  0.5238,  0.5370,  0.3251,  1.6915,  0.6589, -0.2182,  0.3404,
        -0.0737,  1.4811,  0.9679,  0.4184,  1.6525,  0.7466,  2.2421,  1.2068,
         1.3764,  1.2432,  1.6238,  0.5218,  1.0002,  1.7963,  0.7960,  0.5580,
         0.5456,  0.8104,  1.0824,  0.5415,  0.6760,  1.0304,  0.3374,  1.2479,
         0.2917,  1.5085,  0.2299,  0.9896,  0.1830,  1.4869,  1.0260,  2.3953,
         1.0403,  1.6224,  1.5719,  1.2340,  1.1672,  1.1977,  1.9422,  1.4554,
         1.0082,  1.9991,  1.4767,  0.2086,  0.6174,  0.9863,  0.6042,  1.1334,
         0.9808,  0.1556,  0.3882,  0.2644,  0.4549,  1.0114,  1.1369,  2.0486,
         2.1037,  0.4449,  0.8962,  0.7987,  1.3126,  1.9673,  1.7166,  1.5114,
         2.7029,  0.9517,  1.6129,  1.1716,  1.7215,  2.0079,  0.1783,  0.5080,
         0.5673,  0.4071,  1.7954,  1.2012,  0.5613,  1.1262,  0.9207,  0.9261,
         1.8609,  1.1859,  0.3027,  0.7276,  1.1223,  0.6703,  0.5527,  0.8721,
         0.0330,  0.6889,  0.4644,  0.6746,  2.2475,  1.2323,  0.1816,  1.0369,
         1.5357,  0.4742,  1.5113,  1.7393,  0.8158,  1.4981,  1.9456,  1.1919,
         0.5163,  2.5388,  0.8248,  1.2651,  0.1772,  1.1092,  1.4922,  0.1884,
         1.2954,  1.2196,  0.1847,  0.7878,  1.6233,  0.6356,  2.2093,  0.2651,
         0.5671,  1.2075,  0.1246,  0.5468,  0.6089,  1.8930,  0.3997,  0.0803,
         0.6017,  0.1164,  2.0473,  1.3839,  0.3180,  0.0993,  0.1611,  2.4941,
         0.4886,  0.2306,  0.8026,  0.7109,  1.5524,  0.9595,  0.4438,  0.8961,
         0.9091,  0.9638,  0.9935,  0.5465,  0.0762, -0.0860,  0.0997,  1.9882,
         0.4537,  2.2282,  2.4784,  1.3622,  1.9140,  2.0668,  1.3056,  0.4708,
         1.6517,  0.0955,  0.1322,  0.9621,  0.7005,  1.9091,  1.6340,  1.1183,
         1.1507,  0.3853,  1.0206,  0.4084,  0.1543,  1.6792,  0.8671,  0.3896,
         0.4870,  0.3403,  1.4459,  0.5364,  2.1221,  1.9862,  0.5173,  0.6250,
         0.9894,  0.3763,  0.0586,  0.4246,  0.3277,  2.0342,  0.7161,  0.6860,
         0.2364,  1.1764,  1.2557,  1.4471,  1.6634,  0.8374,  1.5427,  1.7247,
         1.4382,  1.7190,  0.8260,  0.7482,  2.7688,  1.9128,  0.7478,  0.8047,
         0.2362,  0.6569,  1.2769,  0.2882,  0.2101,  0.5134,  1.0890,  0.3696,
         1.2141,  1.5032,  0.6874,  1.5215,  1.6116,  1.4536,  0.3463,  0.9302,
         0.3552,  0.9650,  1.0301,  1.7441,  1.1521,  0.8397,  0.1428,  1.3774,
         0.6569,  0.4723,  0.1553,  0.6938,  0.4118,  1.0380,  0.2555,  0.1056,
         0.0293,  0.1740,  1.9844,  1.4207,  0.6060,  1.4727,  0.6723,  1.1658,
         0.3637,  1.2481,  0.1816,  1.8100,  0.2903,  0.6454,  0.5309,  0.5047,
         0.8541,  1.6099,  0.0486,  0.7863,  0.3274,  1.5385,  1.2067,  0.7485,
         1.7065,  1.4528,  1.5703,  0.9484,  1.6202,  1.1204,  0.5639,  2.2806,
         0.1171, -0.5099,  1.2179,  0.4966,  0.5592,  0.8549,  0.9185,  0.4154,
         1.1100,  0.9995,  0.2039,  2.1795,  0.3330,  0.7024,  1.4010,  1.0156,
         1.3791,  0.7103,  1.1605,  0.7400,  1.7949,  1.3452,  0.1521,  2.3606,
         1.5799,  2.3104,  0.2834,  0.4566,  0.8881,  2.2079,  0.4530,  1.7869,
         2.1953,  0.3447,  1.2344,  0.2909, -1.0827,  1.1734,  1.5095, -0.1548,
         0.1574,  0.8080,  0.5589,  1.2371,  0.8837,  1.3274,  0.5540,  0.1906,
         1.6812,  0.6800,  0.4033,  1.4464,  0.5699,  0.7215,  2.2069,  0.9666,
         0.6922,  1.3821,  2.2208,  1.0435,  0.9327,  1.6100,  0.5218,  0.8114,
         0.4909,  1.1835,  0.2718, -0.3125,  0.1692,  0.8371,  0.8075,  0.2159,
         1.1238,  1.9753,  0.6419,  0.0887,  0.2097,  1.5897,  1.3060, -0.1677,
         0.9086,  0.4993,  2.0914,  0.4802,  0.4176,  1.4087,  1.0771,  1.2852,
         0.7839,  0.2821,  0.8396,  1.8866,  0.5663,  0.9884,  0.5956, -0.0712,
         1.8755,  0.7115,  1.3364,  0.7530,  1.4024,  0.4039,  0.8119,  1.3258,
        -0.1307,  0.7422,  0.6255,  0.3584,  0.3091,  0.7925,  0.4362,  0.6110,
         0.5852,  1.1524,  1.3631,  0.2282,  0.3304,  1.2682,  0.6407,  1.6505,
        -0.1107,  0.0597,  0.7225,  1.0481,  0.0764,  1.1250,  0.8829,  0.0991]), 'model.features.4.2.block.0.1.bias': tensor([ 8.6258e-01, -1.3957e+00,  6.0192e-01, -1.4623e+00, -7.1149e-01,
        -2.0254e-02, -1.1933e-01,  7.3305e-01,  3.5418e-01, -5.4220e-01,
        -5.4443e-01,  6.6439e-02, -2.7965e-01,  4.3638e-01, -8.8076e-01,
         1.7897e-01,  6.3258e-01, -1.0896e-01,  8.2675e-01, -1.8838e+00,
         4.0653e-01,  7.1605e-01,  1.5930e+00, -5.0496e-01, -1.7082e+00,
         1.1315e+00,  5.0293e-01, -1.4521e+00, -7.8185e-01,  1.8869e+00,
         8.3350e-01,  1.0393e+00,  1.7149e+00,  1.0765e+00,  5.7518e-01,
         3.6423e-01,  1.0573e+00,  1.3592e+00,  1.8802e+00,  1.6375e+00,
        -2.9157e-01,  3.5353e-01, -2.5433e-01,  5.9955e-01,  1.5173e+00,
         9.7626e-01, -1.7475e+00, -8.5555e-01,  5.6166e-02,  1.0341e+00,
         7.1756e-01, -3.6995e-01, -1.1222e-01, -7.9013e-01,  6.4944e-01,
         7.1617e-01, -1.2918e+00,  1.4781e+00,  2.5489e-01, -4.0569e-01,
        -1.8586e+00,  8.5275e-01, -3.3592e-01,  7.3220e-01,  1.3039e+00,
         5.4349e-01,  1.4326e+00, -4.3740e-02,  1.3950e+00,  1.1407e+00,
        -7.1276e-01, -1.4320e-03, -3.7508e-01, -2.8549e-01,  7.4658e-01,
        -9.8345e-02, -6.5173e-01, -9.1699e-01, -6.2796e-02,  1.4419e-01,
        -4.2533e-02, -1.0373e+00, -1.3914e+00,  4.5531e-01,  1.4592e-01,
         8.7592e-01, -2.5758e-01,  5.0718e-01, -1.2217e+00, -1.4881e+00,
         1.2228e+00, -2.3421e-01,  3.5899e-01, -7.5856e-02,  6.8258e-01,
         1.4305e+00,  1.0040e+00,  1.4614e+00,  1.6162e+00,  1.1782e+00,
         1.3807e+00, -1.2484e+00,  7.8906e-01,  8.1950e-01,  4.6900e-01,
        -2.2101e+00, -1.5432e-03,  3.1589e-01, -7.8631e-02, -6.6683e-02,
        -9.0224e-02, -6.2699e+00,  6.9492e-01,  2.3992e-01, -1.0072e+00,
         8.5538e-01, -5.9931e-01, -1.0827e+00, -6.2556e-01, -1.7755e+00,
        -1.1665e+00, -4.3598e+00, -1.1052e+00, -1.6555e-01, -1.2045e+00,
        -9.3170e-01,  9.3624e-01, -1.4879e+00,  7.4077e-01, -5.2969e-02,
         1.2621e+00,  1.2536e-01,  1.4919e+00,  1.3689e+00,  1.5279e+00,
         2.1973e-01,  8.7738e-01, -3.1662e-01, -8.1171e-02,  6.6292e-01,
         9.6548e-02,  8.6842e-01, -1.5049e-02, -1.1298e+00, -4.2345e+00,
        -4.5833e-01,  1.1676e+00, -1.9236e+00, -1.0252e+00, -1.2426e+00,
         8.9280e-02,  1.6909e-01,  1.1584e+00,  5.3670e-01, -2.6305e+00,
        -1.6259e+00,  2.6407e-01,  1.7243e+00, -9.5112e-01, -1.6141e+00,
         4.7307e-01,  4.3634e-01,  1.9664e-01,  2.3998e-01, -1.4780e+00,
         1.7035e+00,  1.4721e+00, -9.1141e-01,  1.4272e-02,  1.3663e+00,
         5.6565e-01,  1.1993e+00,  1.9741e+00,  1.3268e+00,  1.5175e-01,
        -6.7721e-01,  7.7633e-01,  1.4277e-01,  9.1263e-01, -9.6324e-01,
        -1.4929e+00, -1.2837e+00,  1.3513e+00,  9.8583e-01,  1.1817e+00,
         1.9963e-01, -1.6611e+00,  1.2023e+00,  1.6741e-01,  1.8935e+00,
         1.1603e+00, -1.1290e-01, -1.0581e+00, -1.2747e+00,  6.8514e-01,
         1.1488e+00,  1.5889e+00,  1.5239e+00,  1.2277e+00,  2.2911e-02,
         1.2844e+00, -2.3573e-01, -5.2370e-02, -9.9296e-01,  7.7186e-01,
         9.6676e-01,  4.8727e-01, -4.0695e-02, -1.1411e+00,  1.9323e-02,
         3.6604e-01,  5.9797e-01,  3.5203e+00,  2.9975e-02,  8.7728e-02,
         4.9222e-01,  1.6164e-01, -2.1421e-01, -7.1751e-01,  1.3257e+00,
         5.0265e-01, -1.2115e+00, -3.5549e-02,  5.0511e-01,  6.9826e-01,
        -1.0806e+00, -1.0816e+00,  5.1433e-01, -6.2759e-04, -3.7867e-02,
         2.9364e-01, -3.2202e+00,  7.5686e-01, -3.5012e+00,  1.1640e+00,
        -1.6094e+00,  1.6264e+00, -4.2669e+00,  1.9897e+00,  1.3558e-01,
        -4.8164e-01, -7.2306e-02, -5.8251e-02, -4.7105e-01, -1.2384e+00,
        -3.1017e-01,  1.2987e+00, -1.2877e+00, -1.0910e+00,  3.1990e-01,
        -8.1281e-01, -4.0041e-01,  3.9063e-01,  6.1370e-01, -2.2112e-01,
         8.5422e-01,  1.1251e+00, -3.8306e-01, -2.6043e+00,  1.4383e+00,
         8.1809e-01, -2.4069e+00,  6.6788e-01,  9.4018e-01,  1.1854e+00,
         9.4463e-01, -2.1456e-02,  1.0545e+00, -4.0547e-03, -5.9500e-01,
         1.6072e+00,  4.7863e-01,  5.7483e-02, -1.7985e+00,  1.0572e+00,
        -3.8452e-01, -2.3594e+00, -5.6313e-01,  5.1547e-01,  3.3878e-01,
         1.1225e+00, -2.1220e+00,  8.0275e-01,  1.2711e+00, -5.3900e-01,
        -1.4217e+00, -3.9087e-01, -1.2830e+00,  1.2503e-01,  1.1034e+00,
        -4.6499e-01,  6.8798e-01,  3.8614e-02,  1.4820e+00, -7.4593e-01,
         5.7547e-01, -1.3683e+00,  7.3298e-01,  6.8629e-01, -9.5541e-01,
        -5.5730e-01, -2.0115e+00, -8.1587e-01, -8.4502e-01, -3.3984e-01,
         8.1008e-01,  1.8893e+00, -1.3369e+00,  1.6738e+00,  2.0754e-01,
         1.8016e-02,  9.7983e-01,  1.4990e+00, -1.8763e-01,  9.7029e-02,
        -2.3663e-01,  1.6533e-01,  8.5916e-01,  4.1299e-01, -7.4407e-02,
         6.0427e-02,  1.0447e-02,  9.0908e-02,  2.8879e-01,  2.0352e-02,
        -7.9427e-01,  4.2554e-01, -8.2977e-01,  1.4820e+00, -4.8895e-01,
        -2.3521e-01, -2.0822e+00, -4.9381e-01, -3.4458e-01, -9.0264e-01,
         1.6400e+00,  8.3958e-01,  1.1037e+00, -7.4633e-02, -5.2406e-01,
        -2.7108e-02, -1.4431e+00,  6.7947e-01, -1.2153e+00, -2.5582e+00,
         1.0776e-02,  1.7257e+00,  5.0909e-01, -1.1354e-01, -1.3055e+00,
         4.7904e-02,  9.0881e-01,  9.9080e-02,  9.7216e-01,  2.8069e-01,
        -6.5404e-01,  4.1564e-01,  1.0489e+00, -1.5321e+00, -8.4623e-01,
        -2.5313e-01,  1.5493e+00,  7.4047e-01,  3.9304e-01,  5.7703e-01,
         1.2982e+00, -1.3720e+00,  4.9116e-01, -1.6432e-03,  6.9087e-01,
        -1.7707e+00,  4.6928e-01, -6.1277e-01, -6.2042e-01,  2.4148e-01,
        -4.6113e+00, -1.7789e+00, -3.8410e+00,  6.6216e-02,  6.4344e-02,
        -5.2411e-01, -2.1069e+00, -9.1728e-01, -1.1228e+00, -9.7413e-02,
         3.8994e-01,  4.1350e-02,  1.9193e-01,  5.6315e-01,  7.1465e-01,
        -2.8376e-01,  3.6403e-02,  8.5438e-02, -1.4698e+00,  1.7144e+00,
        -1.3924e-01, -1.1186e+00, -3.6645e-01,  7.9528e-02,  2.0583e+00,
        -1.7290e+00, -6.9546e-01,  3.2555e-01,  9.0278e-01,  9.1080e-02,
         1.1265e+00,  6.7500e-01, -1.0810e+00,  1.8072e+00, -1.5867e+00,
         7.0863e-02, -2.8884e-02, -7.7023e-01,  1.0027e-01, -8.0221e-01,
        -1.2667e+00,  5.5158e-01, -5.9421e-01,  4.5678e-01,  5.5391e-01,
         1.8986e-01, -6.5149e-01, -1.1966e+00,  7.4761e-03,  1.3393e+00,
        -4.1461e-01,  1.6598e+00,  3.2177e-02,  1.3922e+00, -4.8577e-01,
         6.2455e-01,  7.7460e-02,  1.7574e-02,  1.3434e-01, -1.9503e-01,
         1.0715e+00,  8.0813e-01, -1.4088e+00, -7.6516e-01, -7.3690e-01,
         9.6449e-01, -1.2970e-02, -8.2082e-01, -4.2244e-01,  1.0376e+00,
         9.6749e-01,  4.4687e-01,  3.7884e-02,  4.4044e-01, -2.1050e-01,
        -1.9650e+00, -1.3964e+00, -1.3393e+00, -1.2061e+00, -1.4932e+00,
        -1.5839e+00,  1.0831e-01,  1.0307e+00,  8.2305e-01,  6.3511e-01,
        -3.4434e-01, -1.2724e+00, -7.0470e-01, -5.5783e-01,  8.0282e-01,
        -4.3655e-01, -1.3134e+00, -2.0047e-01,  6.7273e-01, -8.2656e-01,
         1.6161e+00, -1.0544e+00,  6.8576e-02,  4.9873e-03,  1.4901e+00,
         1.3017e+00,  3.7977e-02,  6.4084e-01, -6.3333e-01,  8.1033e-02]), 'model.features.4.2.block.0.1.running_mean': tensor([-2.1984e-01, -9.6125e-01,  4.7228e-01,  4.4853e-03, -1.3936e+00,
        -1.4526e-01, -5.8644e-01, -9.4808e-01,  4.4175e-01,  9.7815e-01,
        -7.5768e-01, -3.9226e-01,  4.0548e-01, -2.1842e-01, -4.7573e-01,
        -8.7932e-02, -1.0279e+00, -5.0420e-01, -2.7198e-01, -1.3482e+00,
        -6.9316e-01, -5.0973e-01,  6.5432e-01, -5.0623e-01, -5.3934e-01,
        -6.5294e-01, -2.3640e-02, -3.3461e-01, -9.4832e-01,  6.3168e-01,
        -5.4512e-01, -1.0883e-01,  5.0400e-01, -6.5571e-01,  3.5758e-01,
         4.7622e-02,  4.8494e-01, -5.7819e-01,  1.7876e+00,  6.2088e-01,
        -3.2304e-01,  5.0457e-02, -8.4463e-01,  4.4458e-03, -8.5099e-01,
        -8.9103e-01, -4.1626e-01,  7.7598e-01, -1.6140e-01, -4.0735e-01,
         3.1329e-01, -7.1910e-01, -5.8500e-01, -5.9922e-01, -2.8777e-02,
        -7.0278e-02, -9.5801e-02,  1.6477e+00, -2.0035e-01, -7.2296e-01,
         2.6908e-01, -1.1663e+00, -1.0459e+00, -1.0476e+00, -1.4256e-01,
         3.2878e-01, -6.0696e-01, -5.2823e-02, -1.3227e-01,  4.0105e-01,
        -2.0063e-01, -3.8113e-01, -6.0858e-01, -6.5044e-01,  9.8543e-01,
        -2.0476e-01,  3.9567e-01, -8.6569e-01,  8.6601e-02,  4.4083e-01,
         4.0423e-01, -2.1631e-01, -8.9856e-01,  5.7761e-01,  1.6053e-01,
         1.4775e+00, -3.9910e-01, -3.9915e-01, -9.2882e-01,  4.9835e-01,
        -5.6534e-01, -4.9588e-01, -6.9447e-01, -4.7157e-01, -5.2296e-01,
         1.3636e+00, -4.9234e-01, -3.2003e-01, -1.3026e+00,  5.1848e-01,
         4.1230e-01, -1.7828e-01, -3.3168e-01,  3.0266e-01, -7.1608e-01,
        -8.8140e-01, -7.9240e-02, -8.1522e-01, -6.6193e-01, -5.4506e-01,
        -3.3023e-01, -1.2941e+00,  3.8491e-01, -5.9417e-02, -6.2942e-01,
        -1.3641e-01, -3.1741e-01,  4.4597e-01, -1.2558e+00, -6.5264e-01,
        -2.2464e-01, -7.8151e-01, -4.1734e-01, -3.6364e-01, -4.6803e-01,
        -1.0613e+00,  1.7662e+00,  3.9684e-02, -1.4304e-01,  2.1316e-01,
         4.9820e-01,  8.4667e-02,  4.7509e-01,  4.4984e-02, -6.1241e-01,
        -5.9338e-01,  1.0856e-01, -5.4863e-01, -8.5140e-01, -9.2980e-01,
        -5.4222e-01, -1.9572e-01, -2.0973e-01, -4.9842e-01, -2.6803e+00,
        -8.0543e-02,  1.7450e-01, -4.0578e-01, -1.0789e+00, -3.2607e-01,
         2.1579e-01, -1.2512e+00,  3.4001e-01, -2.1627e-01, -5.2043e-01,
         3.7810e-01,  7.7036e-02, -1.0444e+00, -9.1269e-01, -7.1639e-01,
        -1.3709e-01, -1.7262e-01, -1.9894e-01, -6.5228e-01,  6.9879e-01,
         1.2196e+00, -1.8817e-01, -6.6739e-02,  4.3352e-01,  5.6148e-01,
        -5.6367e-01, -3.9654e-01, -5.1997e-01, -2.1720e-01, -4.4312e-01,
        -4.3118e-02, -1.3282e+00, -1.2521e+00, -3.7001e-01, -4.0631e-01,
        -1.8473e+00,  2.3679e-02, -4.4875e-01,  1.7992e-01, -4.5438e-01,
        -2.1470e-01, -6.3271e-01, -1.0237e+00, -7.1693e-01,  1.1612e+00,
         3.3256e-02, -1.7941e-01, -1.8829e+00, -7.8015e-01,  2.8928e-01,
        -3.9920e-01, -8.3491e-01,  1.2902e+00,  1.6345e-01, -4.7033e-01,
        -1.9148e-01, -5.1393e-01, -2.6467e-01, -9.2034e-01, -2.6877e-01,
        -7.0924e-02,  6.9016e-01, -6.5475e-01, -1.5225e+00,  2.1342e-01,
         1.2578e-01, -3.5634e-01, -4.3322e-01,  2.5573e-01,  3.5344e-01,
        -1.9425e-01,  6.0015e-02, -3.0935e-01, -6.9605e-01,  2.4147e-01,
        -9.3771e-01,  5.8677e-01, -7.3032e-01, -1.7533e+00, -2.6653e-01,
         2.5154e-01, -3.8750e-01,  5.3909e-01, -3.4666e-01,  1.3081e+00,
         5.4267e-01, -1.8206e+00, -7.0114e-01, -1.2159e+00, -5.1398e-01,
        -1.5981e-01,  4.3117e-01, -1.5177e+00,  4.9608e-01, -1.1703e+00,
        -3.5052e-02, -2.3471e+00, -7.7600e-01, -1.0980e+00, -3.3710e-01,
        -2.4117e-01, -5.9285e-01, -2.8520e-01, -1.2344e+00,  1.4185e-01,
        -1.4064e+00, -1.8680e-01,  3.7420e-01,  8.2424e-02, -1.0029e-02,
         6.4423e-01,  5.0728e-01, -1.5305e+00, -1.5378e+00,  6.2460e-01,
         2.0293e-01, -1.5674e+00,  3.9102e-02, -5.9836e-02, -2.0480e-01,
         2.0489e-01, -2.4058e-02,  2.0776e-01,  8.9825e-01,  3.7121e-01,
         3.2179e-01,  2.9612e-01,  4.4215e-01, -5.8463e-01, -6.2052e-02,
        -6.4495e-01, -2.4517e-01, -9.2467e-01, -1.1216e+00, -1.2306e+00,
         1.5980e-01,  2.6212e-01, -3.0711e-01, -1.3520e+00, -2.5816e-01,
         4.5520e-01, -9.3585e-01, -8.8842e-01, -6.5637e-01,  3.2021e-02,
        -1.0319e+00, -7.1397e-01,  1.3864e-01,  1.6860e-01, -9.7082e-01,
         1.6680e-01, -7.9087e-01, -2.1726e-02, -4.9922e-01, -9.9573e-01,
        -9.5578e-02, -9.9115e-01, -1.7534e+00, -5.3194e-02, -1.1753e+00,
        -3.2969e-01, -6.4158e-01,  1.2404e-01,  4.0538e-01, -1.0581e+00,
         8.0054e-02, -1.4210e+00,  1.3942e+00, -6.9871e-01,  5.7343e-01,
        -8.2975e-01,  3.2914e-01,  4.6296e-01,  6.4973e-01, -1.8597e-01,
        -4.4503e-01, -7.0949e-01, -5.7965e-01, -1.1803e-01, -4.7974e-01,
        -9.6989e-01, -2.0504e-01,  8.0832e-02,  5.5138e-01, -8.2937e-01,
        -9.8065e-01, -3.2429e-01, -5.5667e-01, -8.9047e-01, -3.9651e-01,
        -9.6500e-01, -1.5601e-01,  1.2837e-01, -4.9220e-01, -1.0928e+00,
        -5.3831e-01, -3.8180e-01, -2.9729e-01, -8.7842e-02, -1.5909e+00,
        -5.7988e-01, -1.1165e-01, -2.2935e-01, -9.2933e-01, -1.0925e+00,
        -6.4428e-01, -1.0871e-01, -2.8757e-01, -1.4259e-01, -8.6865e-01,
        -1.3100e+00,  3.3931e-02, -2.8724e-01, -6.5151e-01, -5.7001e-01,
        -3.9752e-01,  4.8019e-01, -5.1567e-01, -6.6474e-01,  9.7472e-01,
        -3.9099e-01, -1.5515e+00, -3.9276e-01, -1.3458e-01,  5.0680e-01,
        -1.1702e+00,  6.2715e-02, -2.9636e-01, -6.3669e-01,  2.3137e-01,
        -1.4832e+00, -4.8460e-02, -1.2776e-01,  1.2720e-02, -5.2982e-01,
         6.8025e-01, -3.7775e-01,  5.1516e-01, -1.2026e-01, -8.7604e-01,
         5.9854e-01, -1.6357e+00, -1.3480e-01,  5.6978e-01,  1.5472e-01,
        -8.4181e-01, -1.9866e-02, -3.5656e-02, -7.3377e-01, -5.1359e-01,
        -5.8385e-01, -6.3419e-03, -8.1257e-01, -3.2298e-01,  1.1747e-01,
        -1.7577e+00, -5.1088e-01, -2.9785e-01, -5.4633e-01, -1.0549e-01,
        -8.0574e-01, -1.3485e-01, -9.2056e-02,  6.0366e-01, -5.8206e-01,
         8.4654e-04, -5.1249e-01,  1.2670e-01, -1.2362e+00, -4.0771e-01,
        -1.4996e+00,  1.8179e-02, -6.3015e-01,  3.4879e-02,  8.7693e-01,
         3.7026e-01, -1.0178e+00, -7.5643e-01,  1.0824e-01,  1.7952e-01,
        -4.5927e-01,  3.6605e-01, -2.0129e-02, -7.1478e-01, -4.3160e-01,
         2.7054e-01,  9.2490e-02,  5.0185e-02, -2.7353e-01, -1.2631e-01,
         1.9987e-01,  2.0222e-02, -2.6273e-01, -7.7550e-01, -1.3304e+00,
         5.2163e-01, -2.0181e-02, -9.7320e-01,  6.7649e-02, -5.3819e-02,
        -1.2111e-01, -3.0758e-01, -1.2428e+00, -1.4260e-01,  5.0385e-02,
        -1.6908e+00, -1.2336e+00, -1.1195e+00, -2.3640e-01, -1.8279e+00,
         9.5888e-02, -1.4673e+00,  6.4600e-01, -3.0766e-01, -2.2988e-01,
        -3.5238e-01, -3.2667e-01, -4.7440e-01, -7.5682e-01, -2.3864e-01,
         1.7534e-02, -1.6022e+00, -1.0543e-01,  6.2995e-01, -1.8436e+00,
         1.1830e+00,  9.6613e-02, -7.7699e-02,  8.1484e-01, -7.2827e-01,
        -2.3109e-02,  2.5198e-01, -7.0356e-01, -3.7819e-01,  8.7180e-01]), 'model.features.4.2.block.0.1.running_var': tensor([ 23.6849,  16.2592,  18.4004,  42.7427,  16.2949,  30.4679,  23.7738,
         21.4305,  28.4097,  49.8107,  36.2435,  23.7163,  28.3488,  26.9997,
         43.4195,  16.4070,  54.3853,  30.3648,  29.8761,  26.6275,  32.9640,
         20.7854,  28.0759,  44.3662,  26.0039,  40.7163,  43.8246,  29.1094,
         39.3246,  67.8302,  25.0079,  43.3550,  27.3644,  45.6893,  27.8954,
         20.6637,  26.6907,  37.5931,  15.5355,  29.9002,  41.6187,  39.0994,
         18.9063,  41.7120,  52.7772,  43.3512,  39.0244,  32.1017,  23.7118,
         48.3896,  29.9885,  30.3095,  43.5991,  29.8365,  23.4380,  36.1726,
         48.8661,  14.0824,  48.9028,  40.6238,  45.2725,  40.5377,  43.9502,
         26.0766,  39.2902,  22.1780,  31.5307,  29.4427,  18.8292,  39.4924,
         48.4788,  46.0505,  21.6300,  26.4064,  44.4593,  19.1005,  27.8379,
         31.6285,  19.4530,  33.0013,  59.0545,  17.1972,  42.6622,  57.2262,
         29.0603,  14.9639,  34.9849,  29.5347,  36.3282,  52.8852,  38.8353,
         22.0144,  17.8435,  31.0240,  34.3184,  23.2588,  33.1194,  25.8713,
         35.5728,  30.2969,  18.7709,  37.9947,  43.4900,  16.6971,  29.2437,
         76.6855,  17.8820,  51.5051,  64.2645,  30.7137,  24.5170,  17.2593,
         81.3407,  25.9323,  32.6646,  77.2138,  35.7462,  38.5025,  51.5585,
         79.1000,  35.4694,  36.9490,  14.7888,  53.1017,  25.7746,  28.0298,
         20.0396,  52.9576,  21.8049,  26.0365,  28.3187,  15.8013,  21.2472,
         30.7456,  40.5864,  43.1116,  42.9746,  19.7196,  56.3536,  32.1159,
         23.9785,  37.1186,  28.0195,  22.7543, 103.7815,  30.2759,  94.9552,
         22.1849,  18.7882,  31.7534,  36.4200,  17.7411,  23.4736,  28.0669,
         41.9351,  55.6915,  31.3801,  39.8151,  42.2998,  23.2272,  49.2053,
         46.9383,  19.5839,  25.5459,  43.3704,  14.9401,  16.8365,  25.4574,
         27.6337,  29.4739,  37.0968,  30.2398,  54.1274,  23.5505,  27.7696,
         61.8075,  25.6385,  28.7259,  37.7971,  22.7908,  24.2215,  15.7519,
         17.0373,  19.0449,  31.3049,  32.0336,  20.6892,  22.9621,  34.5946,
         25.9549,  90.3796,  53.7083,  37.0218,  28.4247,  29.3789,  56.9276,
         30.7138,  16.6034,  54.4153,  33.3914,  27.2124,  30.2477,  23.9347,
         26.1062,  72.8092,  44.7783,  60.7165,  72.2306,  32.8105,  33.1560,
         30.1054,  40.3747,  23.6974,  44.6442,  45.2946,  26.9791,  19.0740,
         43.9086,  25.6826,  51.6061,  41.0032,  46.2787,  27.0437,  12.4605,
         85.6649,  54.1239,  42.3040,  42.6546,  34.7349,  34.1651,  28.8902,
         48.7968,  36.8657,  45.4264,  44.9232,  61.4778,  69.7651,  32.2209,
         63.8022,  26.2133,  39.4004,  45.9087,  30.8585,  33.9900,  28.1800,
         38.6840,  42.0699,  15.2748,  39.5347,  45.1800,  32.2755,  25.6236,
         20.2672,  25.7892,  21.4148,  20.5468,  36.3575,  26.5203,  27.6819,
         30.4345,  67.8767,  35.0881,  40.3699,  14.8364,  34.0475,  35.5442,
         34.5078,  69.6679,  26.2649,  41.4151,  29.0331,  26.0548,  37.9978,
         29.3974,  46.7173,  47.2416,  37.5603,  36.5001,  64.9192,  17.0413,
         26.8724,  42.3781,  92.7645,  23.5960,  30.8025,  23.4466,  30.3772,
         37.6542,  56.7828,  27.8834,  29.1727,  80.0160,  27.9811,  40.9505,
         42.2672,  27.5899,  62.6790,  32.5965,  13.6257,  17.5559,  26.3249,
         23.1567,  33.6911,  42.0580,  29.1970,  19.7221,  31.7710,  33.3443,
         96.9042,  39.1362,  46.1751,  26.7607,  27.9485,  27.5706,  22.8550,
         28.2168,  59.8772,  23.3129,  19.9844,  22.8054,  51.8640,  78.8506,
         18.3203,  16.9451,  35.1035,  29.1374,  17.3855,  37.6252,  31.6154,
         26.4060,  19.7682,  76.6371,  18.5814,  24.5745,  18.8921,  21.2013,
         23.6046,  67.2318,  77.8723,  43.3272,  16.4025,  43.2680,  27.7763,
         95.5197,  41.2755,  22.0709,  38.7823,  55.4691,  25.5219,  33.3055,
         19.6469,  55.1531,  20.6270,  24.8430,  47.6981,  30.4112,  20.1972,
         38.3667,  20.5049,  19.1711,  37.4513,  25.9337,  30.1935,  45.9047,
         41.1886,  17.2361,  24.3714,  29.9451,  43.3622,  32.5545,  25.4364,
         47.7635,  20.1954,  54.2404,  31.4396,  35.6759,  72.8856,  42.6405,
         19.1876,  30.0581,  49.5627,  45.0049,  36.0613,  32.2038,  30.9158,
         21.1769,  32.4958,  27.5169,  71.6085,  22.3268,  32.3362,  29.3721,
         31.0773,  16.8044,  40.5312,  37.5348,  33.6555,  27.8709,  20.5775,
         10.6311,  12.5770,  32.5294,  41.0412,  53.8717,  32.2503,  18.0881,
         22.9784,  41.2082,  28.3993,  46.3800,  31.4537,  30.7376,  22.9073,
         14.0550,  25.4362,  17.0249,  33.7275,  38.8379,  23.5904,  22.6610,
         33.0692,  51.8418,  37.0468,  26.5674,  23.4853,  13.3235,  26.3775,
         21.0575,  19.4195,  31.4785,  38.7172,  34.2215,  18.7929,  24.5215,
         28.4279,  38.8315,  43.2884,  56.5145,  42.2280,  26.3511,  35.7074,
         64.1684,  55.9209,  44.0471,  25.3961,  36.9820,  20.9910,  25.0066,
         36.9552,  20.6480,  25.1809,  22.4648,  27.2083,   8.9231,  32.2753,
         59.0651,  28.8810,  38.8415,  26.7513,  26.3993,  30.1898,  29.9968,
         38.5590,  21.5595,  14.7542,  21.4275,  18.9318,  18.9470,  21.8240,
         31.0994,  23.8740,  26.8536,  27.4849,  18.7583,  31.6428,  22.4229,
         37.4101,  17.9238,  32.6737,  31.8598]), 'model.features.4.2.block.0.1.num_batches_tracked': tensor(703214), 'model.features.4.2.block.1.0.weight': tensor([[[[ 7.0399e-02, -1.8463e-01,  1.0719e-01],
          [ 1.9317e-01, -1.2913e-01,  1.4762e-01],
          [ 2.1344e-02, -2.0000e-01,  3.1961e-02]]],


        [[[ 3.0317e-02,  5.4735e-02,  7.4773e-03],
          [ 4.8702e-02,  1.8414e-01,  3.8158e-02],
          [ 7.5272e-03,  5.5671e-02,  6.6451e-03]]],


        [[[-1.2932e-01, -6.1880e-02, -9.6402e-02],
          [-9.1867e-02,  5.5675e-02, -9.1487e-02],
          [-8.6813e-02, -9.9545e-02, -9.7479e-02]]],


        ...,


        [[[ 1.5704e-02,  6.6018e-02, -6.8442e-05],
          [ 2.0621e-02,  2.5211e-01,  8.7706e-02],
          [-1.2371e-02,  6.0434e-02,  3.6218e-02]]],


        [[[-3.8097e-02, -2.7213e-01, -5.7015e-02],
          [ 1.8419e-01,  2.0020e-01,  1.7449e-01],
          [-2.2965e-02, -2.5672e-01, -5.6927e-02]]],


        [[[ 1.1223e-02, -8.0563e-02,  3.2628e-03],
          [-5.0806e-02, -2.3552e-01, -1.0035e-01],
          [ 4.7289e-02, -1.2413e-01,  2.1494e-02]]]]), 'model.features.4.2.block.1.1.weight': tensor([1.3655, 0.6727, 1.4039, 2.0653, 1.5968, 0.7515, 1.3142, 1.6724, 0.7424,
        0.3202, 0.4200, 1.0410, 0.4221, 1.9259, 1.1200, 1.1479, 0.9981, 1.0946,
        1.6352, 3.0463, 0.9583, 0.8771, 1.5355, 0.7991, 0.7883, 1.0061, 1.3551,
        0.6571, 0.9352, 1.0168, 0.7689, 1.3548, 1.0536, 1.3299, 1.5430, 1.1673,
        1.1265, 1.2596, 1.3723, 1.3445, 1.0289, 1.7179, 1.2091, 1.2855, 1.5100,
        1.1356, 2.6539, 1.8670, 1.4046, 1.8124, 0.6534, 1.2597, 1.4130, 0.2962,
        1.4626, 0.9476, 1.9833, 1.6764, 0.9363, 0.1856, 0.3888, 1.2632, 0.8843,
        0.9744, 1.2443, 1.0420, 1.0895, 1.3741, 1.6507, 1.1265, 0.5566, 0.9017,
        1.3517, 0.9903, 1.4206, 1.2071, 0.2958, 1.2477, 0.8932, 1.2765, 1.2823,
        1.5333, 0.8832, 1.0820, 0.9452, 1.5566, 0.6587, 0.8467, 0.4387, 3.9662,
        1.1916, 1.1298, 1.2755, 0.7328, 0.4404, 1.4530, 1.1976, 0.7597, 1.1873,
        1.4490, 2.0731, 2.5699, 2.2327, 1.2677, 0.9402, 2.1616, 0.9811, 1.4562,
        1.1914, 1.6677, 1.2880, 2.8351, 1.8177, 1.7320, 0.9094, 2.0971, 1.6266,
        1.0494, 0.9271, 3.2119, 2.0872, 2.7711, 0.5114, 0.9596, 0.3013, 0.3262,
        1.4840, 0.6604, 0.5002, 1.0985, 0.9523, 0.7597, 0.9443, 1.5198, 1.2078,
        1.9474, 1.8513, 0.6942, 0.8506, 1.0569, 2.1176, 1.1604, 2.0687, 0.6433,
        3.0579, 0.7885, 0.7253, 0.4251, 0.1622, 1.7312, 0.7549, 1.0976, 0.9360,
        1.1915, 2.2511, 2.7628, 1.1816, 1.2235, 0.7408, 0.7404, 0.9081, 0.7802,
        0.8839, 1.1881, 2.5439, 1.4312, 0.9623, 0.8347, 1.5548, 2.1143, 1.0463,
        1.1721, 2.6502, 0.9822, 1.2136, 1.4195, 0.6497, 0.7092, 1.8632, 2.2258,
        1.1785, 0.5603, 1.1848, 2.3743, 1.0514, 1.7517, 0.4737, 1.4758, 0.5116,
        2.3232, 2.4558, 0.8699, 0.2947, 0.1968, 1.2937, 1.9757, 1.5026, 1.5992,
        2.1053, 0.7049, 1.1475, 1.2291, 0.9793, 1.2383, 0.8363, 1.2983, 2.4300,
        1.1340, 0.8853, 1.1960, 1.7464, 1.4121, 1.4028, 1.6399, 5.5624, 1.3478,
        1.2680, 0.9710, 0.9019, 2.0000, 1.2392, 2.1974, 1.0748, 0.6636, 1.0797,
        2.5316, 0.3695, 0.7693, 1.8449, 0.9696, 0.7757, 2.5692, 1.8811, 1.8354,
        1.8469, 3.3295, 2.0422, 4.9610, 0.9914, 1.2210, 2.4155, 1.0332, 0.8110,
        1.2439, 0.3145, 0.9540, 2.4418, 0.2223, 0.2900, 0.6146, 0.4062, 1.2024,
        1.3442, 1.2217, 0.7927, 1.0064, 1.6084, 1.3942, 0.4570, 1.5705, 1.8503,
        2.7934, 1.2675, 1.3956, 1.5130, 0.8494, 1.7878, 1.4758, 0.6950, 1.4487,
        2.1474, 0.7289, 0.9374, 0.1906, 1.8078, 0.3695, 1.7505, 0.8878, 0.4265,
        0.3555, 0.7687, 2.4075, 1.4764, 1.6166, 1.2365, 1.6158, 0.7275, 0.1937,
        1.8248, 1.2289, 1.4807, 1.4808, 1.6229, 2.3927, 1.0444, 1.7658, 3.8523,
        1.1708, 1.2367, 1.1163, 0.5307, 0.2069, 1.0196, 2.5041, 1.3004, 1.0400,
        1.2377, 1.7882, 2.0111, 0.6557, 0.6582, 0.9250, 1.0288, 1.1167, 0.6832,
        0.9191, 1.3975, 1.1221, 1.3958, 1.1087, 1.7617, 1.4396, 0.7480, 0.8378,
        1.5599, 0.6772, 1.3385, 1.4392, 1.9295, 0.8669, 1.1946, 2.8626, 1.0036,
        0.8035, 1.1723, 1.2587, 1.1503, 1.9569, 1.9843, 0.6996, 1.2054, 1.9489,
        1.1505, 3.5517, 1.7178, 0.8395, 1.6565, 0.6975, 0.2641, 0.2322, 0.8966,
        1.6945, 1.4010, 1.4511, 0.7444, 1.2687, 1.4042, 1.4468, 0.4533, 1.0272,
        0.5148, 1.3699, 0.8847, 1.7217, 1.4073, 1.1170, 0.2666, 0.6858, 1.1922,
        1.5469, 1.5989, 1.1127, 1.1558, 0.4972, 0.9827, 3.8011, 2.7660, 4.8222,
        0.8168, 1.3394, 1.5273, 4.2691, 1.3132, 0.4386, 1.3065, 1.2027, 1.0835,
        1.0394, 2.6406, 1.1619, 1.2003, 1.8730, 0.9552, 0.5518, 1.5921, 1.0788,
        0.9505, 0.4464, 2.3810, 1.2382, 1.1518, 1.6811, 0.7632, 0.9990, 1.2207,
        1.3341, 1.5919, 0.3516, 0.9346, 2.2455, 1.4535, 1.2734, 1.1913, 0.3906,
        0.9990, 0.7557, 1.2540, 3.1006, 1.0423, 1.2826, 1.0737, 0.6754, 1.1665,
        1.4072, 1.4009, 0.4612, 0.9039, 0.9707, 1.2011, 1.2125, 1.4571, 1.1672,
        1.2005, 0.4265, 2.4644, 1.1363, 0.8616, 2.3254, 0.4938, 0.4776, 1.0112,
        1.6648, 3.4235, 2.4679, 1.1907, 0.5299, 2.7885, 1.6678, 1.5395, 1.1510,
        1.5817, 0.9413, 0.5708, 0.9462, 1.2358, 1.6514, 1.3519, 1.3704, 1.0452,
        1.1701, 1.3416, 1.7456, 1.5161, 1.6671, 0.8083, 1.4490, 1.1971, 0.8757,
        1.2456, 0.9593, 1.5184, 0.7134, 1.5768, 1.1673, 0.9226, 1.3319, 0.8489,
        1.0119, 0.2204, 1.4770]), 'model.features.4.2.block.1.1.bias': tensor([-1.2312e+00, -1.0840e+00, -1.1324e+00, -9.1314e-02, -3.4935e+00,
         1.1786e+00, -4.9297e-01, -7.7295e-01,  1.1721e-01,  9.0406e-01,
         3.3045e-01, -2.2422e+00,  4.7151e-01, -1.4255e+00, -3.0983e-01,
         4.7674e-01,  2.4731e-01, -5.2381e-01, -1.6501e+00, -1.8855e+00,
        -2.0782e-01, -1.6028e+00, -1.4590e+00,  1.3059e-01, -5.1960e-02,
        -7.4637e-01, -8.5365e-01,  2.0131e-01, -2.5615e-01, -5.9109e-01,
         3.0710e-01,  9.4538e-02, -1.1002e+00, -1.7313e+00, -8.1500e-01,
        -1.0558e+00, -8.0717e-01, -1.0438e+00, -1.4452e+00, -1.0906e+00,
         3.0445e-02, -1.1697e+00, -2.5015e-01, -7.5681e-01, -1.6717e+00,
         1.1049e-01, -2.4003e-02,  4.7923e-01, -8.8503e-01, -1.5434e+00,
         1.3172e-01, -2.2332e+00, -2.3855e+00,  7.6394e-01, -1.1194e+00,
         2.3012e-02, -9.5597e-02, -1.0121e+00,  4.6485e-01,  9.7363e-01,
         5.8372e-01, -6.9639e-01, -7.7737e-01, -2.1254e-01, -2.0421e+00,
        -1.5580e+00, -1.2414e+00, -8.7845e-01, -1.8137e+00, -1.1681e+00,
        -6.2225e-01, -2.0289e-01, -1.6163e+00, -1.5521e+00, -1.2322e+00,
        -9.4973e-01,  3.7590e-01, -3.3097e+00, -1.2580e+00, -1.8778e+00,
         1.2863e-02, -4.4521e-01, -1.7819e+00, -1.4015e-01,  8.2117e-02,
        -9.2975e-01,  4.6550e-01,  3.6195e-01, -5.3670e-02,  5.4370e-01,
         6.0650e-01, -2.6210e+00, -1.9186e+00, -2.9820e-02,  3.0037e-01,
        -1.8722e+00, -6.3227e-01, -1.3087e+00, -2.0674e+00, -1.2765e+00,
        -8.9944e-01, -7.6843e-01, -1.0461e+00, -1.1517e+00, -6.8165e-01,
         4.1793e-01,  4.4872e-01, -8.8935e-01,  2.6157e-01, -5.2248e-01,
        -1.6879e+00, -3.7791e+00, -1.3043e+00, -1.0985e+00, -2.4217e-01,
        -4.0839e-01, -1.9435e+00, -4.0706e-02, -4.6575e-01,  1.1474e+00,
         2.1712e-01, -1.0526e+00,  3.2070e-01,  1.3925e-01,  5.0679e-01,
         2.7258e-01, -9.4291e-01,  2.9289e-01,  4.4459e-01, -1.0626e-01,
        -1.2671e+00, -1.1150e+00, -1.2738e+00, -5.5649e-01, -1.1973e+00,
        -1.2821e+00, -1.5816e+00,  7.8039e-01, -1.0370e+00,  1.0312e-01,
        -1.4418e+00, -5.8525e-02, -1.6421e+00, -5.7913e-01, -2.0065e-01,
         8.7109e-01,  4.1405e-01,  1.9606e-01,  6.3167e-01, -6.8418e-01,
         6.8460e-01, -2.0748e+00, -4.6166e-01, -1.3758e-01, -7.2885e-02,
         4.8053e-01, -1.9189e-01, -1.9554e+00, -3.2051e-04,  7.6250e-02,
        -1.0497e-01, -4.0775e-01, -1.3696e+00, -1.5386e+00, -1.0817e+00,
        -1.3401e+00, -1.2698e+00, -2.4818e+00,  3.5235e-02, -1.8074e+00,
         6.4394e-01, -1.2212e+00, -3.0142e+00,  5.8690e-01, -1.7260e+00,
        -2.5531e+00,  2.7388e-01, -8.2783e-02, -1.7766e+00, -1.0325e+00,
        -2.4375e+00,  8.8999e-01, -1.4390e+00, -5.9350e-01, -3.9581e-01,
        -1.0889e+00, -9.0661e-02, -9.3418e-01,  2.8038e-01, -2.7639e+00,
        -1.4351e+00, -3.9019e-02,  7.7840e-01,  8.7319e-01, -7.5028e-01,
        -1.2422e+00, -1.3675e+00, -1.8308e+00, -1.7016e+00, -4.4217e-02,
        -8.0788e-01,  1.1512e-01, -1.6508e+00, -3.5868e+00, -5.4511e-01,
        -8.7210e-01, -9.8111e-01,  1.5918e-01, -2.8543e+00, -8.6160e-01,
        -7.4907e-01, -8.5230e-01, -6.6040e-01,  1.2435e-02, -1.9527e+00,
        -1.1038e+00, -1.0367e+00, -6.7747e-01, -1.2726e+00, -5.7836e-01,
        -9.7498e-01,  6.5310e-01, -3.7501e+00, -3.4421e-01, -3.0646e-01,
         7.3104e-01,  3.9136e-01,  6.5604e-01, -1.0645e+00,  4.5169e-01,
        -6.1079e-01, -2.0294e-01, -1.2422e+00, -3.3697e-01, -6.9990e-01,
         1.7308e-01, -1.6609e+00, -2.5918e+00, -5.3949e-01, -7.6253e-01,
        -3.5583e-01,  4.0342e-02,  2.1846e-01, -1.1880e+00,  4.0513e-01,
        -2.8798e-01, -2.3137e+00,  3.8547e-01,  2.5352e-01,  2.0970e-01,
         2.0276e-01,  1.0440e+00, -1.4391e+00, -8.7969e-01, -1.1391e+00,
        -1.2488e+00, -1.4676e+00, -9.6183e-01, -1.2962e-01, -1.4095e+00,
        -1.1883e+00, -4.3090e-01, -6.4296e-02, -9.6810e-01,  6.6284e-01,
         2.9357e-01, -3.3927e-01, -6.4616e-01, -3.0950e-01, -6.6126e-01,
        -9.3739e-01, -2.0733e-02,  2.8295e-01,  6.5735e-01, -1.5999e+00,
         5.2999e-01, -5.5672e-01, -8.0552e-01, -2.7142e-01,  4.8342e-01,
        -1.8214e-02,  7.5712e-02,  7.7809e-01, -1.0857e+00, -1.1220e+00,
        -5.6121e-01, -1.1971e-01,  9.4735e-01, -1.0997e+00,  1.5596e-01,
        -9.6851e-01, -2.5062e+00, -1.0514e+00, -2.9768e+00, -1.6144e+00,
        -2.9590e-01, -1.8452e-03, -4.3584e-01, -2.0993e+00, -1.8994e+00,
         5.1971e-01,  7.0115e-01, -2.5427e+00,  1.4017e-01, -1.2690e+00,
        -1.1070e+00, -1.1267e+00,  1.1587e-01, -1.4283e+00,  1.2899e-01,
         2.7911e-01,  2.3377e-01, -1.3510e+00, -2.3917e+00,  2.8803e-01,
        -9.9017e-01, -4.5936e-01, -1.2417e+00, -1.7197e+00, -1.5194e+00,
        -9.9247e-01,  4.4594e-01, -3.6325e-01, -6.4122e-03, -5.0699e-01,
        -4.8010e-01, -2.7617e+00, -1.9205e-01, -2.1142e+00,  2.5471e-02,
        -1.9694e+00,  1.4822e-01, -8.9305e-01, -1.4853e+00, -1.5399e+00,
        -2.1641e+00, -1.4905e+00, -1.3914e+00, -8.8511e-01, -3.6668e-01,
        -2.5029e+00, -2.9548e-01,  4.7446e-03,  5.0717e-01,  1.9175e-01,
         1.2802e-01, -2.1740e+00,  1.4243e-01,  6.2343e-01,  6.3165e-01,
        -2.8171e-01, -1.0680e+00, -7.9023e-01, -1.3562e+00, -1.1969e-01,
        -1.4386e+00, -8.3651e-01, -1.2118e+00,  4.0240e-01, -3.0286e+00,
         6.6355e-01, -1.4389e+00,  5.2312e-01, -7.7406e-01, -1.9950e+00,
        -1.2010e+00,  6.7741e-01,  2.4499e-01, -5.0889e-01, -1.7138e-01,
        -7.0131e-01,  2.4149e-01, -4.5660e-01,  2.6139e-01, -1.1654e+00,
        -1.7014e+00,  3.7521e-01, -6.3405e-01, -9.8519e-01, -2.0965e+00,
        -4.6375e-01, -6.1072e-01, -1.3198e+00,  4.1135e-01, -1.7480e-01,
        -1.1130e+00, -9.6066e-01, -1.0907e+00, -2.7658e-01, -4.1210e-01,
        -7.5849e-01, -9.1116e-01, -1.0797e+00,  9.2091e-02, -3.9342e-01,
         2.8331e-01,  1.0225e-02, -2.2577e-02, -2.3653e+00,  6.7299e-02,
        -1.7003e+00, -1.1310e+00,  3.4766e-01,  2.7880e-02, -4.2098e-01,
        -1.9757e+00, -1.0177e+00,  2.1534e-01, -1.2291e+00,  3.0159e-01,
        -6.4635e-01,  3.5117e-01, -3.9721e-01,  4.0250e-01, -3.0732e+00,
        -2.2968e+00, -1.2544e+00, -5.4112e-01, -1.3002e+00, -1.4969e+00,
        -1.2424e-02, -1.4471e-01, -6.9499e-01, -8.0899e-01, -1.1498e+00,
         2.5216e-01, -1.2575e+00, -1.1390e+00, -2.3124e+00, -4.2923e-01,
        -9.7678e-01,  6.4347e-01, -2.6179e+00,  1.4131e-01, -2.4159e-01,
        -1.6283e+00,  3.4810e-01,  1.9980e-01,  2.8682e-01,  3.8589e-01,
        -1.2475e+00, -1.1903e+00,  2.4242e-01, -6.1203e-02, -1.4321e+00,
         3.2998e-01, -1.4549e+00, -7.4441e-01, -8.0265e-01, -2.8847e+00,
        -1.9831e+00, -1.1515e-02,  3.3348e-01,  2.5003e-01, -2.4999e+00,
        -4.1913e-02, -1.5445e+00,  2.8382e-02, -1.6308e+00, -1.5650e+00,
        -1.8710e+00, -4.7038e-01, -1.8321e+00, -2.0951e+00, -1.2539e+00,
        -1.2258e+00, -1.7904e+00, -5.6720e-01, -1.6038e+00, -6.6282e-02,
        -1.8219e+00, -2.2110e-02, -8.9937e-01, -4.9407e-01, -4.4395e-01,
        -1.1395e+00,  2.4161e-01, -2.1944e+00,  6.4513e-01, -8.7882e-01]), 'model.features.4.2.block.1.1.running_mean': tensor([ 2.5243e-02, -6.3630e-02, -2.6266e-01, -4.4599e-02,  1.4246e-03,
         3.4123e-03, -2.3874e-02,  7.3480e-02, -9.3197e-03, -1.7774e-01,
         1.7172e-03,  9.7646e-02,  5.8173e-03, -3.5826e-01, -4.2974e-02,
        -1.7893e-02,  1.9720e-01, -2.0932e-02, -5.1693e-01, -4.6179e-02,
         4.6069e-02,  6.1826e-02, -1.0979e+00, -5.8804e-02, -2.5912e-02,
        -2.2747e-01, -8.5749e-02, -5.6732e-02, -1.3319e-02,  1.0723e+00,
        -3.6521e-01,  5.7054e-01,  7.7942e-01,  4.0903e-01, -2.3679e-01,
         2.2307e-02, -3.0191e-01,  5.8771e-01, -1.1171e+00, -6.5821e-01,
        -2.7909e-02, -5.6130e-01,  2.8613e-02,  3.1245e-02, -1.0185e+00,
         4.9540e-01, -3.5301e-02, -3.9087e-02, -3.2927e-03, -6.8375e-01,
        -2.6272e-01, -8.0559e-02, -8.7195e-03,  1.4152e-02, -3.6659e-01,
         7.5384e-02, -7.4684e-02, -6.4904e-01,  1.6522e-01, -9.5489e-02,
         3.9171e-02,  4.1412e-01, -8.9439e-03, -2.8594e-01,  1.2120e-01,
        -7.8938e-03, -3.8911e-02,  5.3907e-04, -7.8650e-01, -3.9756e-02,
         2.7356e-02, -1.4919e-03, -3.9500e-02, -2.3483e-02, -3.0788e-01,
         8.8147e-03,  7.1944e-02, -8.7508e-02,  8.4806e-03,  4.7921e-02,
        -1.0180e-02, -1.5180e-02, -8.8672e-02, -1.1273e-01, -2.3973e-01,
        -3.5484e-01, -2.7182e-01,  1.6706e-02, -3.4721e-02, -5.0705e-02,
         4.1887e-01, -1.7028e-02,  1.9540e-01, -2.7132e-01, -1.4270e-01,
        -5.5959e-01, -1.6283e-01, -8.8987e-03,  4.4870e-01, -4.3014e-01,
         2.1097e-02, -7.3566e-02, -2.8936e-01, -4.4812e-01, -1.4229e-01,
        -4.6825e-02, -2.3787e-03, -2.3129e-01, -1.1944e-02, -1.9084e-01,
         8.5785e-02, -9.9496e-03, -5.9461e-01, -3.1658e-01, -1.5974e-02,
         4.6103e-01,  1.3410e-02,  4.0602e-02, -1.4026e-01, -5.1693e-02,
        -8.0755e-02, -1.6271e-02, -5.6680e-03, -2.0774e-02, -8.1123e-02,
        -2.9119e-02, -3.2847e-01, -6.0232e-02, -8.0107e-02,  1.0052e-02,
        -1.0271e-01, -3.6279e-03, -2.4240e-01, -2.0917e-02,  1.5981e-02,
        -5.0919e-01, -6.0014e-01,  3.8967e-02,  9.0131e-02,  1.7436e-01,
         1.6965e-01,  4.5283e-01, -2.2543e-01,  3.2384e-03, -1.9599e-02,
        -1.2223e-04,  6.9741e-01, -7.7825e-02, -1.9345e-02, -7.5758e-02,
        -2.9035e-02,  7.3028e-02, -4.0915e-01, -1.8188e-01, -4.7608e-02,
        -6.2224e-02, -4.0046e-02,  9.3371e-01, -4.7228e-02, -1.2374e-01,
         3.5636e-01,  1.2937e-01, -2.9218e-03,  1.1943e-01, -4.3853e-02,
        -8.6229e-01,  1.2636e-01, -8.9686e-02, -2.9320e-03, -6.6360e-01,
        -1.0614e-01, -5.1602e-02, -1.5547e+00,  5.6816e-01, -1.3425e-03,
        -2.9286e-02, -1.2829e-01,  4.4652e-02, -6.2265e-01, -5.0616e-02,
        -1.8424e-01,  7.9216e-03, -8.2675e-01, -4.4179e-01,  1.6020e-01,
        -5.9824e-01, -1.1238e-01, -8.7770e-02, -5.1356e-02, -1.0169e+00,
        -9.0512e-01, -3.9109e-03,  3.2913e-03, -7.2963e-04,  1.2753e-03,
        -6.4061e-01,  9.8245e-01, -7.2260e-01, -8.7063e-01,  8.3929e-03,
         5.1998e-01, -9.3320e-02, -6.9479e-03, -1.1658e-01,  2.4483e-01,
        -8.0201e-01, -1.5828e-01, -6.8156e-03, -1.3721e-01,  7.0436e-04,
        -4.5720e-01, -5.4324e-01,  2.6858e+00, -8.1370e-03, -2.0436e-03,
        -6.1320e-01, -8.4646e-03, -1.5503e-02, -3.1441e-02, -4.4418e-01,
        -4.2342e-01, -7.3226e-02,  1.5272e-02,  1.7178e-01, -6.1076e-01,
        -6.9924e-02,  9.0660e-02, -1.6176e-01, -8.0116e-04, -4.7789e-03,
         1.0086e-01, -4.0687e-02, -2.0178e-01, -3.9552e-02, -1.1707e+00,
        -1.9071e-02, -1.3029e+00, -9.4625e-03,  9.5403e-01, -2.1501e-02,
        -1.2961e-01, -1.8623e-02,  8.3292e-03, -3.3737e-03,  4.2188e-02,
        -3.0816e-01, -9.1305e-01, -3.6159e-02, -3.9661e-02, -3.4048e-02,
        -2.3322e-03,  1.5947e-02, -3.2684e-02, -4.9441e-01,  3.0602e-02,
        -3.1033e-02, -3.7511e-01, -6.8899e-02, -6.8851e-02, -1.8309e-01,
        -6.7933e-01, -1.5201e-02, -2.2767e-01, -4.3004e-01,  2.0300e-01,
        -3.7184e-01,  3.3502e-03,  6.2301e-01,  1.1581e-02, -2.2367e-01,
        -2.8870e-01,  1.4771e-01,  2.1397e-02,  7.0741e-02, -6.3337e-01,
        -9.3336e-03, -5.9364e-02, -3.4142e-02,  3.4556e-01, -1.4150e-01,
         9.1853e-02, -1.6481e-02,  3.1046e-01,  1.0724e-01, -3.8026e-01,
        -3.2388e-02, -3.8008e-03,  3.1614e-02, -5.8775e-02, -4.6190e-01,
         5.3383e-02,  3.3990e-01, -6.7904e-03, -7.2099e-01, -2.2558e-02,
        -1.8741e-01, -6.7348e-02, -4.5032e-01,  2.8465e-01,  1.7691e-03,
        -8.0511e-02,  6.7248e-02, -1.1087e-01, -4.1368e-02, -5.9852e-02,
        -1.6881e-02, -2.1179e-01, -4.6247e-03, -1.2645e+00,  1.0111e-01,
        -6.0829e-03,  2.7954e-01, -8.2265e-01, -1.5969e-02, -2.7912e-02,
         7.0244e-04, -7.5716e-02, -4.8093e-01, -9.7722e-02,  1.0785e-02,
         1.6679e-02,  7.3965e-03, -3.5874e-01, -9.9461e-02, -4.9041e-03,
         2.6566e-02,  2.0536e-01, -1.6067e-02, -4.4949e-01, -3.1198e-02,
        -4.5650e-02, -4.1159e-02, -8.6997e-02, -2.5498e-02, -7.6555e-02,
         9.8684e-02, -8.0810e-04, -8.7021e-01, -1.8282e-02, -3.6704e-02,
         9.9851e-03,  4.7060e-03, -2.4013e-01, -1.1145e-01, -5.8687e-02,
         1.2776e-01, -1.2907e+00,  2.0703e-01, -8.6995e-02,  3.6308e-02,
         1.9362e-02, -8.0057e-01, -2.6460e-03, -5.3694e-02,  1.8137e-01,
        -7.6358e-02, -1.4074e-01, -4.8862e-01,  1.0540e-01, -8.9380e-02,
        -6.2570e-02, -9.0008e-01, -2.9430e-01, -6.9188e-01, -2.0439e-01,
         4.0196e-02,  3.5892e-02, -2.6463e-01, -1.8314e-01, -2.9911e-01,
        -5.7278e-02,  2.2941e-01, -1.5426e-01,  2.8185e-02, -3.2032e-03,
        -1.9166e-02, -4.7027e-02, -7.7356e-03,  7.0771e-03,  3.9916e-02,
         2.9222e-02,  1.3737e-03, -1.0466e-01, -4.4181e-02,  1.8950e-01,
         4.0802e-02,  1.1393e-01, -7.9976e-02,  2.7539e-01, -3.1617e-01,
         1.3528e-01, -1.0027e-03, -4.7856e-03, -1.2321e-01, -2.4460e-01,
         1.1310e-01,  1.0041e-01,  5.3993e-02, -2.6419e-02, -6.4413e-01,
        -1.5810e-03, -7.3956e-02, -9.5163e-02,  4.0449e-01, -2.4011e-02,
        -3.0110e-02, -5.5027e-01, -6.5501e-03, -1.4348e-02, -6.2196e-02,
        -4.3371e-01, -9.2664e-02,  5.3163e-02,  8.1777e-02, -1.0254e-01,
        -1.1902e-01, -1.9439e-01, -1.1926e-02, -8.6329e-02,  3.4176e-02,
        -5.4280e-02, -1.5961e-02, -1.0472e-01,  9.0148e-04, -5.3486e-02,
        -1.4833e-01, -5.7704e-02,  5.4029e-03,  3.3448e-01, -1.3029e-01,
        -4.1894e-01,  1.8506e-02,  7.8148e-02, -2.1770e-02, -1.9617e-01,
        -3.7220e-01, -3.5607e-01, -4.6234e-02,  2.4321e-02, -1.4160e-03,
        -1.2048e-03, -6.4525e-03, -4.9294e-02, -1.6517e-01, -3.9516e-01,
        -3.9738e-01, -9.8830e-03, -9.2776e-03, -5.3814e-01,  5.9535e-03,
        -7.6603e-02, -9.1741e-02, -4.2676e-02, -1.3566e-01, -1.4255e-01,
        -7.5722e-02, -2.1813e-02, -5.1201e-01,  1.1201e-01,  7.9267e-02,
        -4.6740e-02, -1.0236e-01, -9.2873e-02, -5.1578e-02, -3.5778e-02,
         4.6317e-02,  5.2116e-03, -3.3240e-02, -2.4732e-01, -8.3662e-03,
        -8.7219e-01, -4.3989e-02, -4.8807e-03, -7.2705e-04, -7.6107e-02,
        -6.2958e-01, -7.4293e-03,  3.2538e-01,  4.1449e-03, -2.1967e-02]), 'model.features.4.2.block.1.1.running_var': tensor([2.8676e-02, 5.6906e-03, 1.5063e-02, 4.2515e-03, 1.2739e-02, 3.1637e-04,
        5.4272e-02, 1.5734e-02, 1.8103e-02, 1.4460e-01, 1.9846e-02, 2.6902e-02,
        2.3380e-02, 1.5922e-01, 4.0229e-02, 4.6511e-03, 5.0990e-02, 1.6618e-03,
        1.9099e-01, 9.4809e-03, 5.1246e-02, 6.9483e-02, 7.6387e-01, 9.0650e-04,
        1.4926e-02, 4.9421e-02, 4.3521e-02, 4.2038e-03, 7.9075e-03, 5.3031e-01,
        6.2962e-02, 4.0392e-01, 3.2068e-02, 1.3349e-01, 4.3265e-02, 1.3096e-02,
        4.7043e-02, 1.4585e-01, 2.1580e-01, 1.6392e-01, 5.1383e-03, 4.2392e-01,
        3.7478e-04, 8.3249e-02, 3.5360e-01, 4.0138e-01, 8.2867e-03, 4.9151e-03,
        1.4110e-03, 3.6475e-01, 1.9667e-01, 3.8196e-03, 4.0978e-04, 2.1888e-02,
        1.1645e-01, 1.6887e-02, 5.2313e-03, 1.2140e-01, 8.0166e-02, 1.2893e-01,
        1.0154e-02, 2.1682e-01, 1.8070e-02, 1.8603e-02, 5.1493e-02, 3.9499e-03,
        7.4148e-02, 4.8081e-03, 3.1692e-01, 5.3262e-02, 3.8371e-02, 6.8506e-04,
        6.5276e-03, 4.2618e-03, 4.7641e-02, 4.0671e-03, 6.5195e-02, 3.1411e-03,
        1.9755e-03, 7.0185e-03, 2.6235e-04, 2.7688e-02, 2.2934e-03, 1.3236e-02,
        1.2921e-01, 5.7392e-02, 1.6466e-01, 7.1858e-02, 3.1002e-02, 1.0712e-02,
        3.2002e-01, 6.1111e-03, 6.0790e-02, 1.1673e-01, 2.8812e-02, 6.0249e-02,
        6.3351e-02, 1.1272e-01, 1.6141e-01, 5.0783e-02, 1.0719e-01, 3.9189e-03,
        1.5150e-02, 1.1634e-01, 6.8333e-03, 8.6359e-03, 1.3661e-03, 5.9959e-02,
        1.1710e-03, 7.7625e-02, 4.3479e-02, 2.7646e-04, 5.0550e-01, 1.4004e-01,
        3.9427e-02, 2.5246e-01, 4.3488e-02, 1.4902e-02, 1.7062e-01, 9.2716e-03,
        6.9109e-03, 2.2071e-03, 2.8025e-02, 2.9648e-03, 7.9074e-04, 1.3563e-02,
        3.6436e-02, 4.8709e-03, 5.4126e-02, 1.0226e-03, 2.6496e-02, 3.3857e-03,
        5.9456e-02, 1.7158e-01, 1.9948e-01, 3.0093e-01, 3.4559e-01, 3.4143e-03,
        6.7727e-02, 5.5211e-02, 9.3831e-02, 3.1885e-01, 8.5227e-02, 4.2194e-02,
        3.0737e-02, 4.1499e-02, 5.2288e-01, 1.8256e-03, 2.6053e-02, 4.4709e-02,
        1.9376e-03, 1.3275e-02, 4.0626e-02, 1.4144e-02, 9.3615e-03, 3.2646e-03,
        1.3485e-02, 3.2052e-01, 5.5419e-03, 2.8201e-03, 2.9690e-01, 1.9885e-01,
        3.4091e-03, 2.5484e-02, 3.3681e-03, 1.5090e-01, 5.4684e-02, 1.3971e-02,
        3.4962e-05, 8.6682e-02, 1.7555e-02, 5.4090e-02, 9.3914e-01, 2.1490e-01,
        1.3160e-03, 1.3796e-02, 1.9552e-01, 9.5176e-03, 2.6709e-01, 2.4451e-02,
        3.8992e-03, 2.9464e-02, 3.0815e-01, 1.0632e-01, 3.4028e-02, 2.8772e-01,
        1.4322e-03, 1.5912e-01, 2.7471e-03, 2.4060e-01, 7.2670e-01, 2.0410e-03,
        1.9958e-02, 1.3991e-02, 6.0728e-03, 1.5000e-01, 4.0802e-01, 8.9756e-02,
        4.3904e-01, 1.9288e-03, 5.2570e-02, 5.9490e-02, 6.3445e-04, 9.5878e-04,
        5.1802e-02, 6.7082e-01, 1.4108e-02, 2.5024e-04, 1.0830e-03, 6.0041e-04,
        3.7408e-01, 3.0160e-01, 1.1053e-01, 4.6044e-04, 2.7423e-03, 3.7210e-01,
        8.6260e-03, 1.7288e-03, 7.0054e-03, 9.9037e-02, 2.1472e-01, 3.2866e-03,
        8.7171e-03, 4.4827e-02, 2.0074e-01, 5.3052e-03, 6.7278e-03, 3.1923e-02,
        2.8756e-04, 2.4185e-04, 1.0109e-03, 6.8062e-03, 3.5121e-02, 1.4967e-02,
        1.4274e+00, 6.8706e-03, 9.2060e-01, 1.7674e-02, 5.5100e-01, 1.3688e-02,
        6.1985e-02, 4.5671e-04, 5.6371e-04, 1.3502e-02, 2.5317e-03, 3.0017e-01,
        4.6535e-01, 1.2139e-02, 9.3118e-03, 7.0071e-03, 1.0799e-02, 1.6923e-03,
        2.0333e-03, 1.8893e-01, 2.3771e-02, 2.1894e-02, 3.1686e-02, 1.6611e-03,
        2.1762e-03, 6.3590e-02, 5.2061e-01, 1.5791e-02, 1.6264e-02, 4.5970e-02,
        1.2819e-01, 2.6895e-02, 1.4974e-04, 5.0496e-02, 5.3269e-03, 1.4076e-01,
        1.3637e-01, 3.3745e-02, 3.3742e-03, 7.5288e-03, 2.3720e-01, 4.7267e-02,
        5.4371e-03, 9.3421e-03, 1.4803e-01, 1.3092e-01, 9.3275e-02, 7.3513e-03,
        9.5215e-02, 9.5068e-02, 2.3189e-01, 3.0136e-02, 7.5544e-03, 1.8103e-03,
        6.2919e-03, 8.2592e-02, 3.6522e-02, 2.1858e-02, 1.8572e-03, 6.5166e-02,
        1.6176e-02, 1.2789e-02, 9.7188e-03, 1.3066e-01, 4.5502e-02, 2.9824e-02,
        9.1794e-02, 7.5037e-03, 5.3627e-04, 9.4913e-03, 2.4482e-03, 7.4028e-02,
        2.4871e-01, 2.2409e-02, 6.2962e-01, 2.6116e-02, 1.0997e-03, 1.4978e-01,
        9.7241e-02, 5.2274e-03, 1.3579e-03, 1.1959e-02, 1.7896e-02, 1.5572e-01,
        3.6016e-03, 4.5139e-04, 6.1429e-05, 1.9538e-03, 2.1164e-01, 5.1997e-02,
        1.9501e-02, 5.0627e-02, 2.9026e-02, 1.3686e-02, 2.7401e-02, 2.9297e-02,
        7.2775e-04, 1.7605e-02, 8.3428e-04, 1.0091e-02, 6.4998e-04, 3.3912e-02,
        6.7947e-02, 5.7356e-01, 1.3383e-04, 1.1891e-02, 4.4661e-03, 3.0651e-02,
        1.0944e-01, 3.0639e-03, 2.0955e-02, 7.3779e-02, 4.1021e-01, 8.1374e-02,
        1.0696e-01, 8.2750e-03, 1.4330e-02, 4.6299e-01, 3.5612e-04, 2.7740e-02,
        1.0002e-01, 1.7127e-03, 1.3752e-02, 9.3057e-02, 1.4181e-03, 5.1317e-04,
        4.6948e-02, 2.2182e-01, 8.6888e-03, 6.6226e-01, 1.2817e-02, 4.5313e-02,
        1.3444e-02, 1.2617e-01, 8.0985e-02, 5.3500e-02, 1.4953e-03, 6.4213e-02,
        1.0546e-01, 6.4202e-02, 1.2986e-03, 1.1955e-02, 6.9696e-03, 8.8836e-03,
        3.0875e-03, 9.0391e-03, 4.6578e-02, 4.4494e-02, 1.4481e-03, 3.9905e-02,
        2.2831e-01, 8.4404e-03, 4.5512e-02, 5.0618e-03, 1.6766e-01, 9.9247e-02,
        8.4606e-02, 1.0800e-03, 1.0201e-03, 1.2028e-03, 7.9434e-02, 4.5984e-02,
        1.0616e-02, 4.3429e-02, 2.0218e-02, 7.9049e-02, 1.1998e-02, 3.4758e-03,
        1.6479e-02, 2.5512e-01, 1.6962e-02, 6.4577e-02, 3.6612e-01, 4.5102e-03,
        1.0486e-01, 7.6738e-03, 2.8209e-01, 3.9458e-02, 1.6214e-02, 1.2499e-01,
        2.0766e-03, 3.2102e-03, 3.7733e-02, 1.9197e-02, 5.7533e-03, 6.0738e-03,
        2.2067e-03, 7.2681e-03, 1.1626e-03, 1.9660e-03, 1.7238e-01, 1.1990e-01,
        1.0359e-01, 2.8994e-04, 1.2725e-02, 8.1498e-02, 1.6500e-01, 1.4291e-03,
        3.0176e-02, 6.9880e-03, 8.6545e-02, 3.7617e-02, 3.2605e-02, 8.7601e-03,
        1.2933e-02, 1.7782e-02, 7.8874e-02, 5.0165e-03, 7.0636e-03, 9.4492e-02,
        3.6442e-02, 8.0936e-02, 3.0781e-02, 1.6377e-04, 2.7240e-01, 1.4938e-02,
        1.1791e-02, 5.6963e-04, 2.6978e-02, 2.0291e-03, 4.1955e-03, 4.3602e-03,
        8.3270e-04, 9.9368e-02, 3.5666e-02, 8.7284e-03, 1.7142e-03, 5.2810e-03,
        1.1361e-03, 5.0939e-03, 3.1332e-02, 4.8548e-02, 1.9382e-02, 1.2304e-03,
        1.2253e-02, 1.5117e-02, 1.0295e-01, 5.4429e-02, 6.3660e-04, 9.5347e-05,
        7.0229e-02, 1.3815e-01, 3.0946e-04, 9.8470e-02, 9.5606e-03, 4.2317e-04]), 'model.features.4.2.block.1.1.num_batches_tracked': tensor(703214), 'model.features.4.2.block.2.fc1.weight': tensor([[[[-0.0819]],

         [[ 0.0612]],

         [[ 0.0308]],

         ...,

         [[ 0.0696]],

         [[ 0.0037]],

         [[-0.0391]]],


        [[[-0.0033]],

         [[ 0.0122]],

         [[ 0.1959]],

         ...,

         [[ 0.1449]],

         [[-0.0135]],

         [[ 0.0461]]],


        [[[-0.0195]],

         [[-0.0299]],

         [[ 0.0895]],

         ...,

         [[ 0.0003]],

         [[ 0.0038]],

         [[-0.0179]]],


        ...,


        [[[ 0.0062]],

         [[-0.0248]],

         [[-0.0955]],

         ...,

         [[-0.0418]],

         [[-0.0117]],

         [[-0.0096]]],


        [[[ 0.0993]],

         [[-0.0045]],

         [[ 0.0160]],

         ...,

         [[-0.0858]],

         [[ 0.0055]],

         [[ 0.1695]]],


        [[[ 0.0686]],

         [[-0.0119]],

         [[-0.1810]],

         ...,

         [[-0.0545]],

         [[ 0.0009]],

         [[ 0.0054]]]]), 'model.features.4.2.block.2.fc1.bias': tensor([2.0446, 1.1548, 0.4743, 1.2404, 0.0282, 0.7579, 0.8881, 1.1220, 0.7376,
        0.3734, 1.0000, 1.3897, 1.4462, 1.0657, 0.8773, 0.5552, 0.8729, 0.8615,
        0.7061, 0.4516]), 'model.features.4.2.block.2.fc2.weight': tensor([[[[ 0.0265]],

         [[-0.0059]],

         [[-0.0316]],

         ...,

         [[-0.0499]],

         [[ 0.0423]],

         [[ 0.0134]]],


        [[[-0.0495]],

         [[ 0.0503]],

         [[-0.0253]],

         ...,

         [[-0.0557]],

         [[-0.0391]],

         [[ 0.0530]]],


        [[[ 0.0757]],

         [[ 0.0482]],

         [[-0.0535]],

         ...,

         [[-0.0313]],

         [[ 0.0418]],

         [[-0.1341]]],


        ...,


        [[[ 0.0318]],

         [[ 0.0904]],

         [[-0.0018]],

         ...,

         [[-0.1070]],

         [[-0.1136]],

         [[-0.1049]]],


        [[[ 0.0328]],

         [[ 0.1090]],

         [[ 0.0277]],

         ...,

         [[-0.0085]],

         [[-0.0237]],

         [[ 0.0154]]],


        [[[-0.1102]],

         [[-0.0102]],

         [[ 0.0043]],

         ...,

         [[-0.0611]],

         [[-0.2711]],

         [[ 0.0296]]]]), 'model.features.4.2.block.2.fc2.bias': tensor([-2.0585e-03, -4.0368e-01, -2.2358e-01, -1.5849e+00,  2.2107e-01,
        -1.5019e+00, -6.2336e-01, -6.1194e-01, -6.5077e-02,  1.8040e-01,
        -2.4601e-01,  3.0326e-02, -1.9730e-01,  4.4433e-01,  3.4906e-02,
        -2.4867e+00, -1.9748e+00, -6.7024e-01,  7.1020e-01, -6.1797e-01,
        -7.9325e-01,  8.8006e-01,  1.0776e+00, -8.8062e-01, -1.3117e+00,
         5.0517e-01,  4.5299e-01, -2.9081e-01, -5.2307e-01,  7.0973e-01,
        -8.8813e-01, -2.2666e+00,  9.9473e-01, -2.0333e-01,  5.0530e-02,
        -1.4212e-02, -1.0954e-01, -3.1482e-01, -1.2997e-03, -7.7710e-01,
        -3.2431e+00,  1.1193e+00, -4.1062e-01,  4.7103e-01,  5.0142e-01,
        -2.3664e+00, -1.9772e+00, -1.4184e+00, -2.5022e-01,  6.7620e-01,
        -1.1503e-01,  1.5041e-01,  3.0799e-01,  1.1791e+00,  5.7916e-02,
        -1.2227e-01, -2.2766e+00, -9.0707e-01, -1.2114e-02,  1.0508e+00,
         7.8464e-01, -1.4324e+00, -7.2973e-01, -1.6298e+00,  7.8629e-01,
         3.4559e-01,  3.4695e-01, -3.7911e-01,  6.4955e-01,  7.0891e-02,
        -3.9681e-02, -2.7159e-01, -5.3663e-02, -7.2764e-02, -7.0743e-01,
         5.7006e-01,  5.0453e-01,  1.8523e-02,  7.6757e-01,  2.6281e-01,
        -2.3431e+00,  3.7575e-01, -5.0985e-01, -3.7147e-01,  1.4593e-01,
        -4.1739e-01, -9.5868e-01, -2.6682e+00, -3.8280e-02, -2.0472e+00,
        -1.2670e+00, -9.5221e-01, -5.6958e-01, -2.2052e-01,  7.5418e-01,
        -4.6087e-02,  6.8991e-02,  1.0001e+00,  3.8209e-01,  7.0695e-01,
        -9.7226e-01, -1.9688e+00, -2.4428e+00,  1.0361e-01,  8.5528e-02,
        -1.6118e+00, -2.3470e+00, -3.5771e-01, -3.2980e+00, -6.8300e-01,
        -5.6355e-01, -9.3053e-01,  1.2390e+00,  2.5707e-01,  5.3458e-01,
        -1.9356e+00, -1.0298e+00, -4.1491e-01,  5.2724e-01, -2.1995e+00,
        -1.6791e+00, -1.9841e+00,  3.5722e-01,  4.4603e-01, -4.8442e-01,
         7.8479e-01, -1.3495e+00, -5.5903e-01, -1.2465e+00, -5.4617e-01,
         7.1933e-01,  5.0053e-01,  8.0734e-01, -1.0843e+00,  6.7608e-01,
         5.7321e-01,  6.9427e-01, -2.0845e+00,  1.3608e-01, -2.0008e+00,
        -7.5680e-01, -2.2306e+00,  5.0546e-01, -1.3295e+00, -2.0497e+00,
         4.5662e-01, -2.5360e+00, -6.4467e-01,  2.6639e-02,  3.0587e-01,
        -1.7663e+00, -4.4266e-02, -7.4759e-01, -1.3584e-01, -1.7539e+00,
        -2.0495e+00, -3.6529e-02,  7.0074e-01, -1.0160e-01,  1.1660e-02,
        -1.7063e+00,  5.6466e-01,  9.3970e-02,  7.0416e-02, -1.7595e+00,
        -4.3946e-01,  2.6174e-01,  3.4619e-01, -1.6580e-01,  1.1039e+00,
        -1.4928e+00,  5.1242e-01,  1.0796e+00, -1.6302e+00,  4.0615e-01,
         1.0022e+00, -8.7212e-01, -2.7925e-01, -1.1421e-01, -7.8159e-01,
        -1.6382e-01, -5.5356e-01,  6.7568e-01, -2.2556e+00, -7.9029e-01,
        -3.1538e-02,  1.4548e-01, -4.5728e-01, -9.6262e-01,  7.3011e-01,
         1.2320e+00,  4.2258e-01,  8.3798e-01,  1.0999e+00, -1.6046e-02,
         1.2041e+00,  4.3554e-01, -5.0026e-01,  7.7072e-01,  7.6653e-02,
         5.1562e-01, -5.9996e-01,  8.9214e-01,  7.1549e-01, -7.5482e-01,
         8.1208e-01, -5.3432e-01, -3.9521e+00,  8.9214e-01,  1.9166e-01,
         6.6339e-01,  9.0827e-01,  8.0489e-02, -5.7480e-01, -1.4811e+00,
         4.8141e-01,  1.8285e-01,  6.1105e-01, -2.2419e+00, -1.5934e-01,
         4.2458e-01, -1.9779e+00,  6.5481e-01, -1.3541e+00,  7.0127e-01,
        -2.3461e+00,  2.4992e-01, -6.5406e-01, -1.7638e-01, -1.8200e+00,
         6.7774e-01, -1.9823e+00, -1.2157e-01, -1.6595e+00,  7.2932e-01,
        -2.1731e+00,  8.2935e-01, -1.6256e+00,  8.3068e-01, -2.0945e-01,
         1.6905e-01, -1.4893e+00, -3.5108e-01, -6.7715e-01,  9.2999e-01,
         1.1020e+00,  6.6801e-01, -6.6422e-01, -2.1365e+00, -5.2574e-01,
         4.8580e-01, -2.3309e+00, -7.8624e-02,  7.3021e-01,  5.9092e-01,
         3.8874e-01, -3.0909e-01, -6.4806e-01,  7.2733e-01,  1.6200e-01,
         6.1808e-01, -1.6594e+00, -6.5379e-01, -3.8956e-01, -1.1888e+00,
        -7.0755e-01, -6.0761e-01, -5.9575e-02,  8.3315e-01,  2.4428e-01,
        -6.0596e-01, -4.4338e-01, -6.6824e-01,  6.8744e-01,  5.0914e-01,
         2.5302e-01, -1.3896e+00, -7.5124e-02, -2.7397e-01,  5.9239e-01,
        -1.9569e+00, -1.8830e+00, -2.2212e+00, -1.3979e-01,  6.3915e-01,
         1.0017e-01, -6.8731e-01,  7.7846e-01,  3.6817e-01, -2.0230e-01,
        -1.2149e+00,  4.2817e-01, -6.0595e-01,  1.1311e+00, -7.5125e-01,
        -2.8739e-01, -1.8478e+00, -1.0442e+00,  2.6773e-01,  4.7898e-01,
         2.0372e-01,  6.4013e-01,  2.8592e-02, -1.4831e+00, -1.6206e-01,
         3.5884e-01,  4.9971e-01, -7.5461e-02,  1.6000e+00, -2.0923e+00,
        -8.5521e-01, -8.3546e-01,  4.2593e-01,  2.2414e-01, -1.1333e+00,
        -3.2442e-01, -9.6373e-01,  8.9484e-01,  6.7388e-01,  3.3900e-01,
        -7.8505e-01, -2.5464e+00,  1.1063e+00, -1.0767e-01, -3.5266e-01,
        -4.4330e-01,  3.7705e-01, -2.4164e+00, -4.9637e-02, -1.5041e-01,
         4.3393e-01, -2.0660e+00, -7.9005e-01,  3.5828e-01, -9.7480e-01,
        -1.1226e-01,  1.6519e-01,  1.0699e+00, -5.0449e-02, -1.4648e+00,
         5.9631e-01,  1.0294e+00, -1.2783e+00, -1.9421e+00, -1.6150e+00,
        -1.7822e+00,  1.0723e+00, -6.3640e-01,  6.0611e-01,  4.3635e-01,
        -3.2501e-01,  4.5660e-01, -9.4154e-01, -1.1545e-01, -4.5300e-01,
        -8.2133e-01, -2.8622e-01,  4.5012e-01,  4.6797e-01,  3.4573e-01,
        -1.0293e+00,  4.1123e-01, -1.0384e+00,  1.1067e+00,  8.5298e-01,
        -3.2031e-02, -1.4901e-01, -7.7406e-01,  4.6701e-01, -1.1150e+00,
        -1.2049e+00, -2.1894e+00,  2.4095e-01, -2.7213e-01,  3.1954e-01,
        -1.8949e+00, -2.3561e+00, -1.9912e+00,  6.0004e-01,  4.2486e-01,
         1.5717e-01, -2.0781e+00, -1.1906e+00, -4.0286e-01, -1.4998e+00,
         1.8781e-01,  6.2045e-03,  1.5946e-02, -1.6257e+00, -1.0321e+00,
        -5.9971e-01, -7.3663e-01,  1.6175e-01, -7.1453e-01, -3.1002e-01,
        -5.5280e-01, -1.5927e-02, -2.3106e+00, -1.2845e-01, -6.9077e-01,
         1.2919e-01, -1.0405e+00, -1.2746e+00, -1.7023e+00, -3.2886e-02,
         5.2464e-01,  7.7766e-01,  4.8589e-01,  5.1321e-01, -1.7335e+00,
         5.9024e-01, -6.0845e-01,  4.0260e-01, -1.9435e-01,  4.6743e-02,
         8.3100e-01,  2.2882e-01, -9.5606e-01, -6.4355e-02,  7.3195e-01,
        -2.0632e+00,  1.0046e-01, -4.2106e-01, -9.6115e-03,  9.0030e-02,
        -2.6007e-01,  4.7359e-01,  2.2317e-01,  6.3803e-01,  3.2851e-01,
         4.0114e-01, -1.2299e+00,  3.0906e-01,  3.5193e-02, -2.3934e-02,
         1.2879e-01, -1.1437e-01, -2.0381e+00,  5.5058e-01, -6.0513e-01,
         7.0305e-01, -6.6691e-01, -2.2352e+00, -8.7211e-01,  7.5926e-01,
        -5.6517e-01, -9.6371e-01, -1.0539e+00,  2.7162e-01,  1.0322e-01,
         9.7423e-01, -7.1367e-01, -1.6275e-01, -6.7662e-01, -8.0768e-02,
        -1.4811e+00, -1.1638e+00, -2.0373e-01,  4.6359e-01,  2.3869e-01,
         6.1233e-01, -5.3594e-01,  1.2042e-01,  4.8716e-01,  5.8852e-01,
        -9.1187e-01,  1.8693e-01, -1.0217e+00,  2.6399e-01, -8.4836e-03,
         1.8129e-01,  4.7411e-01, -4.8475e-01, -1.6190e+00, -2.4096e-01,
         3.6329e-01, -8.1447e-01,  1.9342e-01,  3.9412e-01, -6.3556e-01]), 'model.features.4.2.block.3.0.weight': tensor([[[[ 0.0789]],

         [[-0.1229]],

         [[ 0.0595]],

         ...,

         [[-0.0402]],

         [[ 0.0289]],

         [[ 0.0899]]],


        [[[ 0.0670]],

         [[-0.0270]],

         [[-0.0429]],

         ...,

         [[-0.0172]],

         [[-0.0137]],

         [[ 0.0559]]],


        [[[-0.0012]],

         [[ 0.0231]],

         [[ 0.0160]],

         ...,

         [[ 0.0292]],

         [[ 0.0058]],

         [[ 0.2051]]],


        ...,


        [[[-0.0270]],

         [[-0.0159]],

         [[-0.0275]],

         ...,

         [[-0.0158]],

         [[ 0.0017]],

         [[ 0.0255]]],


        [[[ 0.0482]],

         [[ 0.0109]],

         [[-0.0014]],

         ...,

         [[-0.0604]],

         [[-0.0229]],

         [[-0.1090]]],


        [[[ 0.0726]],

         [[-0.1486]],

         [[ 0.0882]],

         ...,

         [[ 0.0041]],

         [[ 0.0812]],

         [[ 0.0234]]]]), 'model.features.4.2.block.3.1.weight': tensor([2.1985, 1.8268, 1.5464, 1.2346, 1.3428, 2.1618, 1.5606, 2.3491, 1.2816,
        1.6254, 2.0471, 1.5197, 1.8666, 2.4504, 1.4470, 3.3982, 0.8132, 1.4593,
        2.3358, 3.3135, 1.8526, 2.3259, 1.5877, 1.4794, 1.5231, 1.7138, 1.8999,
        1.4909, 2.1134, 1.9735, 1.5236, 1.7308, 1.5710, 2.6274, 1.5105, 2.1008,
        3.7710, 2.5481, 1.1265, 1.5231, 2.6029, 1.3099, 0.9407, 1.5414, 4.4573,
        1.3114, 1.3553, 1.5138, 1.7949, 1.2600, 1.9366, 1.2670, 1.7739, 1.7624,
        1.0628, 1.6556, 2.1035, 1.7425, 1.4859, 2.3160, 2.7230, 1.7134, 1.7393,
        1.5045, 1.4443, 1.6135, 2.2944, 1.9289, 1.6491, 1.5946, 1.5334, 1.6414,
        2.1327, 1.1543, 2.2033, 2.4353, 1.5999, 1.1266, 1.4224, 1.6101]), 'model.features.4.2.block.3.1.bias': tensor([ 0.4968, -0.2301,  0.5822,  0.8126, -0.2637, -0.6093, -0.5620,  0.8194,
         0.3579,  0.6925,  1.5304, -0.8410, -0.4335, -0.8498,  0.0639,  0.1066,
         0.1083, -0.1977, -1.1299, -1.2733,  0.9367, -1.2867, -0.7085,  0.1126,
        -0.2225,  0.4140, -0.7883, -0.0496, -0.3016, -0.1049, -0.4789, -0.9411,
         0.5833, -0.3149, -0.1072,  0.5071,  1.1688,  0.6545, -0.7428,  0.4453,
        -0.1953, -0.2198, -0.2220, -0.3265, -2.0461,  0.2271,  1.0026,  0.4493,
        -0.1908, -0.8715,  0.4801, -0.4404,  0.0785,  0.8037,  0.0101, -0.1679,
        -0.2640, -1.1174,  0.0136,  0.2938, -0.9820,  0.1265,  0.9959,  0.9344,
         0.7766, -0.7260, -0.0988, -1.2379,  0.1407, -0.4289,  0.1043, -1.1729,
        -0.4770, -0.0361,  0.2715,  0.0396, -0.2335, -0.2076,  0.0107,  0.0693]), 'model.features.4.2.block.3.1.running_mean': tensor([-0.1291, -0.2817, -0.3792, -0.1056, -0.0330,  0.1599, -0.2019,  0.1386,
        -0.1814,  0.1730, -0.2816,  0.0387, -0.0112,  0.2357, -0.0585,  0.0644,
         0.3633,  0.1650, -0.1982,  0.4132, -0.1244, -0.2342,  0.3889,  0.1112,
         0.0546, -0.3298,  0.1510,  0.0886, -0.1997, -0.0706,  0.5486,  0.2574,
        -0.1812,  0.3104, -0.2171, -0.0187, -0.1305, -0.0497,  0.0271,  0.0991,
        -0.2488, -0.1558, -0.1676,  0.1147,  0.2519,  0.3636,  0.0405, -0.0856,
        -0.1772, -0.0091,  0.2271, -0.0818, -0.1231, -0.1437, -0.0497,  0.1767,
         0.0598, -0.0177,  0.1215, -0.1687,  0.2498,  0.2200,  0.1357,  0.1165,
        -0.2801, -0.3345,  0.0945, -0.0277, -0.2818,  0.0948, -0.3070,  0.0182,
        -0.1318, -0.0323, -0.1951,  0.1700, -0.0477, -0.0058, -0.3865,  0.1322]), 'model.features.4.2.block.3.1.running_var': tensor([0.1603, 0.0761, 0.0777, 0.1294, 0.0975, 0.1007, 0.0795, 0.1608, 0.0918,
        0.1462, 0.1579, 0.0970, 0.1382, 0.1276, 0.1272, 0.1771, 0.1731, 0.1482,
        0.1152, 0.1242, 0.0815, 0.1078, 0.1655, 0.0953, 0.1043, 0.1501, 0.1636,
        0.1089, 0.1422, 0.0845, 0.0741, 0.1154, 0.1802, 0.1281, 0.1066, 0.0976,
        0.1789, 0.1819, 0.1327, 0.1012, 0.1253, 0.1508, 0.0936, 0.1155, 0.3388,
        0.1342, 0.0852, 0.0965, 0.0868, 0.0999, 0.0866, 0.1063, 0.1308, 0.0836,
        0.1349, 0.0955, 0.1433, 0.1447, 0.0804, 0.1144, 0.1352, 0.1236, 0.1213,
        0.0969, 0.0906, 0.0751, 0.0773, 0.0999, 0.1020, 0.1350, 0.1116, 0.1159,
        0.1001, 0.1831, 0.1272, 0.1328, 0.0839, 0.1338, 0.1234, 0.1538]), 'model.features.4.2.block.3.1.num_batches_tracked': tensor(703214), 'model.features.5.0.block.0.0.weight': tensor([[[[-0.0022]],

         [[-0.1005]],

         [[ 0.0349]],

         ...,

         [[-0.2110]],

         [[ 0.0053]],

         [[ 0.0677]]],


        [[[ 0.1799]],

         [[ 0.0487]],

         [[-0.3337]],

         ...,

         [[-0.1197]],

         [[-0.0179]],

         [[-0.1119]]],


        [[[-0.0095]],

         [[ 0.0519]],

         [[ 0.0525]],

         ...,

         [[ 0.3468]],

         [[ 0.1314]],

         [[ 0.0426]]],


        ...,


        [[[-0.0410]],

         [[-0.1032]],

         [[-0.0755]],

         ...,

         [[-0.1683]],

         [[ 0.0065]],

         [[-0.0167]]],


        [[[ 0.0792]],

         [[-0.0764]],

         [[ 0.0113]],

         ...,

         [[ 0.1174]],

         [[-0.0077]],

         [[-0.0109]]],


        [[[-0.0599]],

         [[-0.0112]],

         [[ 0.1893]],

         ...,

         [[-0.0152]],

         [[-0.1656]],

         [[-0.0885]]]]), 'model.features.5.0.block.0.1.weight': tensor([ 1.7463,  1.8146,  0.0597,  1.8495,  0.8020,  1.7225,  1.9406,  2.6521,
         1.9078,  1.1891,  1.6555,  0.3317,  0.9157,  1.0496,  0.5395,  1.7119,
         0.7404,  1.0995,  0.2654,  2.9637,  1.2178,  1.1303,  1.0761,  1.6348,
         1.0895,  0.2234,  0.6745,  0.7699,  1.2610,  1.5520,  1.1334,  1.2758,
         1.3588,  0.5309,  0.4664,  1.2140,  1.2534,  0.1410,  0.9194,  1.1976,
         0.0561,  3.5552,  0.4853,  0.4261,  0.9626,  0.7150,  1.7982,  3.0548,
         0.0988,  1.3917,  1.8004,  0.8792,  2.7908,  0.1337,  0.0886,  1.1007,
        -0.1547,  2.2137,  0.5486,  1.5176,  1.7736,  0.1325,  0.1910,  0.1265,
         1.4328,  1.7386,  0.2837,  1.3015,  0.4299,  2.0848,  0.9947, -0.0506,
         0.7764,  0.8907,  1.4812,  0.6411,  1.0373,  1.7411,  1.0653,  0.4075,
         0.8767,  1.4259,  1.1225,  1.1028,  0.6522,  1.1083,  0.3955,  0.2954,
         2.1914,  0.9413,  2.1503,  0.6871,  0.4940,  0.9972,  0.8789,  0.4260,
         1.6421,  0.9593,  0.3240,  0.5664,  0.7237,  0.7999,  1.2636, -0.0831,
         0.5054,  3.0824,  0.9790,  1.4593, -0.1127,  0.5948,  1.1388,  0.5141,
         1.5894,  1.3393,  0.3204,  1.4960,  0.1297,  0.1414,  1.0763,  0.2235,
         0.5666,  1.1982,  1.1701, -0.1240,  0.5173,  1.2998,  0.5793,  0.7377,
         0.0667,  1.7334,  0.3700,  1.8012,  2.7391,  1.2469,  0.9759,  2.5104,
         1.6063,  2.5885,  0.3339,  0.2417,  0.3579,  0.9924,  3.5348,  0.1671,
         1.3197,  2.4394,  0.4166,  2.4721,  0.7966,  1.7198,  0.7295,  0.2868,
         2.0038,  1.0059,  1.0795,  0.1249,  2.2840,  1.4195,  1.2219,  1.0623,
         0.8825,  0.4481,  2.1375,  1.4984,  0.1779,  2.0845,  1.8305,  1.0163,
         0.5061,  0.4711,  0.2777,  0.3701,  0.1161,  0.9087,  2.4379,  0.6802,
         0.9228,  1.7009,  0.0577,  1.0054,  1.1325,  1.1789,  0.6087,  0.5399,
         0.5725,  0.8298,  2.0053,  1.8702,  0.5486,  1.4861,  0.3996,  0.4067,
         0.7210,  2.1097,  1.2531,  0.9833,  0.0985,  0.5135,  2.8085,  0.1417,
         1.8342,  1.3059, -0.0573,  1.1079,  2.2801,  0.3082,  0.1779,  0.0639,
         0.5827, -1.1532,  0.0813,  0.1521,  1.0252,  0.0673,  0.8170,  0.7838,
         1.7889,  3.2997,  0.3590,  1.5894,  0.1261,  0.4366,  0.0806,  1.5324,
         2.2273,  2.0616,  1.6708,  1.1086,  2.3263,  2.6175,  0.1178,  2.3764,
         0.9813,  1.5439,  1.9350,  0.1304,  3.4779,  1.0302,  1.1183,  1.4789,
         0.2539,  2.0971,  0.1389,  0.7283,  1.6449,  0.4197,  0.3509,  0.6909,
         0.1552,  0.1225,  0.1133,  0.5972,  0.5519,  2.1321,  0.4771,  2.1095,
         1.2861,  1.2171,  2.4365,  0.2210,  0.8275,  0.1286,  0.5966,  0.5536,
         1.1495,  0.9359,  1.0936,  0.3605,  1.8335,  0.1198,  2.0694,  0.3875,
         0.8608,  0.1133,  1.0753,  3.1548,  2.2773,  2.8776,  0.9362, -0.7120,
         1.3201,  0.1493, -0.1630,  0.9089, -0.2196,  0.6651,  0.1073,  0.1373,
         0.7300,  0.2123,  1.1281,  0.4255,  0.0598,  1.8240,  0.1305,  0.1368,
         0.4726,  1.0947,  1.0443,  1.3612,  1.1830,  0.0955,  1.6031,  1.4242,
         2.4979,  0.1084,  1.0718,  2.2374,  0.6352,  0.5553,  2.1297, -0.0584,
         0.6255,  0.9693,  0.7415,  1.5200,  0.2878,  2.5383,  2.1332,  0.0849,
         0.1244,  0.6490,  0.9780,  0.6122,  0.5063,  0.4179,  0.4767,  0.5275,
         1.2111,  0.1389,  2.8795,  2.4018,  1.3066,  0.9331,  2.0015,  0.1138,
         0.0827,  2.1373,  0.2763, -0.0745,  1.3294,  0.1838,  1.7362,  1.0345,
         1.2214,  0.2156,  0.2229,  1.8989,  2.6463,  1.8556,  1.3460,  0.1668,
         1.1508,  1.2195,  0.3663, -0.1784,  3.2324,  0.9930,  0.1978,  0.9220,
         2.2099,  1.3726,  0.3000,  1.4363,  0.1622,  0.9332,  1.0270,  0.8264,
         4.7137,  1.7258,  3.0589,  0.1509,  1.5490,  1.3056,  0.4586,  1.8637,
         1.8782,  0.3509,  0.0981,  1.1318,  0.8462,  1.3310,  1.3688,  0.0551,
         0.1579,  2.1083,  1.5288,  0.6786,  0.0823,  2.5476,  2.3835,  0.5718,
         0.4476,  0.6015,  0.8071,  1.1853,  0.0758,  2.1694,  1.6141,  0.1080,
         1.2855,  0.2865,  0.2860,  1.5095,  1.3835,  1.6436,  1.1554,  2.0194,
         2.4474,  0.1444,  1.6357,  1.3682,  1.4680,  0.3866,  0.7364,  0.4575,
         0.6636,  0.1787,  1.4647,  1.5122,  2.1358,  1.0174,  1.6777,  1.9756,
         1.0152,  1.0167,  1.8093,  2.8820,  0.9086,  3.4498,  0.8477,  3.9843,
         1.0558,  1.8403,  0.7502,  0.7037,  1.1793,  0.4243,  1.5118,  0.9839,
         2.6079,  1.0431,  0.1240,  1.0848,  2.1797, -0.0813,  0.5212,  0.5140,
         0.8527,  0.7541,  1.9026,  0.4669,  1.1301,  1.5178,  1.8326,  0.0707,
         1.1268,  0.1211,  2.0929,  1.1160,  0.4684,  0.1759,  1.5808,  0.5021,
         0.8709,  2.2332,  0.1346,  1.7415,  1.8527,  1.1258,  2.0651,  1.2402,
         1.7062,  2.2865,  0.0622,  1.5847,  0.0625, -0.9062,  2.1120,  2.2862]), 'model.features.5.0.block.0.1.bias': tensor([ 7.0507e-01,  5.9469e-01, -4.1461e-02,  2.2886e+00, -9.1565e-01,
        -1.1443e+00,  6.6867e-01,  8.9902e-01,  8.9351e-01, -4.0774e-01,
         6.8089e-01, -3.9890e-02, -1.0206e+00, -9.4298e-01,  5.6749e-01,
         1.7943e+00,  1.6951e-02, -1.0941e-01,  4.9646e-02,  2.4986e-01,
        -1.2303e+00, -5.8158e-01, -6.6681e-01, -6.4777e-02,  2.7837e-02,
         4.2665e-02, -5.5374e-01, -1.1425e+00, -2.4182e-01, -1.1067e+00,
         2.7599e+00, -5.6041e-01,  1.5590e+00, -2.6823e-01,  7.9224e-01,
         1.2773e+00, -1.0797e+00,  1.4043e-02,  2.5390e+00, -4.6393e-01,
         3.5109e-02, -1.5151e+00,  6.3350e-01, -1.9561e-01,  1.3164e+00,
         6.6298e-02,  1.1615e+00, -5.9014e-02, -4.2420e-02, -3.4467e-01,
         8.1045e-01,  1.5817e+00,  1.0130e+00,  7.2338e-04,  3.7841e-02,
         1.3424e+00,  2.9905e-04,  2.7120e+00,  6.3581e+00,  5.0503e-01,
        -3.9539e-01,  1.1208e-01, -3.3070e-01,  1.2179e-01,  2.7088e-01,
        -2.7454e+00,  2.0098e-02, -3.9008e-01, -1.4204e-01, -7.8985e-01,
        -8.2999e-01,  9.1911e-03,  1.5870e+00,  3.3452e-01,  1.6020e+00,
         1.5132e+00,  1.8724e+00, -1.5511e+00, -3.4815e-01,  1.4629e-01,
         1.6218e+00,  5.3665e-01,  1.1237e+00,  1.0417e+00, -3.1487e-01,
         5.5979e-01, -9.3343e-02,  1.0326e-01,  1.0854e+00,  3.8221e-01,
         4.7147e-01, -8.2724e-01, -2.2420e-01,  2.6508e+00, -4.5793e-01,
        -4.3484e-02,  7.2795e-01,  1.4025e+00, -8.2722e-02, -1.3266e+00,
        -1.2861e-01,  4.6004e-01, -3.6092e-02,  3.4250e-01, -1.9891e-01,
        -1.9707e+00,  1.7690e+00,  1.6605e+00, -1.3584e-02,  1.9238e+00,
        -8.8851e-01, -5.7372e-01, -3.0085e+00,  3.5259e-01,  9.4047e-02,
        -1.4805e+00, -4.6198e-02,  1.9139e-02,  8.7284e-02, -4.5854e-02,
         1.7766e+00,  4.5445e-02,  2.4889e-01,  1.8892e-01,  6.3923e-02,
         2.1996e+00,  1.3758e+00, -1.3405e+00,  2.3761e-02,  9.5772e-01,
         9.5103e-05, -1.3522e+00, -1.6722e-01,  2.1386e+00, -1.3865e+00,
        -3.7801e-01,  1.0362e+00, -1.1255e+00, -1.9439e-01, -5.6467e-01,
         2.0542e-02,  1.7444e-02, -3.7300e-01, -5.0999e-02,  7.9094e-01,
        -1.1216e+00,  1.1991e-01, -2.9847e+00, -6.4953e-02,  6.2852e-01,
        -5.0386e-01,  5.0678e-02,  3.1897e-01,  7.2963e-02, -1.6598e-01,
        -1.8001e-02,  1.1149e+00,  1.5284e+00, -3.3936e-01,  8.8963e-01,
        -4.7422e-01, -2.5835e-01,  4.5638e-01,  5.0563e-01, -6.9074e-03,
         1.3212e+00,  2.5900e+00, -6.4830e-01,  5.6803e-01, -8.1430e-02,
         1.3191e-02,  1.3315e+00,  2.5696e-02,  1.0328e+00, -1.6838e+00,
        -9.1388e-01,  4.1685e-01,  6.8597e-01, -2.7466e-02, -4.3935e-01,
        -8.3759e-01,  8.4127e-02, -2.7552e-01,  7.5958e-01, -1.1993e+00,
        -9.1067e-01, -1.9492e+00,  9.9046e-01,  7.6426e-01, -6.1144e-01,
        -6.8628e-02, -9.9620e-03,  2.4398e-01, -1.7336e+00, -1.7756e+00,
         1.6095e+00, -1.4713e-02, -1.1010e-01, -1.9094e+00,  1.7895e-02,
         1.2751e-01,  4.8242e-01,  1.5112e-02,  3.0565e-02, -2.7838e+00,
         3.5992e-02,  3.1383e-02,  4.2424e-02, -2.8779e-01, -1.2201e-01,
        -1.3835e-02,  6.2332e-02, -1.0253e-01,  6.5423e-05,  9.2779e-02,
        -1.2051e+00,  6.5307e-01,  1.2581e+00,  1.4208e-01, -2.5121e-01,
         6.5302e-03,  9.3888e-02,  3.5223e-05, -2.2686e+00, -1.3510e+00,
        -5.8680e-01,  1.8028e+00, -1.5440e+00, -5.0961e-01, -1.3591e+00,
         5.4868e-02, -4.5698e-01, -8.5022e-02,  2.2258e+00,  5.5165e-01,
         8.2948e-03, -2.1748e+00, -1.3719e+00,  2.1454e+00, -5.4707e-01,
        -2.6804e-03,  4.5957e-01, -3.6760e-02, -7.0706e-02,  8.5376e-02,
        -2.7403e-01, -6.6743e-02, -6.2443e-01,  3.2285e-02,  3.2145e-02,
         4.3202e-02,  2.6964e-01, -4.9061e-02, -2.6388e+00, -9.0879e-02,
         7.5587e-01,  2.0880e-02, -2.1795e+00,  8.7576e-01,  2.8874e-01,
        -2.4602e-01,  6.3622e-03,  7.6302e-01,  5.1250e-02,  4.2015e-01,
        -7.6412e-01, -2.1643e+00, -2.2257e-01, -1.2667e-01,  2.5358e-02,
        -9.4124e-01,  1.4027e-01, -2.5298e-01, -7.1800e-02,  9.2908e-01,
        -4.4895e-01, -1.3786e+00, -1.2249e+00,  5.7855e-01, -4.4646e-01,
         4.3077e-01,  5.6139e-02,  2.8256e-01,  7.0822e-01,  3.0131e-01,
         1.0097e+00, -1.4218e-01, -5.3931e-02, -1.0893e-02,  8.6031e-01,
         3.1427e-01,  2.5117e-01, -3.0674e-02, -9.3338e-01, -1.3444e-03,
         2.6187e-02,  1.1401e-01,  1.7707e-01, -5.8391e-01, -2.6108e+00,
         5.2933e-01, -3.4543e-02,  3.3730e-01, -7.4132e-01, -1.0101e+00,
        -1.6932e-02,  3.3841e-01, -1.0641e+00, -9.9444e-02, -3.1281e-02,
        -8.6908e-01,  4.4171e-02,  2.4221e-01,  6.5446e-01, -1.4300e+00,
        -2.1777e+00,  3.1635e-02,  1.0058e-01,  1.5271e-01,  1.4748e-02,
         3.3996e-02, -9.3691e-01,  3.3519e-01,  4.1616e-01, -3.5373e-01,
         1.0663e-01, -1.0102e-01,  1.6826e-01,  6.2156e-01,  1.8370e-02,
        -9.9601e-01, -7.3953e-01,  1.4497e+00, -1.0740e+00,  8.0688e-01,
         2.3940e-02,  4.1600e-02, -8.7938e-01,  7.9397e-03,  1.8350e-01,
        -4.9071e-01,  1.4924e-01,  1.1548e+00, -3.6417e-01,  1.1716e+00,
        -2.1010e-02, -7.7936e-03,  3.6672e-01,  1.1364e+00, -2.2839e-01,
        -1.4133e+00, -3.0156e-02,  3.7145e-01, -3.1564e-01,  1.0051e-01,
         1.1517e-01, -1.3946e+00, -1.2342e+00, -5.8817e-02,  1.1079e-01,
        -1.5961e+00, -6.3929e-01, -2.2856e-01, -4.6977e-01, -7.9610e-02,
        -1.3664e+00,  9.7539e-02, -1.6818e-01, -1.1033e+00,  7.5781e-01,
         5.2835e-01,  5.3621e-02,  1.4323e+00,  5.2195e-02,  1.1798e-01,
         1.6613e+00, -1.3949e+00,  1.7180e-01,  2.8077e-02,  2.4724e-02,
         5.9276e-01, -2.8692e-01,  1.2092e+00, -1.8986e-02, -2.9200e-02,
        -1.4504e-01, -6.0987e-01, -1.6107e-01,  2.0289e-03,  2.3134e-01,
        -1.2569e+00,  1.4496e+00,  2.9970e-01,  4.9400e-01, -1.1410e+00,
        -1.8091e+00, -3.0507e-02,  3.1875e-01,  2.0040e+00,  1.4717e-02,
        -6.6336e-01, -3.3921e-01, -1.4473e-02,  5.4214e-01,  4.2257e-01,
         7.6356e-01,  1.4077e+00, -7.2670e-01, -2.4072e+00, -3.1121e-02,
         2.3274e-01,  3.4618e-01, -1.1798e+00, -2.9907e-01,  1.1733e+00,
        -1.2495e+00,  3.5712e-01,  2.8883e-01,  7.4390e-01,  7.8234e-02,
         7.7793e-02, -8.7008e-01,  1.0496e+00, -5.9895e-01,  9.4751e-01,
         2.0278e-02,  5.8667e-01, -2.0880e+00, -3.0593e-01,  1.3434e-02,
        -1.3940e+00, -2.0772e+00, -2.5474e-01, -3.9623e+00, -1.2175e+00,
         7.4812e-02, -1.5619e+00,  7.5891e-03,  2.4513e-01, -9.0370e-01,
        -1.4203e+00,  1.1190e+00,  4.8551e-02,  9.1023e-01,  9.9279e-01,
         1.4830e-02,  1.7788e+00,  1.7378e+00,  2.6420e-01, -1.2163e+00,
        -3.5320e-01,  6.6800e-01,  2.2645e-01,  1.9299e+00,  6.1147e-01,
        -1.1031e-02,  2.6478e-01,  2.9280e-02, -1.9431e+00,  2.3541e+00,
         2.9330e-01,  2.9049e-02, -6.1668e-01, -8.0849e-05,  1.0638e+00,
        -1.6323e+00,  3.2529e-02,  4.0984e-01, -1.3666e+00, -1.3231e+00,
         9.4432e-01,  2.2552e+00, -1.1487e+00,  2.7262e-01, -8.4465e-03,
        -1.2219e+00,  1.2723e-03, -1.0522e+00, -6.9516e-01, -1.0201e+00]), 'model.features.5.0.block.0.1.running_mean': tensor([-2.4264e+00, -1.9528e+00,  1.7522e-01, -2.9309e+00, -6.0653e-02,
        -4.0245e-01, -1.4046e+00, -4.8769e-01, -6.9343e-01, -2.5740e+00,
        -6.4959e-01, -4.6283e-01, -1.1006e-01, -1.6541e+00, -5.6224e-01,
        -2.2418e-01, -1.5910e+00, -9.9226e-01,  1.7168e-01, -8.2952e-01,
        -8.7550e-01, -2.2258e+00, -2.4733e+00, -1.6423e+00, -8.2348e-01,
        -3.0385e+00, -4.1817e-01, -1.8210e-01, -2.3430e+00, -1.1443e+00,
        -1.8373e+00,  1.3528e+00, -8.5867e-01, -1.2092e+00,  3.6875e-02,
         3.5775e-01, -1.5610e+00, -5.4828e-02,  1.6387e+00, -2.0629e+00,
         5.8183e-01, -6.0923e-01,  8.0350e-02, -1.8263e+00, -3.8648e-01,
        -7.2390e-01, -5.3901e-01, -7.0922e-01,  5.3629e-01, -6.4216e-01,
        -1.9057e+00,  8.7514e-01, -1.1368e+00, -4.1380e-01, -2.3027e-01,
        -9.8701e-01,  2.3763e+00,  5.1120e-01, -1.2469e+00, -1.1664e+00,
        -1.3046e+00, -1.9941e-01, -1.3472e+00,  1.6154e+00, -1.1538e+00,
        -8.4842e-01, -1.1684e+00, -9.5960e-01, -9.7267e-01, -1.5044e+00,
        -1.0759e+00, -5.2001e-01,  3.0609e+00, -1.1496e+00,  1.6125e+00,
         1.9253e+00,  1.4208e-01, -1.0249e+00, -7.0501e-01,  3.0445e-01,
         2.4463e-01, -2.2945e+00, -1.7583e+00, -3.9060e-01, -6.6349e-01,
         9.3246e-01, -2.2547e+00, -8.1417e-01, -6.1476e-01,  1.2832e-01,
        -1.1046e+00, -1.9593e-01, -1.2131e+00, -4.0399e-01, -9.5858e-01,
        -1.8915e+00, -3.3670e-01, -4.8841e-01, -2.1668e+00, -1.0765e+00,
        -3.0454e+00, -2.4097e+00, -2.4987e+00,  8.7753e-01, -1.7114e+00,
        -8.0171e-01, -4.2072e-01, -1.6968e-01, -9.7558e-01,  2.7479e-01,
        -1.6456e+00, -9.1845e-01, -6.1111e+00, -9.5477e-02, -2.5792e+00,
        -1.0474e-01, -3.9514e-01, -6.2808e-01, -8.5316e-01,  1.7195e-01,
         1.2226e-01, -2.4564e+00, -1.4328e-01,  6.5337e-04, -2.5487e+00,
         1.5582e-01, -7.5823e-01, -1.1242e+00, -9.6228e-01, -1.3193e+00,
        -2.8435e+00, -1.5921e-01,  3.9663e-01, -1.4364e+00, -4.5811e-01,
        -2.8958e+00, -2.4082e+00, -9.7484e-01, -3.0907e-01, -4.0884e-01,
        -3.7385e-01, -8.1164e-01, -2.1956e+00, -1.9935e+00, -1.2885e+00,
        -1.1296e+00, -4.8471e-01,  2.8067e-02, -3.7707e+00, -1.0004e+00,
        -1.2471e+00, -1.1756e+00, -1.1199e+00, -5.9638e-01, -1.9150e+00,
        -8.9790e-01, -6.0460e-01,  8.2968e-01, -3.0806e-01, -1.8227e+00,
        -1.8977e+00, -1.2432e+00, -8.5701e-01,  1.0871e+00, -1.8193e-01,
         6.6011e-02,  7.4615e-02, -2.0270e+00, -7.3184e-01,  1.5846e-01,
        -2.5167e+00,  8.2856e-01, -1.7570e+00, -3.3435e+00, -9.5428e-01,
        -1.0266e+00, -2.2592e+00, -4.7848e-01,  2.5165e+00, -2.7683e-01,
        -2.5983e+00,  2.0093e-01, -2.6366e+00, -2.6506e+00, -2.6467e+00,
         2.2524e-01, -9.2996e-01, -4.2153e-01, -4.9900e-01, -5.1579e+00,
        -2.9803e+00, -2.1228e+00, -3.1191e+00, -7.1120e-01, -4.2116e+00,
         3.6830e-02, -1.7267e+00, -4.3937e-01, -7.9713e-01, -1.4115e-01,
        -8.7276e-01, -3.5819e-01, -9.2447e-01, -1.0346e+00, -8.6662e-01,
        -1.0794e+00,  4.5156e-02,  1.2758e-01, -1.7518e+00,  1.4850e-01,
         1.3822e-01,  3.8572e-01, -1.1653e+00,  4.7221e-01, -2.8075e+00,
        -2.2445e+00, -1.3052e+00, -1.9471e+00, -6.6401e-01,  6.5706e-01,
        -4.5210e-01, -6.5414e-01,  6.8459e-01, -3.2572e-01, -1.2557e+00,
        -1.5172e-01,  2.0987e-01, -2.0128e+00, -1.3721e+00, -1.4347e+00,
        -2.0054e+00, -5.1438e-01, -1.9197e+00,  1.0696e+00, -1.0578e+00,
        -5.6393e-01, -1.3682e+00, -1.5383e+00,  1.0245e-01,  8.6309e-01,
        -3.7753e-01, -1.4379e+00, -7.9678e-01, -5.2802e-01, -2.1364e+00,
        -1.3191e+00, -3.1992e+00,  1.1381e-01,  1.8362e-01, -5.4101e-01,
        -2.0828e+00, -2.7189e+00, -1.1187e+00, -2.5308e-01,  8.0447e-01,
        -1.4544e+00, -4.2502e-01, -1.7041e+00, -8.8619e-01,  8.8649e-01,
        -1.3202e+00, -1.6163e-01, -5.0364e-01, -2.5543e+00, -1.2008e+00,
        -2.4268e+00, -2.1263e+00, -1.4608e+00,  1.2764e-01, -6.0312e-01,
        -8.7485e-01, -2.1723e-01, -3.0235e+00, -3.3771e-01, -6.5593e-01,
        -4.4861e-01,  5.7858e-03, -1.9511e+00, -3.8299e+00, -5.7662e-01,
        -2.1593e+00,  2.1351e-01,  1.9880e-01, -1.9312e+00,  5.1134e-01,
         5.0053e-01, -1.3576e+00, -5.5684e-01, -2.0427e+00,  2.5450e-01,
        -1.4890e+00, -2.5539e+00, -9.8265e-01, -1.0086e+00, -4.3605e-01,
        -4.5769e-01, -4.6878e-01, -5.6861e-01, -6.6444e-01, -3.2105e+00,
        -1.2360e+00, -1.8511e+00,  4.8952e-01, -5.3249e-01, -3.4607e-01,
        -1.8372e+00, -6.9763e-01,  1.0039e-02, -8.6378e-01, -3.7848e-01,
        -2.1138e+00, -7.7370e-01, -7.4605e-01, -1.8843e+00, -2.3611e+00,
        -1.9592e+00, -1.7122e-01, -3.4591e+00, -1.6794e+00,  3.0058e-01,
        -8.5613e-01, -1.1380e+00, -1.7992e+00, -2.4176e+00, -3.5170e+00,
        -1.1122e+00, -2.1536e+00, -1.3792e+00, -1.3641e+00,  4.1731e-01,
        -4.8926e-01, -1.1356e+00, -7.0554e-01, -2.4616e+00, -2.1844e-01,
        -9.8011e-01,  5.7775e-01, -1.5846e+00, -2.6472e+00, -1.8997e+00,
        -1.4104e+00,  7.5095e-01,  1.1527e+00, -2.1820e+00, -1.5675e+00,
        -9.6895e-01, -7.4134e-02, -1.4065e+00,  8.4248e-01, -3.5084e-01,
        -9.9927e-01, -2.9305e-01, -7.9499e-01, -1.6866e+00, -5.1965e-01,
         4.9632e-01, -1.8971e+00, -2.1497e-01, -1.7570e+00, -8.6291e-01,
        -1.2718e+00, -3.0526e+00, -9.7538e-01, -8.8146e-01, -1.0200e+00,
        -6.0778e-01, -3.9581e+00, -1.4595e+00, -1.2836e-01, -8.8703e-01,
        -1.5601e+00, -4.0604e-01, -1.3732e+00, -2.7618e+00,  5.9264e-02,
         1.0843e+00, -2.5238e-01, -1.1081e+00,  1.6766e-01, -8.6442e-01,
        -9.3931e-01,  3.5365e-01,  5.9087e-01, -3.9038e-01,  2.2912e-01,
        -2.1062e+00, -1.4049e+00, -9.5363e-01, -1.7037e+00, -1.6893e+00,
        -1.6910e+00,  5.5500e-01, -4.4868e-01,  2.5464e-01,  2.9357e-01,
        -2.9426e+00,  1.2288e+00, -7.4875e-01, -9.4296e-01,  6.2881e-01,
         3.5832e-01, -6.4759e-01, -2.3342e+00, -2.4290e+00, -1.2603e+00,
        -2.1690e+00, -4.5457e-01, -1.0182e+00, -1.5037e+00, -3.9347e-02,
        -1.3888e+00,  4.1969e-01,  6.2535e-02, -8.3405e-01,  7.6951e-01,
        -2.5569e+00, -1.7571e+00,  7.1353e-01, -1.1584e+00, -1.8707e+00,
        -5.4655e-01, -2.0040e+00, -6.7276e-01, -2.3250e-01,  5.1687e-01,
        -4.2668e-01, -1.0780e+00, -1.5417e+00, -2.0616e+00, -1.8456e+00,
        -7.3479e-01, -1.1928e+00, -2.1087e+00, -3.2934e+00,  5.1531e-01,
        -1.3514e-01, -3.8149e-01, -2.3784e+00,  2.5322e-01, -2.8933e-01,
        -1.1969e+00,  5.0034e-01,  1.8410e-01, -2.3059e+00,  3.2207e-02,
        -6.5607e-01,  1.1205e-01,  1.2764e+00, -2.7136e+00, -1.1245e+00,
        -3.3045e+00, -9.9862e-01, -3.7430e-01, -1.5982e+00, -6.4951e-01,
        -5.0954e-01, -1.3274e+00,  1.8422e-01, -1.0007e+00, -8.8560e-01,
        -2.0382e-01, -2.8992e+00, -1.7397e+00, -1.5417e+00,  1.5431e-01,
        -9.3230e-01,  1.8478e+00, -1.8778e-02, -2.9720e-01, -2.3411e+00,
        -2.1300e+00,  1.4795e-01, -1.5579e+00, -3.5849e-01,  7.5079e-01,
        -2.2734e+00, -9.0400e-03,  2.0581e+00, -1.3273e+00, -2.9386e-01]), 'model.features.5.0.block.0.1.running_var': tensor([115.4667,  80.0187, 107.8732, 108.2747,  52.6394,  33.7726,  55.7787,
        142.5596,  58.6792,  40.2022, 160.6873,  64.8503, 101.7849, 110.1520,
         78.6922,  84.7146,  88.3574,  54.5982,  25.3765,  51.6301,  62.8154,
        168.0437,  50.1392,  61.7539, 101.3254, 128.7273,  94.4678,  65.2344,
         79.6060,  55.3811,  67.0751,  65.4025,  42.4362,  35.8986,  47.8031,
         67.2300,  39.5924,  64.3680,  67.4002,  65.8917,  49.1458,  71.9226,
         83.4768,  78.1332,  53.5372, 108.8920,  75.8208,  44.5437, 103.7184,
        105.9484, 107.6234,  85.3336,  71.4082,  47.4334, 100.0371,  50.4705,
        194.9576, 141.5952,  46.5545,  46.5134,  60.8204,  71.9898,  34.1419,
         29.3635,  61.2758,  39.5935,  51.5267,  73.7934,  66.4873,  81.9443,
         75.4960,  38.7615,  57.8469,  68.2005,  90.4997,  61.2174,  51.9399,
         60.6346,  84.2996,  51.7565,  63.0034,  73.9627, 108.2230,  47.5271,
         81.3007,  84.4069, 106.2713,  45.7699,  82.3559, 127.3467, 118.2377,
         47.8438,  46.9912,  63.3015,  78.7283,  71.8519,  65.6090, 138.2674,
        108.0031,  48.9073,  86.9147, 117.5509, 121.6441,  61.0739,  77.0498,
         51.4405, 123.7349,  48.3279,  51.6867,  32.5950,  36.8923,  99.1098,
         54.8426,  65.6664,  45.2439,  39.0398, 103.6678,  73.9896,  72.4295,
         89.0320,  43.1669,  95.5375,  51.9038,  83.4239, 137.8347,  47.6117,
         96.4550,  73.3239,  48.1323,  83.8015,  52.7577,  64.5146,  45.3153,
         68.7058, 103.9559,  95.0934,  65.7169,  67.4500,  75.2059,  70.7978,
         83.5145,  91.1012,  49.2598,  85.0302,  82.7608,  47.1087,  40.6991,
         41.2173,  81.3735,  48.9175, 103.7693,  56.1529,  55.2297,  62.2564,
         63.5627,  59.8277, 103.0988,  76.2797,  75.8027, 134.2274,  67.5380,
         85.6315,  60.2833,  88.5163,  76.2556, 101.7136,  80.4846,  84.5667,
         79.6393, 111.8095,  91.1608,  64.3308, 117.8573,  67.5715,  53.4674,
        309.9754,  54.4379, 102.1260,  37.5931,  71.7453,  60.6505,  97.9809,
        120.6841,  82.1719,  99.0890,  82.6614,  46.4792,  90.0582,  38.2763,
         84.9064, 123.0798,  92.9940,  65.5015,  62.8777,  54.5255,  40.8873,
         78.0516,  81.1115,  47.5582,  64.5454,  60.7328,  56.7554,  58.8930,
         75.1097,  34.4808,  56.0261,  71.1511,  69.8400,  52.0315,  34.3295,
         43.2591,  47.5010,  83.2030,  64.8667, 189.7733,  82.5677, 105.6727,
         68.0627,  62.8420, 128.2513,  56.8354,  60.4300,  86.8865,  58.5542,
         47.5221,  41.8079,  51.4588,  58.7534,  89.0795,  59.1470,  66.4848,
         65.1564,  57.5942,  55.0486,  77.1262,  50.4001,  52.6397, 118.7830,
        143.2638,  99.6280,  47.8298, 103.5303, 161.0986,  80.4550,  42.3958,
         72.2574, 144.5654,  94.2062,  76.9600,  63.3112,  77.9185,  73.3532,
        106.4240,  40.1953,  41.5892, 103.0189,  69.9162,  71.5681,  79.7483,
         48.2180,  55.4214,  62.0088,  64.8222, 116.4588,  94.6250,  50.5908,
         23.7429,  97.7639,  73.6323,  61.2814,  69.8354,  64.1029,  95.4031,
        101.7978,  51.5122,  22.1349,  37.1172,  36.1098,  39.6701,  66.8199,
         73.9701,  88.2261,  37.4960,  82.2684,  69.2858,  94.7312,  84.7060,
         71.2985, 140.4296,  60.1280, 126.5957,  54.3317, 108.4667,  51.9065,
         79.1121,  90.8204,  59.8415,  98.8982,  61.9684,  45.6136,  55.5567,
         98.5333,  27.6287, 121.4809,  63.1317, 150.2937, 107.5443, 103.9341,
        122.8100,  46.5836,  44.6003,  31.2304,  44.4393, 108.4247,  60.8249,
         66.9221, 105.4209,  57.9086, 127.3123,  39.9544,  66.5486,  46.2612,
         61.5531,  69.5295,  67.0407,  73.4839,  37.7606,  61.2291,  66.2521,
         92.8969,  66.3042,  47.7074,  58.3834, 139.3507,  80.3794, 142.3435,
         56.0575,  55.4113,  84.7396,  49.8739,  87.6339,  51.2772, 119.5617,
        123.7499,  85.4655,  67.0874,  83.6521,  57.6041, 192.7727,  96.1610,
         64.7540, 106.8061,  90.6378,  71.0590, 117.3617,  59.5691,  80.8179,
         46.8310, 155.9921, 105.5295,  87.3587,  60.0794,  76.6226,  89.4591,
         68.2155, 103.2388, 111.4995,  76.4515,  47.7547, 125.1714,  58.9586,
         52.7589, 143.0478,  86.9415,  72.2373,  84.3803,  93.3975,  93.6701,
         56.8033,  43.5732,  61.6633,  91.5367, 119.6455,  59.4499, 101.1763,
         99.4987,  53.2464, 235.7876, 145.6568,  24.1850,  51.7065,  59.5177,
         36.4043,  47.2259, 110.1977,  38.2871,  65.9369,  42.8582,  50.1836,
         75.2228,  73.3155,  40.9907,  80.1306, 105.7996,  52.2106,  51.0240,
         64.4877,  60.8389,  59.4962,  55.2893, 107.0259, 107.4414,  46.9166,
         47.4408,  92.0126,  28.3342,  72.2392,  86.1701,  67.0954,  86.7389,
         60.3025, 108.1800,  88.6892,  45.1018,  52.2930,  86.7220, 103.0110,
         48.3512,  70.1227,  57.8770, 123.8418,  41.0350, 116.8533,  46.1767,
         75.2588,  45.8858,  50.1440,  60.2908,  48.4680, 114.5779,  23.9440,
         51.4467,  64.7251,  65.7058, 124.2279,  78.4457,  58.8808,  58.6943,
         73.5621,  81.7319,  86.5343,  91.9632,  89.5595,  71.9179,  48.5058,
         75.3798, 124.0707,  83.1904,  85.6009,  72.6191,  33.4294,  67.6946,
        102.8116,  65.7032,  82.5590,  45.2820,  94.5281,  39.3915,  51.5012,
         74.2842,  86.7275,  37.1424,  69.8294,  42.7441,  59.3756,  73.6573,
        121.3258, 116.9508,  44.3881,  31.2190]), 'model.features.5.0.block.0.1.num_batches_tracked': tensor(703214), 'model.features.5.0.block.1.0.weight': tensor([[[[ 4.8782e-02, -5.0246e-03, -4.6324e-03, -2.2845e-02,  2.4832e-02],
          [-1.6666e-03, -1.3412e-03, -1.4373e-01,  1.7673e-02,  1.3360e-02],
          [-4.3900e-02, -1.3935e-01, -4.4632e-01, -1.4744e-01, -1.4141e-02],
          [ 5.2801e-02, -2.8752e-02, -3.3555e-01, -3.4720e-02,  5.7668e-02],
          [ 4.0907e-02, -2.2083e-02, -6.9790e-02, -2.0621e-02,  2.1199e-02]]],


        [[[-2.4618e-02, -1.1956e-02, -2.9784e-03, -9.1734e-03, -3.7369e-03],
          [-2.2627e-02,  2.4299e-02, -7.4034e-02,  2.2789e-02, -9.8721e-03],
          [-2.4860e-02, -6.2983e-02,  9.1378e-01, -5.1750e-03, -2.7367e-02],
          [-1.9190e-03, -5.5863e-03,  3.4447e-02, -9.4562e-03,  1.4386e-02],
          [-3.5504e-02, -1.8313e-02, -7.3390e-02, -4.0512e-02, -3.7421e-02]]],


        [[[ 5.4769e-02,  4.7489e-02,  3.8202e-02,  5.4901e-02,  8.2776e-02],
          [ 3.1457e-02,  1.9179e-03, -1.3543e-01,  3.4755e-02,  4.0457e-02],
          [ 5.8180e-02, -3.7276e-02, -6.1796e-01, -1.0284e-01,  8.5305e-02],
          [ 1.4684e-02, -9.9518e-03, -1.3253e-01, -4.6069e-03,  4.3746e-02],
          [ 3.1386e-03,  3.6491e-02,  4.5920e-02,  4.7677e-02,  1.7728e-02]]],


        ...,


        [[[-3.4318e-02, -5.0412e-02,  5.5988e-02, -6.5344e-02,  1.8813e-02],
          [ 3.2998e-02,  5.0743e-04,  4.8069e-02,  6.7922e-03,  2.2240e-03],
          [-7.6524e-03,  1.2769e-01,  4.0987e-01,  1.0915e-01, -8.6385e-02],
          [-1.0115e-01,  3.9973e-02,  8.0125e-02,  2.3950e-02, -1.0039e-01],
          [-8.2940e-03, -7.7284e-03, -8.8431e-02,  1.3585e-03, -1.2456e-02]]],


        [[[-2.2139e-03,  2.6624e-03, -7.1943e-02, -4.6681e-02, -2.1401e-02],
          [ 2.9801e-02, -5.3242e-02, -1.0899e-01, -6.4272e-02,  3.2131e-02],
          [-4.9788e-02, -1.1913e-01, -7.4773e-02, -1.3305e-01, -3.6484e-02],
          [-1.8980e-02, -1.2421e-01, -9.7292e-02, -6.5188e-02,  3.4320e-02],
          [-3.7814e-02, -5.3038e-02, -3.5727e-02,  6.3547e-03,  1.7287e-02]]],


        [[[-7.6082e-02, -6.1135e-02, -1.5929e-01, -7.5405e-02, -7.1694e-02],
          [-1.1605e-01, -8.7633e-02, -3.5810e-02, -1.0994e-01, -1.1606e-01],
          [-2.0216e-01, -8.8086e-03,  3.0855e-01,  6.7929e-02, -2.3445e-01],
          [-7.2692e-02, -1.3756e-01,  1.0735e-01, -8.2587e-02, -1.3106e-01],
          [-4.4006e-02, -7.4417e-02, -2.2802e-01, -1.3021e-01, -3.7891e-02]]]]), 'model.features.5.0.block.1.1.weight': tensor([0.9723, 0.6601, 1.5335, 0.8908, 0.7486, 0.9107, 0.7192, 0.7770, 3.8036,
        0.9718, 0.7330, 1.4037, 3.5233, 0.6250, 0.9680, 1.1016, 2.4098, 1.7350,
        1.6574, 2.1533, 0.4701, 0.5278, 0.6204, 0.7339, 0.7865, 0.8170, 1.4797,
        0.6943, 0.5760, 0.4768, 0.6878, 0.5087, 1.3926, 0.7666, 0.5918, 1.3198,
        0.9890, 1.2686, 1.4135, 0.6303, 1.0190, 0.7702, 1.1947, 1.6076, 1.6832,
        0.8395, 1.4373, 1.2335, 2.2060, 0.6157, 0.6905, 1.0344, 1.0291, 2.0810,
        2.3688, 1.0177, 0.7873, 1.0420, 1.6415, 0.9580, 1.0052, 1.8966, 1.5333,
        1.2507, 0.8872, 0.1819, 1.4260, 1.1349, 0.7791, 0.6010, 2.2114, 1.3925,
        1.1476, 0.9282, 1.6778, 0.5231, 1.0319, 0.5723, 1.6596, 1.9222, 1.3031,
        1.1439, 0.9869, 1.0738, 2.1312, 0.8921, 1.3757, 1.5535, 1.3433, 1.0266,
        0.7067, 0.6383, 0.6299, 1.5223, 0.7886, 1.1768, 0.8362, 1.5039, 0.9804,
        0.8385, 0.6604, 0.6081, 0.5400, 1.5896, 1.1241, 0.4343, 1.3909, 0.9067,
        2.1111, 1.4169, 0.5129, 0.8705, 2.0142, 0.5687, 1.3323, 0.4551, 1.0338,
        1.5749, 1.2557, 1.5932, 1.1638, 0.6255, 0.8482, 2.3810, 0.9832, 1.2901,
        1.0907, 2.7250, 1.6604, 0.6448, 1.2173, 0.4298, 1.5700, 0.9486, 2.6200,
        0.8387, 1.0077, 0.7190, 1.1803, 0.8086, 0.8838, 0.8562, 1.2413, 0.9696,
        0.5569, 1.1122, 1.9303, 1.5292, 0.7606, 0.8533, 2.6610, 0.9375, 1.0560,
        1.2967, 0.6413, 1.0626, 0.9237, 1.7609, 0.4658, 0.8114, 0.6774, 1.4345,
        1.2673, 0.7690, 1.8213, 0.6955, 1.9243, 0.5577, 0.8055, 0.7103, 0.6787,
        0.7890, 1.3373, 0.6336, 0.6815, 3.2422, 0.7356, 1.3350, 1.6131, 0.5054,
        0.5501, 0.7895, 0.6578, 0.9562, 2.3942, 0.7535, 0.5817, 1.2109, 0.7888,
        1.0116, 1.0479, 0.7532, 0.6844, 0.6173, 1.3028, 1.2426, 0.8005, 0.5521,
        1.3293, 1.8189, 1.0172, 1.2288, 1.4953, 0.7358, 1.5847, 1.5672, 2.0519,
        1.5528, 2.7941, 1.2437, 0.9699, 1.4796, 0.5810, 1.2966, 0.6430, 0.5215,
        0.9712, 1.3710, 1.9999, 0.6575, 0.7131, 1.4150, 1.0079, 1.1096, 0.5817,
        0.9365, 1.3616, 0.4270, 0.5330, 0.9732, 0.7363, 1.3367, 0.6436, 1.6093,
        0.7499, 1.8502, 0.4962, 0.5422, 1.6556, 0.4194, 0.7191, 0.9123, 1.3311,
        2.3102, 0.7093, 1.1875, 0.6991, 0.6050, 2.0854, 1.5044, 0.8078, 0.6984,
        1.4340, 1.0111, 0.9078, 0.6856, 1.1876, 0.4883, 1.1611, 1.9514, 0.7288,
        2.1957, 0.7909, 0.6775, 1.2195, 0.6829, 0.8795, 0.9046, 0.9550, 0.8418,
        1.1453, 1.9259, 0.6691, 1.4402, 1.0829, 1.4049, 0.6809, 1.2030, 0.8195,
        1.9641, 0.6218, 1.9350, 1.7096, 0.6264, 1.7998, 1.1974, 1.0768, 1.1100,
        0.8022, 1.1330, 0.7651, 1.0767, 0.6307, 0.8003, 1.8667, 1.9146, 1.2714,
        0.5282, 0.7073, 1.1056, 0.6934, 1.1878, 1.6252, 0.9403, 0.4621, 1.3245,
        0.6020, 0.7370, 0.5569, 1.2021, 0.7521, 1.3415, 1.5334, 0.7525, 0.8029,
        0.5414, 1.5386, 0.7696, 0.8105, 0.5128, 1.7145, 0.5473, 0.8179, 0.6150,
        0.7268, 0.8723, 2.9410, 0.7240, 0.6757, 2.3073, 1.4395, 0.5110, 1.4072,
        0.6053, 1.3403, 1.3182, 1.7647, 0.9034, 0.8165, 1.5457, 0.6020, 1.1462,
        0.8654, 0.5928, 1.4278, 1.0899, 0.8755, 0.6451, 0.7988, 1.1633, 0.3581,
        0.7883, 0.7344, 1.8836, 1.5876, 1.5857, 1.4317, 1.4745, 0.9629, 0.7873,
        0.8977, 1.0773, 1.1831, 0.6214, 0.9683, 1.7066, 0.6591, 0.8018, 2.2364,
        0.6472, 1.3774, 1.9985, 1.5287, 0.5269, 1.3257, 0.5328, 0.4233, 1.5684,
        1.3014, 1.3756, 0.8768, 0.5859, 1.5947, 0.6950, 1.8832, 0.8892, 0.6286,
        0.6472, 1.7996, 0.7578, 0.5497, 1.1286, 1.8565, 2.1536, 2.4377, 1.4021,
        1.4054, 0.7457, 0.7808, 0.9463, 0.8680, 1.3668, 0.6716, 0.8245, 1.4456,
        1.0979, 1.6480, 1.0363, 2.4301, 1.0428, 0.5738, 1.0068, 0.4886, 1.1307,
        1.2264, 1.6538, 1.1892, 1.3845, 1.0343, 0.7689, 1.6210, 0.6273, 0.6704,
        1.0490, 1.3882, 0.8088, 0.6798, 1.9863, 0.6486, 1.9497, 2.2531, 2.6783,
        0.5908, 3.6475, 2.8878, 1.2349, 0.5971, 1.1471, 0.8844, 0.7080, 2.1009,
        0.9488, 1.7047, 0.7448, 0.9302, 1.1330, 1.4519, 1.5438, 0.9915, 3.6305,
        0.5243, 0.8537, 0.5232, 0.5892, 1.2820, 2.2250, 0.9719, 1.6621, 0.5681,
        0.8094, 1.7662, 0.6007, 0.6583, 0.8221, 0.7825, 1.1953, 0.7933, 0.9907,
        1.1679, 0.4190, 0.6712, 1.4857, 0.5686, 1.1065, 1.3910, 0.4752, 1.3225,
        2.5352, 1.7890, 4.6846]), 'model.features.5.0.block.1.1.bias': tensor([ 8.4536e-02,  5.3369e-01,  1.1644e+00,  1.8524e-01, -5.1332e-01,
         3.7310e-01,  7.8725e-01,  5.9905e-01, -2.2008e+00, -4.4509e-01,
         6.6596e-01, -2.9735e-01,  1.7389e-01,  8.6854e-01,  5.7833e-01,
         6.2776e-01, -7.6449e-01, -5.0669e-01, -6.6900e-01, -1.1645e+00,
         5.1234e-01,  9.0320e-01,  3.4344e-01,  7.0676e-02,  2.1474e-01,
         7.4121e-01,  2.0654e-01,  3.9916e-01,  4.4574e-01,  8.8190e-01,
         4.1077e-01,  8.1863e-01, -1.4436e+00,  4.4453e-02,  8.8433e-01,
        -5.2657e-02,  6.3705e-03, -7.5084e-01, -1.3872e+00, -2.2387e-01,
         5.0627e-01,  7.9567e-01,  4.9269e-01, -4.8508e-01, -1.3037e+00,
         7.2571e-01, -4.7047e-01, -3.3673e-01, -5.0884e-01,  3.3487e-01,
         7.5016e-01,  4.8310e-01,  1.9290e-01, -5.7161e-01, -4.4076e-01,
        -2.2923e-01,  7.5380e-01,  2.2866e-02, -4.6903e-01,  8.8395e-02,
         2.2803e-01, -3.7826e-01, -1.0445e+00, -1.2576e+00,  1.7243e-01,
         1.3629e+00, -5.2791e-01, -3.5367e-02,  8.3016e-01,  2.7349e-01,
         3.1138e-02, -1.6214e+00, -1.3772e-01,  2.3302e-03, -1.2012e+00,
         7.8560e-01, -1.0434e-01,  7.8453e-01,  4.5929e-02, -8.7261e-01,
        -8.6566e-01, -1.3479e+00,  1.4230e-01,  2.0421e-01, -2.2482e-01,
         3.5008e-01,  2.5323e-01, -5.5380e-01,  6.2507e-02, -7.9467e-03,
         8.2510e-01,  4.8928e-02,  4.5582e-01, -1.1605e+00, -7.7788e-02,
        -1.4199e+00, -2.7303e-02, -4.5178e-01,  7.7640e-02,  7.1538e-01,
         4.4239e-01,  1.2811e+00,  1.6186e+00, -1.3610e+00, -1.5449e-01,
         8.5055e-01, -8.8296e-01,  5.8830e-01, -5.2843e-01,  6.0180e-01,
         4.6390e-01, -3.7256e-02, -2.0889e+00,  9.5791e-01, -6.9130e-01,
         8.8754e-01,  6.4214e-01, -5.0549e-01,  1.6478e-01,  1.4895e-02,
         7.4137e-02,  7.2711e-01,  1.8751e-01, -2.5174e+00,  6.5565e-01,
        -8.0950e-01,  2.4179e-01, -5.1843e-03, -1.2061e+00,  3.2168e-01,
        -1.4633e+00,  7.6258e-01, -6.4464e-01,  7.5985e-01,  5.6200e-01,
        -6.4356e-02,  2.6750e-01,  3.2407e-01, -7.5248e-01,  4.9329e-01,
         8.9827e-01,  6.4554e-01, -3.8989e-01, -3.7092e-01,  1.0394e+00,
        -2.6292e-01, -9.9715e-01,  4.9311e-01,  5.5391e-01,  4.2058e-01,
        -2.6449e-01, -1.3741e-01, -1.1106e-01, -2.2883e-01,  4.7142e-02,
        -2.7304e-01,  4.5404e-01, -9.7084e-01,  1.1654e+00,  6.3359e-01,
         1.0322e-01,  1.5388e-02,  2.8007e-01,  7.3249e-01, -4.2587e-01,
         5.0944e-01, -1.2623e+00,  8.1538e-01,  8.7611e-01,  4.2680e-01,
         1.3015e+00,  4.7824e-01, -9.3063e-01,  1.5468e+00,  1.8668e-01,
         5.4322e-01,  5.8074e-01, -2.4881e-01,  5.1238e-01,  4.2103e-01,
         8.1108e-02,  8.1585e-02,  5.0739e-01,  3.7048e-01,  2.2139e-01,
         7.3763e-01,  8.4937e-01,  8.7434e-02,  1.2930e-01,  4.0861e-01,
        -8.5711e-02,  5.1759e-01,  4.4238e-01,  6.4541e-01,  8.4830e-01,
        -1.2844e+00,  5.4646e-01,  1.2770e+00, -1.7885e-01, -5.6634e-01,
        -3.5314e-02, -1.6696e-01, -1.1096e+00,  9.3812e-02,  2.7476e-01,
        -8.2870e-01, -3.7488e-01, -1.4612e+00, -1.3600e+00, -6.3162e-01,
         2.9154e-01, -2.6619e-01,  1.1427e+00, -1.1560e-01,  7.0485e-01,
         7.8598e-01, -8.8481e-02, -2.8701e-01, -8.0025e-01,  1.7983e-01,
         1.1433e+00, -3.6616e-01,  3.7957e-01,  2.7844e-01,  5.6404e-01,
         5.0036e-01, -1.1298e+00,  1.0163e+00,  1.1112e+00,  6.0118e-03,
         6.8996e-01, -2.5782e-01,  6.0251e-01, -1.5295e+00,  2.6549e-01,
        -4.3298e-01,  1.2449e+00,  8.6897e-01, -1.3361e+00,  6.9446e-01,
         8.6645e-01,  2.2456e-01, -8.6940e-01, -7.8789e-02,  1.4651e-01,
         2.2964e-01,  7.0306e-01,  3.6579e-01, -4.8579e-01, -2.7165e-01,
         3.4712e-01,  3.3676e-01, -7.6044e-01,  7.1374e-01,  6.0626e-01,
         7.0037e-01, -2.1907e-01,  1.6863e-01, -2.6349e-01, -2.4571e+00,
         5.8625e-01, -4.1940e-01,  2.0167e-01,  7.1953e-01, -1.7865e+00,
         3.4111e-01,  5.1490e-01,  2.0320e-02, -2.8288e-02,  7.8945e-01,
        -7.9397e-02, -6.2263e-01,  3.0173e-02, -1.5486e+00, -9.9365e-01,
        -1.0634e-01,  7.6116e-01, -2.0723e-01,  3.3638e-01, -1.0595e-01,
         6.0413e-01, -7.1705e-01, -1.3794e+00,  1.1392e+00, -5.5049e-01,
        -2.8694e-01,  2.8848e-01, -3.4479e-01,  1.5223e-01, -3.5632e-01,
         4.2829e-01, -9.3208e-01,  9.5353e-01,  2.1480e-01, -5.3119e-01,
        -4.3480e-01, -2.7461e-01,  1.7922e+00, -4.0477e-01, -2.4094e-01,
        -4.6550e-01, -5.7593e-01, -9.0493e-01,  1.6384e-01,  7.5606e-01,
        -1.0852e+00,  4.4940e-01,  4.9021e-01,  4.4381e-01, -3.9156e-02,
         2.2037e-01, -1.3651e+00, -2.4960e-01,  8.1277e-01,  3.7344e-01,
        -1.4440e-01, -7.8309e-01,  2.3795e-01,  1.4781e-01,  9.8290e-01,
        -5.4836e-01, -1.3829e-01,  5.0390e-01,  5.5157e-01, -2.3198e-01,
        -8.3705e-02, -1.6280e+00,  5.8151e-01,  6.8748e-01, -3.9825e-01,
        -5.3707e-01,  6.9137e-01, -6.2546e-01,  1.0610e+00, -2.5748e-01,
        -9.9124e-01, -5.5576e-01,  1.3973e-01,  6.2584e-01, -1.6023e+00,
         7.3313e-01,  5.8968e-02,  4.4546e-01,  1.5488e+00, -9.5288e-01,
        -7.8350e-01,  1.6107e-01,  5.8465e-01,  4.6152e-01,  2.1714e-01,
         1.0419e+00,  8.6407e-01,  6.0454e-01, -4.6566e-01, -6.4209e-01,
        -8.8050e-01,  8.9934e-01,  2.3310e-02,  2.6700e-01,  7.0988e-01,
         1.2231e-01,  3.0138e-01, -1.2803e-01,  4.2009e-02, -3.7640e-01,
        -1.8529e-01,  1.1441e+00,  6.1623e-03, -4.8521e-01,  7.2895e-01,
        -5.9484e-01, -4.6316e-01, -1.4293e+00,  1.6557e+00, -7.1377e-01,
         8.1192e-01,  1.2908e+00, -6.1748e-01, -9.7344e-01,  1.0579e-01,
         1.5447e-01,  4.0455e-01, -9.0824e-01,  1.6298e+00, -1.8640e-01,
         2.3530e-01,  6.3762e-01,  7.1649e-01, -1.5329e+00,  6.6047e-01,
         7.3045e-01,  5.4819e-01, -7.5995e-01, -8.2711e-01,  5.8189e-01,
        -2.7664e+00,  3.6543e-01,  4.4020e-01,  1.9705e-01,  1.2508e-01,
         7.8263e-01, -1.3026e+00,  1.0543e+00,  6.0154e-01, -3.7420e-01,
        -4.8075e-03,  6.1034e-01,  1.2053e-01, -1.0710e+00, -4.0683e-01,
         6.5981e-01,  7.6821e-02,  7.9435e-01,  1.2079e-01, -9.4138e-02,
        -1.2251e+00, -9.8243e-01, -2.5331e-01, -1.3436e+00, -8.8712e-02,
        -9.7835e-01,  4.4312e-01,  7.5156e-01, -1.2861e-01, -9.3341e-01,
         2.3981e-01,  5.7616e-01,  3.5983e-02, -1.4127e-01, -1.0495e+00,
         6.4440e-01, -1.0241e+00,  1.5287e+00, -4.4115e+00, -4.9604e-01,
        -2.4549e-01,  9.4646e-01, -1.3639e+00,  9.8446e-01,  3.5526e-01,
        -5.9729e-01,  2.6044e-01, -1.2276e+00,  6.8328e-01,  2.6083e-01,
        -6.5780e-01, -1.2526e+00, -1.2493e+00,  3.0864e-01, -7.6687e-01,
         5.3857e-01,  1.7642e-02,  1.8674e+00,  9.3736e-01,  1.0670e-02,
        -5.2445e-01, -4.2717e-01, -8.2726e-01,  7.0275e-01,  6.9671e-01,
        -7.8372e-01,  1.5615e+00,  1.7166e-01, -2.3879e-01,  7.8195e-01,
         7.0470e-02,  6.2701e-01,  4.0223e-01,  2.3853e-02,  9.3532e-01,
         5.4373e-01, -1.5907e+00,  7.3622e-01, -5.9486e-01,  5.4702e-01,
         9.1477e-01,  8.1198e-02,  4.4913e-01, -9.6553e-01, -3.0298e+00]), 'model.features.5.0.block.1.1.running_mean': tensor([-1.0100e+00,  4.5862e-01,  7.6913e-03, -2.0953e+00, -8.6692e-02,
        -7.9522e-02, -8.9924e-02,  6.9808e-01,  4.1202e-02,  6.5376e-02,
        -1.1044e+00, -7.7968e-03, -3.5145e-02,  7.5138e-02,  1.1712e-01,
        -1.4869e+00, -3.9990e-02, -1.0835e-01, -1.2334e-02, -1.1628e+00,
        -5.1122e-03,  4.0172e-03, -2.0354e-02,  2.7162e-01,  1.1549e-02,
         9.8504e-03, -8.1010e-02, -2.6028e-01,  1.0861e-01, -9.3949e-03,
        -1.9223e+00, -6.8437e-02, -1.2366e-01, -1.5860e-02, -2.7411e-01,
         1.2716e-01,  7.8957e-02,  2.1768e-03, -2.0967e+00,  4.8813e-02,
        -5.2093e-03, -5.4857e-01,  3.5576e-02, -1.7706e-02, -7.3299e-01,
         2.9636e-02, -1.1788e+00, -8.3817e-01, -5.8226e-04,  3.2033e-02,
         1.4578e-01, -1.1369e+00, -9.3648e-01, -3.3102e-05, -6.4112e-03,
        -5.6739e-01,  6.5270e-03, -2.9270e+00, -2.1000e+01,  7.5128e-02,
        -9.1547e-02, -2.6754e-02,  3.1259e-02, -6.4087e-02,  4.5401e-02,
         8.9625e-02,  1.6248e-02, -1.1389e-01,  2.3585e-03,  9.6626e-02,
        -3.1210e-02, -4.3106e-03, -1.0055e+00,  1.5014e-01, -1.2456e+00,
        -6.8783e-01, -1.3024e+00, -7.0328e-04,  1.3796e-02,  1.4542e-02,
        -2.0040e+00,  7.7989e-01, -1.9788e-01, -6.5216e-01, -2.2615e-02,
        -5.4396e-01, -6.7257e-03,  5.1118e-03, -5.5755e-02, -5.0641e-01,
        -2.2403e-01, -1.3907e-01, -1.4517e-02, -2.7526e+00, -1.0558e-02,
        -7.0630e-03,  2.6158e-01, -1.3282e+00, -1.2052e-02,  2.5439e-01,
        -4.5521e-02, -4.0154e-02, -2.6389e-02, -7.0158e-03, -1.9299e-02,
        -2.5254e-01, -1.8467e+00, -2.5033e-01,  1.4121e-03, -1.0881e+00,
        -1.7636e-02, -9.0993e-02, -1.6398e-01, -1.5473e-01, -3.5816e-02,
         6.1937e-02,  3.5357e-03,  2.0094e-03, -2.7311e-01, -2.4478e-03,
         1.0361e-01,  4.6052e-02,  7.2912e-02, -1.2767e-01, -1.2365e-02,
        -1.4566e+00, -7.2786e-01, -1.2991e-01, -1.0015e-02, -8.5049e-02,
         3.7537e-02, -1.6726e-02, -8.9016e-01, -8.2307e-02, -1.3204e-01,
        -2.3987e-02,  2.4434e-01, -3.9335e-01, -9.0957e-02,  1.9457e-01,
         2.9530e-03,  1.4091e-02, -1.2842e+00, -9.3777e-03,  1.9612e-01,
        -3.2498e-01, -1.6436e-02, -2.9166e-03, -3.5507e-02, -7.3900e-01,
         1.0361e-02,  3.5396e-02, -3.9864e-01, -2.7496e-02, -2.6940e-03,
        -1.8499e-03, -2.5855e-01, -1.3152e+00, -1.5974e-03,  8.5413e-02,
        -1.9579e-02, -3.4574e-02,  5.0551e-02, -1.7546e-01,  2.0752e-04,
         2.5994e-01, -3.0281e+00,  5.5355e-03,  5.5046e-02,  1.9767e-03,
        -1.6737e-02, -9.9509e-01,  1.1251e-02,  5.1690e-02, -2.0138e-01,
        -2.1459e-01,  9.9095e-04, -9.3144e-01,  1.7443e-03, -3.5772e-03,
        -6.9214e-02,  1.4024e-01, -2.6567e-02,  1.1459e-02, -1.9154e-01,
         1.6885e-01,  4.5704e-03, -5.3460e-01,  3.0022e-02, -3.8944e-04,
         3.1423e-03,  2.9050e-03,  1.8218e-02, -1.4204e-01,  4.5149e-02,
        -1.8062e+00,  1.0378e-03, -5.8107e-03, -1.9845e-01,  2.7598e-04,
        -7.8372e-01, -4.4206e-01, -6.0691e-03,  3.1015e-03, -1.2737e-02,
        -5.4366e-03, -3.2828e-03, -2.4996e-02,  1.1230e-02,  3.4884e-02,
         3.1485e-03, -6.3152e-03,  1.5808e-02, -5.5195e-04, -3.0254e-04,
        -1.0925e-01,  6.6407e-01, -2.1194e+00, -3.0092e-02,  1.6558e-01,
         1.3098e-03, -4.3995e-02, -8.0806e-04, -5.4739e-02, -2.4890e-01,
        -3.5423e-01, -2.0724e+00,  3.8330e-02,  4.2618e-01, -5.1067e-01,
        -2.5758e-03, -5.6267e-01,  2.9261e-02,  6.5980e-01,  2.8153e-01,
        -1.4796e-03, -2.1301e-01,  1.5088e-01, -1.8398e+00, -1.6589e-01,
        -9.8337e-03, -9.9322e-01, -9.7430e-03,  3.0206e-03,  7.7668e-02,
         1.0724e-04, -1.0084e-02, -4.5700e-02, -9.3474e-03, -2.1219e-03,
        -1.3091e-02, -8.8989e-02,  2.0159e-02, -1.5594e-02,  5.8044e-03,
        -2.1163e-01, -3.1734e-01,  3.1655e-02, -1.5502e+00, -1.9859e-01,
        -7.9726e-03, -3.2221e-03, -5.7578e-01,  5.4874e-03,  4.3245e-01,
        -2.3595e-02, -9.5816e-02, -2.6144e-02, -5.9582e-01, -4.8848e-03,
        -2.6835e-01, -1.4499e-02,  1.7505e-02, -3.0327e-02, -1.7259e-01,
        -7.8401e-01, -1.2416e-01, -5.4662e-01,  9.1057e-02, -1.0318e-02,
         2.0462e-01,  4.0772e-03, -1.1026e-01, -2.7094e-01, -4.0438e-02,
        -7.8055e-01,  1.4067e-02, -1.1664e-02,  8.1231e-02, -4.1393e-01,
         1.4316e-01,  6.6941e-02,  6.6469e-03, -1.9644e-01, -6.9393e-04,
        -1.4071e-03,  1.2504e-03, -2.6796e-02, -6.2318e-03, -4.9274e-02,
         9.5056e-02, -1.0998e-02, -4.9209e-01, -8.3823e-02, -5.7142e-01,
        -6.1872e-03, -5.1571e-01, -3.5180e-01,  2.6943e-02, -7.5964e-04,
        -1.9726e-01, -1.2832e-02, -3.4107e-02,  1.9591e-01, -9.3350e-02,
        -7.3635e-02,  3.1307e-04,  3.3408e-01,  4.1851e-01, -1.6921e-03,
        -4.5750e-05, -1.4455e-01, -7.0911e-02,  1.3772e-01, -3.1629e-02,
        -3.8393e-02,  9.7370e-03, -4.8218e-02, -3.8152e-01, -1.4661e-03,
        -4.2846e-01, -2.8866e-01, -1.4347e+00, -1.2581e-01, -1.2169e+00,
         1.0065e-02, -1.0370e-02, -2.3986e-01,  1.8726e-02, -9.8801e-02,
        -1.2351e-01, -2.0382e-02, -1.1092e+00, -1.2035e-02, -2.3058e-01,
        -1.7273e-03, -2.4072e-03, -1.4063e-01,  3.1310e-01, -5.8320e-01,
         1.0222e-01,  2.1579e-03,  5.2256e-01, -7.6282e-03,  6.3921e-03,
        -6.1503e-02, -3.8971e-01, -8.6316e-02, -9.4114e-03, -4.2059e-02,
        -1.3220e-01,  1.2149e-02, -3.3300e-02,  1.3717e-01,  3.5056e-03,
        -1.4077e-01, -4.6029e-02,  2.8020e-02, -1.4829e+00, -1.9925e-01,
        -1.8881e+00,  5.1823e-03,  2.5610e+00, -6.6454e-02, -1.1080e-01,
        -9.7209e-01, -2.3390e-02,  1.4335e-03, -1.4861e-02,  1.7320e-02,
         3.9333e-02,  7.7640e-02, -1.5373e+00,  1.2091e-04,  1.0173e-03,
        -7.3262e-01, -9.7510e-02, -1.4713e-02,  1.7338e-03, -6.8465e-01,
        -3.1077e-02, -1.1785e-01, -5.0177e-02, -5.2959e-02, -1.6371e-01,
        -2.3710e-02,  2.9970e-04,  3.0097e-01, -7.0025e-01, -5.2600e-03,
        -5.9150e-02, -3.1879e-02, -8.7194e-03, -4.9096e-01, -4.8314e-01,
        -1.0039e+00,  9.3742e-01, -3.3713e-01,  6.2371e-03, -4.6766e-03,
        -1.0315e-01, -6.2779e-01,  1.4287e-02, -2.7655e-02, -1.8174e-01,
        -1.0684e-01,  1.9126e-01, -1.6038e-01,  1.0823e+00,  1.5024e-01,
        -6.2359e-01, -4.5495e-02,  2.6540e-01, -3.9366e-01, -9.4491e-01,
         8.6112e-03,  4.2915e-01, -1.7573e-01,  1.5622e-02, -1.0546e+00,
        -7.4097e-02, -5.1677e-01, -1.2196e-02,  7.6754e-03, -5.4576e-02,
        -1.0841e-01,  1.2188e-01,  2.3473e-02, -4.0761e-01, -9.3446e-02,
        -2.8593e-01, -8.0318e-01, -2.3896e-02,  9.6722e-02,  4.5923e-01,
        -1.2835e-02, -1.6343e+00, -2.1516e+00, -1.3624e-01, -6.2245e-02,
         8.2335e-02, -3.0303e-01,  8.4828e-02,  5.3504e-01, -5.5100e-01,
         3.0735e-03,  3.3829e-01, -7.1441e-03, -2.9694e-02, -8.8830e-02,
        -6.0651e-02, -1.7438e-02,  3.0937e-02,  2.3076e-02,  1.5863e-01,
        -1.0513e-01,  4.6248e-03, -4.1016e-01, -4.9062e-02,  1.7678e-01,
         8.2761e-02, -8.3758e-01,  8.3870e-05, -8.4265e-01,  1.2605e-03,
         6.6428e-03,  7.4527e-04, -7.3262e-02, -2.5078e-01, -5.2749e-01]), 'model.features.5.0.block.1.1.running_var': tensor([1.3947e+00, 1.3518e+00, 4.4247e-04, 2.9811e+00, 8.0103e-03, 9.5438e-02,
        9.2566e-01, 3.3970e+00, 7.0536e-01, 9.7702e-02, 1.4805e+00, 1.3926e-02,
        2.2032e-02, 2.5887e-02, 1.5018e-01, 1.9544e+00, 7.6793e-02, 1.0571e-01,
        9.1837e-03, 9.9009e-01, 6.5750e-02, 1.8567e-01, 7.1884e-02, 4.0536e-01,
        6.8601e-01, 7.3700e-03, 2.8397e-02, 9.8271e-03, 2.8766e-01, 9.9516e-02,
        1.2604e+00, 1.4875e-01, 9.8081e-01, 1.6560e-02, 1.1060e-01, 1.0482e+00,
        4.2500e-02, 2.0414e-03, 7.3066e-01, 1.1161e-01, 3.7929e-04, 5.1715e-01,
        1.4352e-01, 1.1463e-02, 3.0935e-01, 9.3610e-02, 1.6440e+00, 8.8222e-01,
        2.7168e-03, 2.4073e-01, 1.4634e+00, 6.0952e-01, 2.5903e+00, 4.7748e-03,
        3.1797e-03, 3.9860e-01, 6.8038e-03, 4.1777e+00, 2.6552e+01, 5.2475e-01,
        2.7028e-01, 6.6578e-03, 2.3276e-03, 2.2400e-03, 4.2231e-01, 2.8081e-03,
        9.5392e-03, 1.7266e-01, 1.7757e-02, 4.1764e-01, 2.2764e-02, 2.7329e-04,
        2.9165e-01, 1.4077e-01, 1.4149e+00, 2.9451e-01, 7.8875e-01, 7.3185e-02,
        7.5966e-02, 3.0980e-02, 6.3599e-01, 6.0192e-01, 9.3130e-01, 3.8950e-01,
        2.9429e-02, 6.6000e-01, 1.6708e-02, 1.2458e-02, 1.0676e+00, 3.2292e-01,
        1.9085e+00, 1.2798e-02, 1.7085e-02, 1.0074e+00, 5.0205e-02, 1.6992e-02,
        7.3845e-01, 9.6310e-01, 1.1169e-02, 4.1025e-03, 7.0314e-02, 3.4345e-01,
        1.0803e+00, 1.9530e-03, 2.0161e-02, 1.9540e-01, 1.1445e+00, 8.4063e-01,
        2.6805e-03, 2.2094e-01, 5.0038e-02, 1.1094e-02, 5.4438e-03, 6.1932e-01,
        1.8137e-02, 4.1664e-02, 2.4569e-03, 5.3357e-03, 1.6388e-01, 9.1604e-03,
        2.4559e-01, 3.6167e-01, 2.9897e-01, 3.6509e-03, 6.1159e-02, 8.0087e-01,
        2.4005e-01, 5.4914e-03, 5.0957e-04, 1.2924e+00, 2.2496e-02, 8.0890e-02,
        7.0941e-01, 1.4078e+00, 8.6646e-03, 9.0827e-01, 6.4581e-01, 3.2231e-01,
        1.6307e-02, 7.6449e-03, 2.6173e-02, 6.9323e-01, 1.2383e+00, 2.9729e-03,
        7.8383e-01, 2.2010e-01, 3.6394e-02, 3.6727e-02, 9.3737e-02, 8.0551e-01,
        1.9315e-02, 1.6446e-02, 7.3410e-01, 1.2059e-01, 1.1383e-01, 2.5248e-03,
        2.5398e+00, 7.7691e-01, 1.9344e-01, 5.5430e-01, 3.6984e-02, 1.0224e-02,
        1.0948e+00, 9.9413e-01, 1.2956e-02, 2.0893e+00, 1.7323e+00, 4.9403e-02,
        1.2149e-01, 2.7002e-02, 1.9398e-02, 1.4981e-01, 2.8276e-03, 3.9785e-01,
        1.8025e-01, 1.4358e-02, 2.2639e-01, 9.0707e-01, 2.6122e-04, 8.6965e-02,
        5.3210e-02, 2.5013e-01, 4.1948e-02, 2.2870e-01, 2.3080e-03, 2.9101e-02,
        4.7899e-02, 8.5421e-01, 1.0562e-01, 1.6260e-01, 2.7287e-02, 2.6429e-02,
        1.2983e-01, 2.9047e-01, 1.4969e-01, 5.9613e-01, 2.0228e-03, 4.8279e-02,
        1.4387e-01, 4.8956e-03, 8.2160e-01, 3.1255e-01, 3.8499e-04, 1.1382e-01,
        6.5278e-02, 2.5043e-02, 1.0057e-02, 7.7997e-04, 3.0308e-02, 7.5786e-02,
        1.2077e-03, 5.5990e-03, 2.4258e-01, 5.3905e-04, 1.8688e-01, 8.0932e-03,
        1.4510e+00, 3.6118e+00, 3.5299e-02, 3.9070e-01, 5.2809e-03, 3.2062e-02,
        9.2034e-04, 6.2345e-03, 2.7449e-01, 2.5488e-01, 1.5992e+00, 3.0753e-02,
        7.6161e-01, 4.6671e-01, 2.3631e-03, 7.5777e-01, 2.1077e-01, 1.0615e+00,
        1.3681e+00, 2.9094e-03, 9.9459e-02, 2.0989e-02, 1.4303e+00, 1.9054e-01,
        1.0715e-02, 1.3541e+00, 5.4112e-03, 6.9132e-02, 6.4868e-01, 8.8067e-03,
        1.0204e-02, 2.7966e-02, 7.2496e-03, 2.7827e-03, 1.7955e-03, 8.7077e-02,
        3.6618e-02, 8.2450e-02, 1.7148e-02, 1.6048e+00, 2.1863e-01, 1.5277e-02,
        1.8066e+00, 1.2171e-02, 5.7891e-02, 3.7065e-03, 1.3807e-01, 3.7928e-02,
        4.1131e-01, 3.4601e-02, 1.0620e-02, 9.6037e-03, 4.2772e-01, 2.3311e-03,
        3.1961e-01, 2.5995e-02, 1.2854e-01, 2.1117e-03, 3.7914e-01, 8.7120e-01,
        7.8472e-02, 5.5338e-01, 2.4595e-01, 1.4194e-02, 4.1184e-01, 3.9827e-03,
        3.4018e-03, 2.3203e-01, 1.3767e-02, 3.3841e-01, 1.3759e-03, 2.0866e-03,
        1.0097e-01, 3.0064e-02, 2.8167e-01, 3.2663e-02, 5.5799e-04, 2.2486e-01,
        4.5970e-03, 4.6972e-03, 5.2737e-02, 8.1250e-01, 6.2328e-02, 1.8150e-02,
        2.5699e-01, 1.3397e-03, 6.5853e-01, 2.2642e-01, 5.0573e-01, 3.4769e-03,
        2.8694e-01, 3.5325e-01, 4.9263e-02, 3.5987e-02, 1.4019e-01, 3.1444e-04,
        8.4720e-02, 4.5429e-01, 3.4670e-03, 1.1350e-02, 1.8348e-02, 1.0718e+00,
        1.9949e+00, 9.2670e-04, 2.8857e-03, 3.2432e-03, 2.1019e-01, 9.7691e-02,
        1.6008e-02, 2.0467e-02, 2.1222e-02, 6.2771e-02, 7.3070e-01, 8.5528e-03,
        2.7545e-01, 1.3825e-01, 6.8138e-01, 4.8612e-02, 1.0253e+00, 4.1659e-03,
        1.4007e-03, 1.6962e-01, 1.4179e-02, 1.2280e-03, 2.1782e-01, 5.4559e-03,
        1.5353e+00, 2.9217e-01, 8.4738e-01, 5.6825e-03, 6.3658e-03, 1.1874e+00,
        4.0132e+00, 1.0361e+00, 3.9435e-02, 5.2837e-03, 7.5974e-01, 1.5728e-01,
        5.1071e-02, 6.4599e-03, 7.3039e-01, 9.8658e-03, 4.1919e-03, 6.7455e-01,
        1.1740e-01, 8.5182e-02, 7.2489e-03, 2.5321e-01, 2.0637e-03, 1.2751e-02,
        2.0192e-01, 5.7161e-02, 1.3579e+00, 1.1421e+00, 2.5272e+00, 4.7070e-03,
        2.6132e+00, 9.8557e-01, 4.6970e-02, 2.0118e+00, 3.0819e-02, 5.3412e-02,
        1.3190e-03, 1.6272e-01, 2.0813e-01, 3.7737e-01, 1.3531e+00, 5.7111e-04,
        6.9140e-03, 9.4490e-01, 3.7404e-01, 1.0084e-01, 2.1037e-03, 4.5757e-01,
        5.9867e-01, 2.8090e-01, 5.1908e-02, 9.1228e-02, 8.2408e-03, 3.4828e-02,
        6.8527e-04, 1.1849e+00, 1.4901e+00, 2.2780e-03, 1.7045e-01, 3.2350e-03,
        1.3353e-02, 7.5888e-01, 3.2587e-01, 7.2196e-01, 5.4146e-01, 3.3394e-01,
        1.4560e-01, 2.8243e-03, 9.6164e-01, 7.6983e-01, 4.6700e-02, 1.3061e-02,
        3.3121e-01, 6.1691e-03, 1.1616e-01, 1.1699e-02, 8.3404e-01, 3.4685e-01,
        5.3464e-01, 3.0760e-02, 1.4325e+00, 3.8679e-01, 3.6570e-01, 6.3526e-01,
        1.6187e+00, 8.2213e-02, 8.4987e-02, 8.0703e-01, 5.3215e-03, 4.2954e-01,
        2.9365e-01, 2.4246e-02, 1.0495e-02, 7.1422e-02, 3.0292e-02, 2.3295e-02,
        5.6393e-01, 3.4349e-02, 2.0160e-01, 3.7458e-01, 2.0507e-03, 4.5565e-01,
        1.7148e+00, 1.0171e-03, 3.0408e-01, 3.4417e-01, 2.1748e-01, 6.2562e-03,
        7.9180e-01, 6.1525e-02, 9.9268e-01, 1.4084e+00, 9.5195e-01, 1.4882e-03,
        3.0164e-01, 2.3159e-03, 1.1856e-01, 1.5926e+00, 3.0250e-02, 5.8749e-03,
        3.3276e-01, 4.1084e-02, 5.3352e-01, 1.0045e-01, 3.3634e-03, 5.8996e-01,
        1.0194e-01, 1.7692e-02, 2.4329e+00, 8.6176e-01, 1.2008e-01, 6.7618e-01,
        5.3189e-04, 1.0167e-01, 6.4829e-04, 1.0402e-02, 1.5530e-01, 1.0210e+00]), 'model.features.5.0.block.1.1.num_batches_tracked': tensor(703214), 'model.features.5.0.block.2.fc1.weight': tensor([[[[ 0.0056]],

         [[ 0.0764]],

         [[ 0.1380]],

         ...,

         [[ 0.1107]],

         [[-0.0740]],

         [[-0.0193]]],


        [[[ 0.0190]],

         [[ 0.0365]],

         [[-0.0872]],

         ...,

         [[ 0.0285]],

         [[-0.0289]],

         [[ 0.0443]]],


        [[[-0.0483]],

         [[-0.1780]],

         [[ 0.1748]],

         ...,

         [[ 0.1470]],

         [[-0.0211]],

         [[-0.0658]]],


        ...,


        [[[ 0.0356]],

         [[-0.0049]],

         [[-0.0570]],

         ...,

         [[ 0.0468]],

         [[ 0.0172]],

         [[ 0.0239]]],


        [[[ 0.0935]],

         [[-0.0513]],

         [[ 0.0720]],

         ...,

         [[-0.1857]],

         [[-0.0982]],

         [[ 0.3897]]],


        [[[-0.1036]],

         [[-0.1126]],

         [[ 0.0236]],

         ...,

         [[ 0.2594]],

         [[ 0.0924]],

         [[ 0.0643]]]]), 'model.features.5.0.block.2.fc1.bias': tensor([ 0.7616,  0.5353,  1.9061,  1.2054,  1.4873,  0.7969,  1.5664,  0.6841,
         1.4006,  0.1298,  1.7789, -0.2476, -1.0918,  0.8903,  2.0300,  1.7196,
         0.6908,  0.8762,  1.1775,  1.4529]), 'model.features.5.0.block.2.fc2.weight': tensor([[[[ 0.0167]],

         [[ 0.0401]],

         [[-0.0089]],

         ...,

         [[-0.0389]],

         [[-0.0507]],

         [[-0.1477]]],


        [[[-0.1017]],

         [[ 0.0486]],

         [[ 0.0424]],

         ...,

         [[-0.0627]],

         [[ 0.0733]],

         [[ 0.0954]]],


        [[[-0.6556]],

         [[ 0.0502]],

         [[-0.0605]],

         ...,

         [[ 0.2329]],

         [[-0.0235]],

         [[-0.0134]]],


        ...,


        [[[ 0.0090]],

         [[-0.0035]],

         [[ 0.0340]],

         ...,

         [[-0.0115]],

         [[-0.0381]],

         [[-0.0935]]],


        [[[-0.1357]],

         [[-0.0127]],

         [[ 0.0757]],

         ...,

         [[-0.0266]],

         [[-0.1728]],

         [[ 0.0914]]],


        [[[-0.0438]],

         [[-0.0076]],

         [[-0.0776]],

         ...,

         [[-0.0526]],

         [[-0.2499]],

         [[ 0.0227]]]]), 'model.features.5.0.block.2.fc2.bias': tensor([ 1.7531,  2.3609, -0.8473,  2.0497,  0.5921,  0.2338,  2.0299,  1.7347,
        -1.9899, -2.7635,  1.1940, -0.1352, -3.1604,  1.6518,  0.2166,  0.7838,
        -0.7487,  1.1750, -0.2954,  1.3610,  2.7747,  2.3534,  1.2240, -0.1176,
         1.8504,  0.8965, -0.4519,  0.8107,  2.6122, -0.0950,  1.6103,  2.4563,
         1.4807,  0.8355,  2.0615,  0.8747,  1.2590,  1.2047,  1.6409,  0.5881,
        -0.1779, -0.2610,  0.3293, -0.2474,  0.8777,  1.9108,  1.4016,  0.8592,
        -0.5970,  1.5162,  1.7303,  0.4622,  1.4227, -0.5732, -0.6241,  0.8383,
         2.0378,  1.5102,  1.6146,  0.0158,  1.9480, -0.4572,  0.8015,  1.1342,
         1.0330,  1.0306,  0.5174,  1.1047,  0.0084,  0.5407, -1.3653,  1.5225,
         0.6756,  0.9728,  2.4279,  2.7740,  1.4119,  1.5396, -0.9727, -0.1832,
         1.0923,  0.9862,  0.9405, -0.6492, -1.3539,  1.9300,  0.8160, -0.0890,
        -0.0610,  2.1640,  2.8024,  1.1143,  1.1006,  1.2281,  0.9051,  1.0281,
         1.5374,  0.7036,  1.5388,  2.1803,  1.8722,  3.3029,  2.8153,  1.2368,
         0.9184,  0.9430,  1.3780, -1.1789, -0.7418, -1.3562,  0.7507,  0.4485,
        -2.3087,  3.0051,  0.5649,  1.5790, -0.6973,  1.1303,  1.5796,  0.1289,
         0.0486,  0.8834,  0.8311,  0.8310,  1.5138,  2.0793, -0.2592, -1.9966,
        -0.4523,  2.8882,  0.7970,  1.7937,  0.7096,  1.3949, -2.4656,  1.4713,
         1.2965,  1.7571,  0.7377,  2.6770,  0.9522,  2.1831,  1.6036,  1.6889,
         2.4980,  1.5395,  0.1124,  0.3992,  1.0192,  0.5036, -2.5097,  1.9746,
         2.0456,  0.4092,  0.6109,  1.4948,  0.4435,  1.2939,  2.3561,  2.0696,
         1.0670,  1.2120,  0.7783,  1.1468, -0.1134,  1.9510, -0.3626,  2.4454,
         1.4623,  2.1522,  1.7586,  1.4062,  1.8537,  1.5980,  2.3294, -1.9580,
         0.9454,  1.5333, -1.8983,  1.4958,  0.7022,  0.6080,  2.5566,  1.4401,
        -2.2934,  1.2033,  1.5410,  2.1242,  1.6026,  0.3268,  0.8469,  2.2253,
         2.1270,  1.1350,  2.4463,  2.0682,  1.5616,  2.0929,  0.8687, -0.0813,
         1.5894,  1.6363,  0.6678,  1.2275,  0.2576,  1.0728, -0.4397,  2.1049,
        -0.8705, -0.2117,  1.4529, -0.4755,  2.2336,  1.6442,  3.7077,  1.6340,
         1.5230,  0.7951, -0.0856,  1.7792,  1.7422,  0.5493,  0.5958, -0.1593,
         2.0418,  1.6359,  1.8843,  2.0080,  0.9091,  2.1185,  2.4931,  0.9656,
         2.2309,  1.0219,  1.5370, -0.4851,  0.3197,  2.9970,  1.4652,  1.6877,
         1.0359,  1.6827,  1.9697, -1.9127,  1.2137,  1.0669,  1.2015,  1.3080,
        -0.5186, -0.3374,  2.0109,  2.3772,  0.9750,  0.9007,  0.6046,  1.8916,
        -0.1496,  0.2538,  0.8621,  1.0591,  1.1724, -0.5417,  1.8369,  1.5088,
         1.2717,  0.5534,  0.7642,  1.8984,  1.8239,  1.7974,  1.2397, -0.2041,
         1.4717,  1.1739,  1.3850,  0.1255,  0.2088,  1.1453,  1.6502, -3.3607,
         1.1832, -0.6098,  0.6786,  1.2094,  0.1977,  1.6364,  1.1733,  1.7105,
         1.5912,  2.3046,  0.8880,  0.8761,  2.4120,  1.8830,  0.0118, -0.3394,
         1.2422,  3.4422,  1.2274,  1.2613,  1.0251,  1.1624,  0.4336,  1.9767,
         2.2234,  1.6165,  1.9340,  1.6661,  2.1790,  0.5845,  1.4868,  0.6916,
         1.0711,  2.3420,  0.5759, -0.2487,  0.6427, -2.8529,  1.2523,  1.8181,
         0.0662,  0.4606,  0.6430,  2.2651,  1.7273,  1.5899, -1.0959,  2.0791,
         2.0293, -0.6522,  0.9981,  0.1238,  1.4393,  1.6671,  0.0175,  2.0599,
        -0.5265,  0.5528,  0.4218,  0.5663,  2.2145,  0.8431,  1.2918,  2.6605,
         0.9170,  0.7816,  2.2047,  2.5756,  1.7098,  3.0081,  0.8818,  1.5160,
         1.4475, -0.0760,  0.7135,  0.1955,  1.2684, -0.9696,  1.9388,  2.1927,
         1.5177, -1.6067,  0.9079,  1.2564,  2.2692, -1.1201,  1.6733,  1.5369,
        -0.7950,  2.2771,  1.5410, -0.5256,  1.4458,  2.9362,  2.1448,  2.7235,
         1.5243,  0.8210,  0.9458, -0.6341,  2.1185,  1.0291,  2.2143,  1.8575,
        -0.3463,  2.1687,  0.5714,  2.8276,  1.4416,  0.6506,  2.6605,  0.7410,
        -0.4712, -0.4957, -1.6585,  1.4010, -0.7573,  1.6926,  1.9311,  2.4194,
        -0.1111,  0.3583,  3.1336,  0.7949,  1.5552,  1.1032, -1.9173,  1.4066,
        -0.5805,  0.6714,  2.2336,  2.2659,  1.2670, -0.3928,  1.3815,  0.7753,
         0.5093,  1.4924,  1.1763,  0.9638,  0.8194,  0.6328,  2.0494,  1.5295,
         1.6869,  2.0256,  2.2788,  0.1550,  1.2125,  0.3032, -2.2173, -0.1490,
         3.0484, -0.9956, -1.6294,  1.6466,  1.8618,  0.5308,  0.3342,  0.2695,
         0.3069,  0.2979,  1.1405,  2.0591,  1.4371,  1.4161,  1.1093,  1.4379,
         1.1064, -2.0711,  1.4384,  2.1142,  3.1709,  1.9688,  1.7833, -0.5723,
         1.1591,  0.1467,  1.5246,  2.3069, -0.5017,  2.9553,  0.9301,  1.5900,
         1.3821,  0.7456,  1.6057,  1.5107,  1.2775,  1.9289,  1.7010,  1.4399,
         2.8306,  1.7652, -0.9278,  2.5575,  1.0008, -1.8078,  0.4005, -0.8451]), 'model.features.5.0.block.3.0.weight': tensor([[[[ 0.0349]],

         [[ 0.2051]],

         [[-0.2476]],

         ...,

         [[ 0.0209]],

         [[-0.0692]],

         [[-0.0681]]],


        [[[ 0.1958]],

         [[ 0.0448]],

         [[ 0.1277]],

         ...,

         [[ 0.0318]],

         [[-0.0642]],

         [[ 0.0309]]],


        [[[ 0.0417]],

         [[-0.2527]],

         [[-0.0020]],

         ...,

         [[ 0.1025]],

         [[-0.0959]],

         [[-0.0068]]],


        ...,


        [[[ 0.0297]],

         [[ 0.0211]],

         [[ 0.1334]],

         ...,

         [[ 0.0624]],

         [[-0.0103]],

         [[ 0.0543]]],


        [[[-0.2813]],

         [[ 0.0144]],

         [[ 0.0724]],

         ...,

         [[-0.0559]],

         [[-0.0137]],

         [[ 0.0474]]],


        [[[ 0.0174]],

         [[ 0.2251]],

         [[ 0.3394]],

         ...,

         [[ 0.1855]],

         [[-0.0804]],

         [[ 0.0441]]]]), 'model.features.5.0.block.3.1.weight': tensor([4.4226, 5.3081, 5.3232, 4.9711, 4.5101, 4.6111, 5.7200, 4.6389, 5.1023,
        5.4930, 4.5676, 3.9609, 5.8617, 6.6417, 4.7703, 6.3900, 4.4497, 3.7292,
        4.8762, 4.5992, 6.8128, 4.7380, 3.9857, 6.7575, 4.5106, 6.1181, 4.2398,
        4.6801, 4.7929, 5.0881, 5.2741, 5.2059, 4.6611, 5.1308, 5.0065, 4.9838,
        4.8405, 5.0509, 4.1577, 6.3316, 4.7321, 4.5497, 4.6181, 5.6481, 5.7720,
        4.2415, 5.2081, 4.5828, 4.5898, 4.4476, 6.1565, 3.9479, 4.2569, 5.7427,
        6.0580, 4.8977, 5.1259, 5.4540, 4.3623, 4.4235, 4.0467, 4.7098, 4.6928,
        5.8452, 4.3600, 6.2443, 5.1915, 4.1964, 3.9285, 4.6544, 5.8566, 4.1240,
        6.1605, 5.2282, 5.4628, 4.9084, 4.6638, 4.4492, 5.3876, 6.3242, 4.2920,
        4.5734, 3.9089, 4.8434, 6.6604, 4.6708, 4.6856, 5.4090, 4.6617, 5.8468,
        4.6497, 4.4461, 4.4218, 4.2779, 4.5551, 5.4821, 4.3332, 3.6673, 4.1321,
        4.1439, 4.8200, 6.5238, 7.2702, 5.9330, 4.2995, 4.1735, 4.1583, 5.3386,
        5.2850, 4.4825, 5.4921, 7.2439]), 'model.features.5.0.block.3.1.bias': tensor([-1.9287e-04, -2.1697e-04,  7.7091e-04, -8.6249e-04, -2.3149e-04,
        -2.3784e-04,  4.1909e-04, -6.8873e-04,  5.0340e-04, -1.8890e-04,
         9.5508e-04,  3.5475e-04,  6.2865e-04, -6.9584e-04, -1.0629e-05,
        -5.0834e-04, -1.9726e-04,  5.6103e-04,  1.5960e-04,  4.4717e-04,
        -6.5242e-04,  4.5557e-04,  2.3854e-05, -6.2822e-04,  6.7537e-04,
         5.8752e-04, -6.3161e-04, -4.5320e-04, -6.8863e-04, -9.5867e-05,
         1.5926e-04, -3.7647e-04, -3.4515e-04, -5.9714e-04, -1.4163e-04,
         3.3775e-04, -6.5800e-05, -6.0941e-04, -8.4095e-06,  1.1565e-03,
         1.7259e-04, -5.3813e-04,  4.4991e-04, -6.4706e-05,  1.1516e-03,
        -6.4622e-04, -3.6707e-04,  5.9872e-04, -3.7891e-04,  4.6983e-04,
        -4.1870e-04,  4.3863e-05, -1.7712e-04,  2.9747e-04, -9.2965e-05,
         1.0281e-06,  3.0676e-05, -2.2049e-05, -1.7981e-04, -3.7931e-04,
         3.8803e-04,  4.2304e-04, -4.0688e-04, -4.7656e-04,  1.3753e-03,
        -7.3496e-04, -6.5428e-04, -4.4109e-04, -8.1123e-05, -1.1823e-04,
        -1.1313e-03, -2.0932e-04, -4.5324e-04, -2.1179e-04, -1.2493e-03,
        -1.7080e-04, -1.9713e-03,  4.1788e-05, -7.7032e-04, -6.2720e-04,
        -1.5689e-05, -1.4416e-04, -6.3679e-04,  3.8553e-04,  1.6982e-04,
         3.8735e-04, -5.1214e-05,  3.4472e-04, -2.9550e-04, -6.8253e-04,
         9.5333e-04, -5.5081e-04, -4.1337e-04, -8.5946e-05,  3.9840e-04,
         1.1925e-03, -2.8861e-05, -1.9555e-04, -7.8061e-04,  3.4595e-04,
        -3.7597e-04, -1.1277e-03, -2.4315e-04,  5.5910e-04, -7.4800e-04,
        -8.0654e-05,  4.3901e-04, -1.7596e-05,  1.8974e-04, -1.3798e-04,
        -6.2965e-04, -3.8061e-04]), 'model.features.5.0.block.3.1.running_mean': tensor([ 0.3628,  1.8818,  1.2175,  0.1298, -0.2661, -2.1695, -0.0443, -0.1949,
        -0.4906, -0.7307,  0.5688,  1.3171,  1.2121, -1.3889,  0.1221,  1.0378,
        -1.3678,  0.7299,  0.6595,  0.7143, -0.4733, -0.0215, -0.3408,  3.5671,
        -0.5117,  1.2796,  0.5370,  0.6889, -0.0951, -0.4754,  0.7802, -0.6338,
         1.6932,  0.6446, -0.4229, -1.1058, -0.0430, -1.4917, -1.8621,  1.1623,
        -0.9065, -1.0481,  0.2247,  0.3519, -1.2702, -2.3139, -0.7350, -0.6060,
        -1.5368, -0.6399, -1.3495,  2.4678, -1.5278,  0.9246, -1.0603, -0.1365,
         0.8897,  0.3880,  1.1171,  0.8285, -0.8065,  0.6880,  0.1248,  0.0133,
        -0.4942, -1.5191, -0.2655, -0.3572, -1.1779,  0.8357,  0.1150, -0.7153,
         0.1712,  1.2367,  2.4163,  1.1264, -1.4054,  1.3730, -0.5957,  0.5719,
        -2.0731, -1.0730, -1.5576,  1.5133, -0.9228,  0.1689,  0.8870,  1.7326,
        -0.8915,  0.2156,  1.4249, -1.1511, -2.4566,  1.3110, -0.4410, -1.9148,
        -1.3507,  1.0205, -0.2478, -0.5220,  0.4856,  1.9513, -0.4564,  0.3710,
        -0.0175,  1.2476,  0.7403,  0.0750, -0.8983,  1.1298, -1.6438, -0.4574]), 'model.features.5.0.block.3.1.running_var': tensor([1.4860, 1.7548, 2.6582, 2.1408, 1.5139, 1.4755, 3.9776, 1.2149, 2.5407,
        2.4389, 1.0819, 1.0506, 1.4558, 6.1460, 1.2518, 4.2797, 1.4107, 1.0136,
        2.4770, 1.4162, 5.1164, 1.3749, 0.9522, 5.7684, 1.2792, 5.4311, 1.1019,
        1.2851, 1.6993, 2.0749, 1.8776, 1.8997, 1.9287, 2.1918, 1.6916, 1.4629,
        1.7571, 1.5521, 0.9485, 4.7594, 1.3751, 1.3343, 1.2602, 2.9897, 3.6532,
        1.1093, 2.2644, 1.2844, 1.3317, 1.1774, 3.5582, 1.0331, 0.9695, 3.9153,
        3.7712, 1.6596, 1.7980, 2.6712, 1.5735, 1.5445, 1.1579, 1.3121, 1.4134,
        3.5206, 1.3792, 5.6394, 1.8548, 1.2165, 1.0674, 1.5579, 3.6215, 0.8918,
        4.2971, 1.5078, 2.1361, 1.4054, 1.1864, 1.1579, 2.4872, 5.1068, 1.3290,
        1.5602, 0.9033, 1.1140, 2.2320, 1.4849, 1.3073, 2.1661, 1.2826, 2.4453,
        1.6102, 0.9658, 1.2052, 1.1896, 1.2639, 3.4296, 1.0801, 0.9815, 1.1150,
        0.9779, 1.6933, 4.3479, 7.9436, 3.0249, 1.2037, 1.1541, 0.9631, 2.8539,
        2.9560, 1.0377, 3.4593, 7.8306]), 'model.features.5.0.block.3.1.num_batches_tracked': tensor(703214), 'model.features.5.1.block.0.0.weight': tensor([[[[ 0.0484]],

         [[-0.0457]],

         [[ 0.1544]],

         ...,

         [[ 0.0577]],

         [[-0.0164]],

         [[ 0.0071]]],


        [[[-0.0609]],

         [[-0.0306]],

         [[ 0.0079]],

         ...,

         [[ 0.0538]],

         [[-0.0020]],

         [[-0.0855]]],


        [[[-0.0700]],

         [[-0.0392]],

         [[ 0.0456]],

         ...,

         [[-0.0157]],

         [[-0.1237]],

         [[ 0.0301]]],


        ...,


        [[[ 0.0412]],

         [[ 0.0477]],

         [[ 0.0865]],

         ...,

         [[-0.1115]],

         [[-0.0612]],

         [[ 0.1156]]],


        [[[ 0.0414]],

         [[-0.0055]],

         [[ 0.0879]],

         ...,

         [[-0.1490]],

         [[-0.1017]],

         [[ 0.1003]]],


        [[[-0.0893]],

         [[-0.0011]],

         [[-0.0143]],

         ...,

         [[-0.0436]],

         [[-0.0722]],

         [[ 0.0739]]]]), 'model.features.5.1.block.0.1.weight': tensor([ 0.7361,  1.2611,  0.2104,  1.1201,  1.2450,  1.1180,  0.6278,  0.4596,
         1.6113,  1.3308,  1.2770,  0.0605,  0.6260, -0.7185,  1.7596,  1.2565,
         0.7441,  1.3805,  0.6139,  1.8302,  0.8093,  1.2275,  1.0468,  2.0156,
         1.5744,  1.1973,  0.5771,  0.2558,  1.2698,  0.3730,  1.1424,  0.6672,
         1.1935,  0.8766,  1.0859,  2.2515,  1.7009,  0.9764,  1.6604,  0.9173,
         1.0717,  0.8963,  0.6799,  1.4151,  0.0816,  0.3843,  0.4740,  1.1754,
         0.6475,  1.0903,  1.6310,  0.9524,  0.7941,  0.1704,  0.9129,  0.0664,
         0.3946,  0.1208,  0.8140,  1.2100,  2.4016,  0.6642,  1.5201,  1.7258,
         0.1112,  1.3138,  1.3855,  0.9980,  2.1437,  1.1468,  1.3325,  1.2222,
         0.5184,  1.1177,  1.4152,  1.0250,  0.3842,  1.1628,  0.0770,  0.0534,
         0.2750,  0.1350,  1.7579,  2.6376,  0.1660,  2.3867,  1.1922,  1.1859,
         1.4323,  1.3555,  1.3544,  0.2077,  1.2338,  0.1148,  0.5779,  0.8269,
         0.1521,  1.6796,  1.6051,  1.2494,  0.2419,  1.3541,  1.8554,  0.1191,
         0.8636,  0.6413,  1.4646,  0.3165,  1.4642,  0.3945,  0.5361,  0.9217,
         0.2289,  1.7670,  1.0204,  1.3017, -0.7372,  1.6480,  0.3545,  0.2808,
         0.5373,  0.2311,  0.5475,  0.2072,  1.6166,  1.5559,  1.7993,  1.1347,
         1.2056,  1.2412,  0.3498,  1.0468,  1.1833,  1.5851,  0.5329,  1.0129,
         1.0455,  0.3531,  1.0020,  1.4820,  0.4346,  0.9364,  0.7766,  0.5674,
         0.9429,  0.3046,  1.2381,  1.1759,  0.1713,  0.3603,  0.9019,  0.8460,
         0.1959,  1.3813,  1.5672,  1.8534,  1.3827,  1.3157,  0.6796,  0.8131,
         1.4483,  0.8041,  1.9948,  1.2467,  1.4727,  0.5222,  1.7038,  0.9370,
         1.3234,  1.5445,  0.6907,  0.4085,  2.0296,  1.7412,  0.5064,  0.7401,
         1.1714,  1.4582,  0.9832,  0.9699,  1.1076,  0.4123,  0.4792,  0.7470,
         1.1792,  0.4920,  0.7785,  1.1762,  1.2619,  1.2879,  0.7428,  1.3906,
         0.6289,  0.1274,  1.8811,  0.3067,  0.4738,  1.3988,  1.7357,  0.7300,
         1.0278,  0.7468,  0.4032,  1.8879,  1.6450,  1.0495,  0.5996,  1.4527,
         1.9122,  1.1016,  1.3336,  1.1020,  1.0809,  0.6730,  0.1818,  0.3047,
         1.4528,  1.5405,  1.1357,  1.8035,  1.4716,  1.0566,  2.1756,  1.6739,
         0.9970,  1.0457,  1.1314,  0.2928,  0.4771,  0.9026,  0.1788,  1.3880,
         1.2562,  0.9417,  0.5588,  1.5888,  0.0728,  1.1198,  1.0269,  0.9728,
         0.9024,  1.3491,  0.9167,  0.2521,  1.1060,  2.5249,  0.3691,  0.4493,
         0.8160,  0.6113,  0.1924,  1.7886,  0.0523,  1.0577,  0.0835,  1.4683,
         0.7860,  0.4781,  1.3602,  0.7408,  1.3507,  0.5859,  0.2882,  1.7381,
         1.1869,  0.4687,  0.8759,  1.0592,  1.3405,  1.4835,  1.0820,  2.3596,
         1.1423,  1.3261,  0.9949,  0.7969,  0.7821,  0.2027,  1.6189,  0.2896,
         2.2059,  1.4553,  0.5820,  0.9269,  1.2702,  1.1841,  1.3528,  0.9907,
         1.2383,  1.3309,  0.8212,  1.6874,  1.0397,  1.5800,  0.9379,  0.1507,
         0.8885,  1.3649,  1.8489,  1.3034,  0.8649,  1.4030,  0.9526,  0.1731,
         0.0741,  0.7932,  0.5664,  1.0103,  1.8878,  0.0835,  0.2433, -0.0838,
         0.9156,  0.5547,  0.8033,  0.9271,  0.8800,  1.1859,  1.8254,  0.0498,
         1.7135,  1.2602, -0.1752,  1.2062,  0.2332,  1.0110,  0.9028,  1.2389,
         1.5635,  1.4228,  0.7574,  0.6366,  1.3661,  2.2309,  1.3618,  0.1909,
         1.9560,  1.1783,  0.1115,  1.7731,  1.2993,  0.0665,  1.9825,  0.7291,
         1.1990,  0.8169,  1.3033,  1.6441,  0.1264,  0.4262,  1.5145,  0.8054,
         0.2385,  0.1566,  1.4724,  1.6794,  0.1572,  1.5089,  1.2552,  1.5168,
         0.5230,  0.7599,  1.0340,  1.0316,  0.7085,  1.7575,  0.2492,  1.1228,
         1.4665,  2.3095,  0.8832,  0.0684,  1.3994,  0.5447,  0.6654, -0.4632,
         2.0114,  0.5742,  0.0509, -0.0516,  0.3202,  0.9340,  1.9537,  0.8865,
         0.4776,  1.4411,  0.2740,  0.8447,  1.6321,  0.2750,  1.7599,  1.6751,
         0.1628,  0.4738,  1.4034,  1.0293,  0.3605,  1.2161,  1.2578,  0.1847,
         1.1337,  1.0083,  1.6725,  0.8937,  1.9539,  0.1238,  0.9477, -0.0443,
         0.0778,  0.2880,  1.2888,  1.6472,  0.2934,  1.3783,  2.0061,  0.3261,
         0.9688,  1.2551,  1.0269,  1.2768,  1.2971,  0.8633,  0.3577,  0.9823,
         0.8792,  1.5207,  1.2820,  0.8972,  0.5593,  1.7108,  0.3688,  0.5102,
         2.0181,  1.1763,  1.3453,  1.6820,  0.5784,  0.5028,  1.6071,  1.1140,
         0.1109,  0.9905,  1.1535,  1.2959,  0.6042,  0.4790,  0.7714,  0.2425,
         1.3749,  1.0512,  1.7616,  1.8634,  0.2757,  0.7858,  1.7924,  1.1721,
         1.0097,  1.3455,  1.8456,  0.4957,  0.9800,  0.1800,  1.2489,  1.1268,
         1.0005,  1.1624,  0.5385,  0.9005,  1.1097,  0.6541,  0.9208,  1.5806,
         0.7675,  1.0946, -0.3026,  1.4613,  0.9056,  0.5590,  0.2415,  1.0379,
         1.5392,  1.1182,  0.1889,  1.2068,  1.1522,  1.7261,  1.1880,  0.1286,
         1.3418,  1.5393,  0.5502,  0.1302,  0.6965,  1.8661,  0.1271,  1.4653,
         1.0997,  0.9264,  0.9690,  1.6306,  0.5404,  0.0551,  0.3020,  1.1363,
         1.7121,  1.5226,  0.6899,  0.7623,  1.2808,  1.0883,  0.4206,  0.6652,
         1.1191,  0.2986,  1.8475,  1.5838,  0.8860,  0.9358,  0.1448,  0.5869,
         1.2387,  1.4891,  0.7951,  0.9690,  1.2423,  1.0339,  1.3827,  2.1640,
         1.7117,  1.8591,  0.3418,  1.6798,  0.8437,  1.9332,  1.2560,  1.1008,
         0.6367,  1.3720,  0.8430,  1.0484,  0.5966,  1.2804,  1.5808,  1.4475,
         1.2327,  1.7403,  1.7230,  0.8961,  1.0069,  2.2544, -0.1822,  0.9034,
         0.5271,  1.7906,  0.1464,  0.3729,  1.2887,  0.4531,  1.2440,  2.2119,
         0.6880,  0.9276,  1.0555,  1.7665,  1.3615,  1.3150,  1.6469,  1.5142,
         0.2178,  1.6099,  2.0291,  0.9631,  0.1260,  1.1520,  0.1978,  2.3368,
         0.9835,  0.0351,  1.3439,  0.2310, -1.3840,  0.0745,  0.6714,  1.0846,
         0.0457,  0.2044,  1.0280,  0.9161,  0.5461,  1.6622,  1.4535,  0.6067,
         1.0790,  1.0261,  1.0775,  0.4237,  1.5879,  0.2707,  2.2615,  1.5243,
         0.7906,  1.2082,  1.3773,  1.5396,  0.8932,  1.0276,  1.9528,  1.0812,
         1.7245,  1.3214,  2.0898,  1.0408,  1.7953,  1.0906,  1.8658,  0.5205,
         1.2840,  0.6685,  1.1316,  0.8201,  1.0725,  1.3985,  1.2384,  1.0664,
         0.4816,  1.7259,  0.6534,  0.6230,  0.8892,  1.5750,  1.1384,  0.9602,
         1.4840,  0.2254,  0.4443,  1.9030,  1.5013,  1.0064,  0.6406,  0.8196,
         0.9830,  1.9477,  1.7647,  0.8709,  0.3216,  1.5558,  1.2635,  0.9857,
         0.1389,  0.1363,  0.3448,  0.0765,  1.7741,  1.8219,  1.4374,  0.4988,
         0.7514,  0.1117,  1.2034,  0.6433,  2.3133,  1.7054,  0.4805,  0.3324,
         1.8644,  0.8107,  0.8253,  0.8739,  0.0733,  1.1347,  0.3811,  0.8057]), 'model.features.5.1.block.0.1.bias': tensor([-2.0770e-01, -5.2836e-01,  2.3083e-01, -1.5030e+00, -1.0360e+00,
         1.0490e+00, -3.4200e-01,  1.0567e+00, -1.1048e+00, -1.5611e+00,
        -5.6405e-02,  1.1374e-02,  1.4250e+00, -6.1713e-02, -2.0971e+00,
        -1.1567e+00, -6.6369e-01, -3.3216e-01,  9.5079e-01,  4.5268e-01,
         5.5063e-01,  4.6635e-01, -4.1534e-01, -2.4168e+00, -2.0798e+00,
        -1.4157e+00, -4.1417e-01,  4.9327e-01, -1.8259e+00,  1.8512e-01,
        -1.0212e+00,  2.8649e-01, -2.0591e-01, -1.2281e+00, -7.6876e-01,
        -2.1988e+00, -8.5895e-01, -1.1802e+00, -5.2469e-01,  1.1363e-01,
         3.8659e-01, -1.5084e-01,  6.5815e-01, -1.5741e+00,  5.6236e-02,
         2.5529e+00, -3.8822e-01, -1.5240e+00,  3.3021e-01, -1.8006e+00,
         4.2447e-01,  1.6631e+00, -2.3172e-01,  1.8626e-02, -1.4988e+00,
         3.9334e-02,  1.2373e-01,  3.8882e-02, -5.0759e-01, -8.7880e-01,
        -2.1116e-01, -2.8687e-01, -1.7270e+00, -3.2997e-01, -2.1140e-02,
        -4.9533e-03, -1.6960e+00, -8.8016e-01,  4.0084e-01, -9.4642e-01,
        -2.0344e+00, -1.4683e+00,  2.5596e-01, -1.6127e+00, -1.8196e+00,
        -1.8457e-01, -4.1300e-02,  8.8866e-01, -1.1175e-01,  1.1023e-02,
        -8.4003e-03, -2.7345e-01, -6.6651e-01, -9.5737e-02,  1.0896e-01,
         3.3331e-03, -1.1385e+00, -1.0103e+00, -2.1941e+00,  2.8908e-01,
        -1.8621e+00,  1.2165e-01, -7.0981e-01, -2.0714e-02,  1.4331e+00,
        -4.4066e-01,  1.4036e-01,  6.5739e-01, -5.2715e-01, -1.9623e+00,
         8.0318e-03, -2.5303e-01, -6.0565e-01,  1.2682e-02, -1.8441e+00,
        -9.9081e-01, -2.1422e+00, -3.4090e-01,  7.9863e-01,  1.1542e-01,
         5.8421e-01,  1.3232e+00,  3.0886e-03,  3.4459e-01,  4.8216e-01,
        -3.7724e-01, -2.1466e-01, -2.6315e+00,  1.1690e-01,  4.9557e-01,
         2.6893e-01,  9.2642e-02, -8.8134e-02, -5.0315e-02, -3.0142e-01,
        -1.3205e+00, -1.7595e+00, -3.6107e-01, -1.8604e+00,  9.2783e-01,
        -4.2340e-01, -1.8716e+00, -6.3521e-02, -3.9205e-01,  1.8915e-01,
        -7.9626e-01, -1.5209e+00,  4.2692e-01, -8.5979e-01, -1.8281e+00,
         2.6700e-01, -2.0306e+00, -1.0792e-01,  4.7847e-01, -9.6827e-01,
         4.8932e-01, -4.0517e-01, -1.6548e-02, -2.9493e-03,  7.2094e-01,
         1.4328e+00, -7.2858e-01,  1.4754e-02, -1.4419e+00, -1.8343e+00,
        -2.0612e-01,  2.7022e-01, -1.4133e+00,  2.3312e-01, -1.2068e-01,
         9.4642e-01,  9.8345e-01, -5.2195e-01, -6.9237e-01,  5.9935e-01,
        -1.4440e-01, -3.3977e-01, -1.1964e+00,  1.2434e+00,  7.4670e-01,
        -2.7557e-01, -5.0893e-01,  3.8656e-03,  2.0115e-01,  5.1597e-01,
         1.5678e-02, -1.5678e+00,  3.7415e-01, -1.5205e+00,  4.4053e-01,
        -1.7867e+00,  4.7059e-01, -3.8837e-01,  1.6151e+00,  4.0255e-01,
         7.6019e-01, -1.1593e-01, -6.6095e-01, -1.2476e+00, -3.9784e-01,
        -3.8623e-01, -4.6667e-01,  3.6943e-01,  4.3353e-03, -4.5465e-02,
         2.9316e-01,  5.2684e-01,  3.4573e-01, -1.4012e+00, -5.7696e-01,
        -1.5658e+00, -7.2183e-01,  5.3179e-01,  5.3645e-02,  1.2592e+00,
        -1.4473e+00, -4.7817e-01,  5.4498e-01, -1.1169e-01, -1.6112e+00,
        -1.5358e+00, -9.4394e-02, -4.6600e-01, -6.7059e-01, -1.4938e-01,
         7.1380e-02, -1.6726e-01, -1.0886e+00, -1.9647e+00, -1.2431e+00,
        -1.4154e+00, -1.1754e+00,  5.9817e-01, -2.0497e+00,  8.3489e-01,
        -1.3076e+00, -1.6240e+00,  3.3083e-01, -4.4289e-01, -1.0766e+00,
        -3.5722e-02, -1.3615e-01,  2.2604e-01, -1.5109e+00, -4.7045e-01,
        -8.9234e-01,  3.7130e-02,  8.7190e-02,  6.2127e-01, -1.4788e-01,
        -9.1484e-01,  6.1800e-01, -6.4335e-01, -5.3817e-02,  6.8873e-03,
        -2.4621e-02,  5.5963e-01, -1.2199e+00, -4.5929e-01, -4.8229e-01,
        -3.9397e-01, -8.7877e-01, -4.6320e-02, -6.2422e-01,  6.0911e-02,
         2.4762e-01, -1.2688e+00, -6.0901e-01, -1.0431e+00,  8.6833e-01,
         3.0292e-02, -6.6428e-01, -2.9302e-01,  9.3874e-01, -6.5743e-01,
        -2.3812e-01,  3.8442e-01, -1.1226e-01, -2.4465e+00, -1.8195e+00,
        -1.1809e+00, -1.8876e-01, -7.5632e-01, -2.1609e+00, -6.9345e-01,
        -8.0397e-01, -9.6743e-01,  1.4052e-01, -1.7110e+00,  1.4619e-01,
        -3.6670e-01, -2.0916e+00,  3.8751e-01,  5.7134e-01, -1.9663e+00,
        -4.6472e-01,  3.5396e-01, -1.6197e+00, -4.5149e-01, -3.1185e-01,
         4.4381e-02, -2.2101e+00, -7.5021e-01, -1.4415e+00, -1.0334e+00,
         1.4131e-01, -8.5211e-01, -2.3752e+00,  5.1274e-01, -1.4840e+00,
        -6.0553e-01, -1.5533e+00,  4.8914e-02, -5.6972e-02,  5.4371e-03,
        -1.0416e+00, -3.6829e-01, -1.1994e+00, -1.5850e+00,  1.7950e-03,
         5.2449e-02, -1.6795e-03,  4.3753e-01,  3.8931e-01,  2.7846e-01,
        -1.2677e+00, -5.8902e-01,  3.3761e-01, -5.0900e-01,  2.0108e-02,
        -2.1192e+00, -1.7044e+00,  2.4112e-01,  1.0339e+00,  1.2519e-01,
        -6.8876e-01, -5.1589e-01, -1.6315e-01, -5.5482e-01, -1.3132e+00,
         6.9550e-02,  2.8055e-01, -1.7113e+00, -4.3641e-01,  2.2157e-01,
         1.2588e-01, -5.1597e-01, -1.8964e+00,  2.3049e-02, -1.7391e+00,
        -1.2288e+00, -7.3821e-02, -2.4357e-01,  8.4205e-02, -1.2280e-01,
        -8.5615e-02, -1.0758e+00,  5.2008e-01, -5.2467e-02,  4.6280e-01,
        -1.6542e+00,  1.5819e-02,  6.0721e-03,  3.2125e-02,  8.6397e-02,
        -9.4716e-01,  2.4310e-01,  9.3556e-02,  1.4942e-01, -2.5563e+00,
        -2.2258e-01, -1.1702e+00, -1.4450e-02, -3.6681e-01,  1.2991e+00,
         8.1906e-03, -2.9861e-02, -1.1951e+00,  2.9640e-01,  6.7248e-01,
         2.9139e-01,  2.7173e-02, -3.2773e-01, -4.8081e-02, -4.3563e-01,
        -2.5823e-02, -4.7039e-01, -7.8354e-01, -2.0191e-02, -8.4117e-03,
        -4.6655e-02,  1.1971e+00, -1.4474e+00, -5.0659e-01, -1.2193e+00,
        -4.9568e-01, -2.5054e-01, -5.6173e-01, -2.9580e+00,  9.0182e-02,
        -9.4246e-01,  4.0764e-01, -2.1283e-02, -2.8646e-01,  3.9483e-01,
        -1.6832e+00, -1.0880e-01, -7.9797e-01, -1.4017e-01, -5.0340e-02,
        -2.1357e+00, -1.1927e+00, -1.0306e-01, -1.2281e-01,  1.0789e+00,
         5.3924e-02, -1.0616e+00, -4.0332e-02,  4.4677e-02, -4.5761e-02,
        -1.4167e+00,  6.3197e-01,  1.5906e-01,  8.0409e-01,  3.5333e-02,
         2.2917e-01, -1.3806e+00, -1.0917e+00,  4.4291e-01, -1.4671e+00,
        -1.4639e+00, -1.1291e-01,  3.9487e-01, -5.1475e-01, -1.7616e+00,
         9.0777e-01, -1.5723e+00, -5.9044e-01, -3.5464e-01,  1.0384e+00,
        -3.0726e-02, -5.1536e-01, -1.3011e+00, -1.0478e+00,  7.7997e-01,
        -4.0414e-01, -1.2517e-01,  1.3525e+00, -1.4857e+00,  1.1993e-01,
         3.9063e-02, -1.0808e+00, -8.7077e-01,  5.8817e-02, -9.4580e-01,
        -7.0411e-01,  1.7387e-01,  1.4046e-01, -4.6388e-01, -1.3566e-02,
        -4.9353e-01, -1.2620e+00,  3.6307e-01, -7.1617e-01, -9.6073e-02,
        -2.3793e+00,  2.7175e+00, -2.3513e+00, -5.0764e-01, -2.8619e-01,
        -8.7490e-01,  1.1975e-01, -1.9325e+00,  3.0073e-01, -1.8649e+00,
        -1.1374e+00,  4.6674e-01,  8.8386e-01, -6.6650e-01, -5.5275e-01,
        -9.5865e-02, -1.0463e+00,  1.2832e+00, -1.2258e+00,  1.3314e-01,
        -7.4635e-01, -1.0420e+00,  2.2310e-01,  1.2554e-01,  8.5126e-01,
         2.7656e-01, -3.2878e-01, -3.0326e-02, -1.1507e-01,  5.1532e-01,
        -5.0934e-01, -8.4638e-01,  5.1634e-02, -1.9925e+00, -1.6621e+00,
        -7.7051e-01, -9.9351e-03, -7.5590e-01,  5.0840e-01,  4.4012e-02,
        -4.4549e-01,  2.0871e+00, -7.1797e-01,  1.2235e+00, -1.2989e+00,
        -5.5472e-01, -1.1631e-03,  1.3875e-01, -1.5125e-01,  1.4840e-01,
        -1.1669e+00,  1.4394e+00, -9.0667e-01, -1.2357e+00,  1.3321e+00,
        -1.9221e-01, -4.4926e-01,  1.4880e-01, -3.1896e-02, -3.1240e-01,
        -2.7657e-01, -1.0478e+00, -1.5353e+00,  9.0425e-02, -7.5867e-01,
         1.8692e-01, -4.5268e-01, -9.5063e-01,  6.2872e-01, -4.7751e-01,
        -1.3318e+00, -7.3517e-01, -3.7237e-01, -2.0416e-01, -2.2138e+00,
        -1.7702e-02, -4.5874e-01,  5.2567e-01,  7.9653e-02, -1.4711e+00,
         2.3716e-01, -1.4296e-02, -1.5543e+00, -8.7927e-02, -1.4793e+00,
        -2.4634e-01,  4.1972e-01, -1.6000e+00,  2.3450e-01, -1.8974e+00,
         2.8297e-01, -1.9805e+00, -7.1541e-01, -1.1726e+00,  1.6707e-01,
        -5.3967e-02, -3.4841e-01, -2.7106e-01, -1.4991e-01, -8.6360e-02,
        -5.3107e-01, -8.9466e-01, -1.0736e-02, -2.1453e-02, -1.7092e+00,
         5.0185e-02, -2.3289e-01,  1.8639e-01,  1.5733e-01, -5.1767e-01,
        -3.5006e-01,  4.4100e-01,  1.8343e-02, -1.3611e-01, -5.5485e-01,
         4.9301e-01, -1.3110e+00, -8.5388e-02, -3.8448e-01,  4.4950e-02,
        -1.9074e+00, -2.7861e-01, -1.9914e-02, -1.9848e+00,  1.8450e-01,
        -1.2213e+00, -7.9203e-04, -6.4688e-01, -1.6109e+00,  4.1910e-04,
        -2.0344e-01, -9.3463e-01,  5.8382e-01,  5.6434e-02, -1.3315e+00,
        -1.8444e+00,  8.1483e-01, -1.5120e+00,  1.6217e-01, -1.5280e+00,
        -1.4616e-01, -1.4496e+00,  4.6270e-03,  1.3016e+00, -5.3395e-01,
         3.4751e-01, -6.5318e-01, -1.4649e+00, -3.6767e-01, -1.2530e+00,
        -9.5106e-01,  6.3498e-01, -1.2246e+00, -6.1803e-01, -1.4852e+00,
        -9.5163e-01, -1.1974e+00, -5.3240e-01, -1.0192e+00, -9.2684e-01,
        -1.0009e-01, -3.8296e-01, -1.4570e-01,  4.2136e-03,  9.0126e-01,
        -1.5730e+00, -1.9041e+00, -7.5256e-01,  8.1794e-01, -2.8578e-01,
        -4.9649e-01, -7.9530e-02, -5.7316e-01, -9.3477e-01,  8.0510e-01,
        -1.1078e+00, -1.4778e+00, -1.5011e+00,  3.0919e-02, -3.3832e-01,
         1.6164e-02,  7.9278e-01, -9.3762e-01,  5.6509e-01, -1.5077e+00,
         4.0931e-01, -7.6731e-01, -1.5450e+00,  7.4869e-01, -3.3493e-02,
        -4.4194e-01,  1.6234e-01, -6.8295e-01, -7.4843e-02,  5.3559e-02,
         1.4451e-02,  1.4019e-03,  4.0549e-01,  7.8676e-02, -1.6207e+00,
        -7.6038e-01,  1.7007e+00,  1.4702e-03, -2.8309e-01, -4.8734e-01,
         1.5897e-03, -9.6625e-01,  3.1615e-01,  6.1265e-02, -2.1902e-01,
        -5.0800e-01, -4.3675e-01, -1.8054e+00,  7.5041e-02, -3.3311e-01,
         4.1431e-01,  4.8100e-01]), 'model.features.5.1.block.0.1.running_mean': tensor([-5.1048e-04,  9.5369e-04, -1.0414e-04, -1.2153e-04,  5.7329e-06,
        -6.2713e-04,  9.1675e-05, -4.8852e-04,  6.7588e-04, -1.5691e-04,
         5.5388e-04,  2.3130e-04,  5.1687e-04,  8.8404e-06,  9.8281e-04,
        -3.1171e-04, -4.7966e-04, -4.9551e-04, -3.1006e-04, -5.4862e-04,
         9.8122e-04,  3.4673e-04, -6.3860e-04, -5.3041e-04,  1.9110e-04,
         7.4138e-05,  4.3985e-04,  8.5182e-04, -3.6495e-04, -7.4152e-05,
         4.5938e-04, -1.9839e-04,  5.4303e-04, -2.9781e-04,  8.6534e-05,
        -4.0276e-04, -2.9095e-04, -5.4385e-04,  5.4106e-04, -5.3038e-04,
        -4.5371e-04, -5.1777e-04, -6.8972e-04, -5.3145e-04,  2.0371e-04,
        -7.9221e-04,  2.4907e-04, -5.9682e-04, -4.7889e-04, -1.3005e-03,
        -2.5382e-04,  2.2030e-04,  2.8083e-04, -4.6534e-04, -3.1844e-04,
         7.2380e-05,  6.6118e-04,  4.1693e-04, -7.3783e-04, -5.0186e-04,
        -5.7625e-04,  2.3593e-04, -2.5109e-04, -2.0953e-04,  5.4680e-05,
        -8.1795e-04, -4.1122e-04, -8.2253e-04, -5.5134e-04, -5.3203e-04,
        -1.1862e-03, -1.9638e-03, -6.7847e-04, -2.6324e-04,  3.9092e-04,
        -6.8652e-04, -1.2560e-04,  2.9002e-04,  4.4560e-04, -7.1949e-04,
        -4.3774e-04, -1.0758e-03,  8.3641e-06,  1.6792e-04, -4.9166e-04,
        -3.3523e-04, -3.6271e-04, -1.8375e-04,  3.8908e-04, -7.6707e-04,
        -3.6005e-04, -3.4540e-04, -8.4139e-04,  6.3373e-04, -2.5213e-04,
        -5.9964e-04, -9.7387e-05, -2.5710e-04, -8.2259e-05,  3.4282e-04,
         3.4367e-04, -1.0575e-03, -2.2683e-04, -1.3297e-04, -1.4386e-04,
        -9.7446e-04, -7.7571e-04, -4.5915e-04, -8.8639e-04, -2.7447e-04,
         3.5938e-04, -2.5498e-04,  3.8122e-04, -2.0261e-04, -1.3666e-04,
         1.7908e-04, -1.7597e-04, -4.6928e-04, -5.3522e-04,  4.2834e-05,
        -2.7166e-04, -2.8846e-04,  5.3164e-04, -8.5437e-05, -7.1604e-05,
        -3.2285e-04, -1.6863e-04, -2.4460e-04,  6.1081e-05, -7.1197e-04,
         3.0062e-04, -4.2036e-04, -9.5786e-04, -1.9630e-05, -9.9774e-04,
        -1.3169e-03, -3.5049e-04, -8.8464e-04, -4.8111e-04,  7.7270e-05,
        -5.3778e-04, -1.1649e-03, -5.1201e-04, -3.4478e-04, -6.4703e-04,
        -1.2421e-04, -5.0339e-04, -4.4415e-04, -6.3739e-06, -1.6686e-04,
         1.1206e-05, -3.0926e-04, -1.7057e-04, -8.6126e-04, -8.2613e-04,
        -1.4994e-05,  1.1248e-04, -1.0573e-03, -2.6935e-04, -5.8435e-04,
        -5.6348e-06, -6.5340e-04, -3.2129e-04, -3.9092e-04, -4.1594e-04,
        -7.5405e-05,  1.0271e-04, -1.6420e-04, -7.5141e-04, -7.5821e-04,
        -1.3603e-04, -4.9445e-04,  2.3372e-04, -2.7875e-04, -5.7817e-04,
        -3.2689e-04, -2.2633e-04, -4.6248e-04,  9.6748e-05,  9.6852e-04,
         5.9026e-04,  2.8144e-04,  5.2620e-05, -3.2097e-04, -2.5111e-04,
         1.1457e-05, -5.0132e-04, -1.3788e-04, -8.7593e-04, -2.7817e-04,
        -2.4337e-04, -2.8267e-04,  1.1716e-05, -1.8733e-04,  3.0549e-04,
         1.3858e-04, -2.9181e-05,  5.2058e-04, -5.9215e-04, -3.1413e-04,
         5.6235e-04, -4.9695e-04, -6.5125e-04, -8.9495e-04,  5.3542e-04,
         1.1413e-05, -2.9082e-04, -8.8046e-05,  7.3910e-05,  9.2472e-04,
        -1.1787e-03,  6.6757e-05,  3.2307e-04,  4.9487e-04, -7.5882e-04,
         2.9114e-04, -8.8140e-04,  1.9868e-04, -5.6613e-04, -8.8284e-05,
        -7.2444e-04, -5.5120e-04, -5.1280e-04, -5.9051e-04, -2.2439e-04,
         7.3716e-04,  5.1527e-04, -1.2700e-04,  1.9779e-04, -3.0252e-04,
         1.5142e-04, -3.2090e-04, -5.5812e-04, -5.5458e-04, -1.5755e-03,
         5.1607e-04, -1.3627e-05, -4.4681e-04, -8.2195e-04, -5.1107e-04,
        -9.2875e-04, -7.3271e-04, -4.4830e-04, -1.5905e-04,  6.9396e-04,
         1.4689e-04, -6.9305e-05, -2.3305e-04, -5.6443e-04, -9.5699e-04,
         2.0741e-04, -4.2703e-04,  4.5081e-04, -2.6019e-04,  5.9344e-04,
        -4.6275e-04, -7.4297e-05,  2.6164e-04, -1.5134e-04, -6.9155e-05,
        -4.4052e-04, -5.0077e-04, -9.3590e-06, -2.6515e-04, -1.0290e-03,
         2.3079e-04,  2.4870e-04,  5.9828e-04, -7.9064e-05, -8.2836e-04,
        -4.0317e-04,  1.7539e-04,  2.4816e-04, -3.2263e-04,  2.2945e-04,
         7.0527e-05, -6.1858e-04,  1.4748e-05, -8.6590e-04,  4.4093e-05,
        -2.5808e-04, -1.8161e-04, -4.4943e-04,  3.3983e-04,  7.6158e-05,
        -7.5925e-04,  3.0352e-04, -1.5611e-04, -7.4284e-04,  3.1484e-04,
        -3.6129e-04,  2.3954e-04, -6.0903e-04, -1.7187e-04, -4.8577e-04,
        -2.2743e-04,  4.4463e-04, -6.5098e-04, -1.8731e-04, -3.9001e-04,
        -3.2208e-04, -1.3574e-03, -1.3106e-03,  1.2445e-03,  5.7036e-04,
         1.9866e-04, -5.4596e-04, -2.1725e-04, -7.5457e-04,  5.9213e-04,
        -7.5364e-04,  5.0717e-04, -5.3291e-05, -6.7007e-05, -1.0358e-03,
        -2.2020e-05, -5.8291e-04, -5.5682e-04, -1.5326e-04,  4.7472e-04,
        -5.0319e-04, -8.2222e-04, -2.7287e-04, -1.7433e-04,  3.5545e-04,
        -1.1027e-04, -5.1335e-05, -4.3732e-05, -7.4777e-04, -7.1084e-05,
        -2.0916e-04, -8.3007e-05,  1.8884e-04, -2.5323e-04, -4.8116e-04,
         1.0766e-04,  2.0579e-06,  2.1358e-04,  1.2954e-04, -1.8498e-04,
         1.1855e-04,  4.3210e-04,  9.1676e-04, -1.7303e-04, -3.1183e-04,
        -6.0978e-04, -2.1529e-04, -4.1407e-04, -3.4996e-05, -1.0023e-06,
         1.9263e-04,  2.1051e-04,  1.1800e-04,  7.3962e-04, -8.3433e-04,
         7.3345e-04, -3.1385e-05, -2.2230e-04, -1.3304e-04, -1.9631e-04,
        -5.8446e-05, -6.7932e-05, -2.8584e-04, -3.2276e-04, -2.6456e-04,
        -5.5810e-04,  2.6588e-04,  3.5942e-04, -1.1584e-03,  3.4590e-04,
        -3.1884e-04,  4.1632e-05,  1.0186e-04,  7.3196e-04, -4.0697e-04,
         3.3233e-04,  4.7898e-04, -5.5478e-04,  1.7630e-04,  2.3214e-04,
        -3.9533e-04, -2.6930e-04, -1.6406e-04, -1.7685e-04, -2.4671e-04,
        -1.0174e-03, -4.6473e-04, -2.3914e-04, -4.7850e-04, -1.5854e-04,
        -1.2067e-05, -8.8274e-04,  1.8898e-04, -4.0221e-04,  6.0434e-04,
         2.4935e-04,  4.8225e-04, -8.3253e-04, -6.5498e-04,  9.3249e-04,
        -3.2290e-04, -4.0533e-05, -3.3529e-04, -4.0551e-04,  9.5303e-04,
         1.3610e-04,  2.2078e-04,  2.6372e-04,  2.7799e-04,  7.7995e-04,
        -3.5652e-04, -2.7764e-06,  2.3417e-05, -6.6160e-04, -1.4880e-04,
        -3.8302e-04,  5.9715e-05, -7.1122e-04,  1.5729e-04, -8.5901e-04,
        -5.6650e-04, -1.5298e-04, -4.7651e-04, -4.8011e-04, -1.5676e-05,
        -6.3451e-04, -3.6090e-04, -3.0571e-05,  4.6141e-04, -3.4947e-04,
        -2.9052e-04, -1.2371e-03, -5.7764e-04,  2.7499e-05,  2.6492e-04,
         1.7191e-04, -2.6731e-04, -1.1531e-05,  8.1620e-04,  2.7353e-05,
         2.8137e-05, -4.3255e-04, -3.7906e-04,  4.4050e-04, -3.8760e-04,
        -6.9686e-04,  7.7211e-05,  1.1936e-03,  5.8676e-05,  1.2561e-04,
        -3.5557e-04, -7.0111e-04, -7.2287e-04, -9.0303e-05, -3.0991e-04,
        -5.5398e-04, -4.6146e-04, -4.2721e-04,  2.0130e-04, -6.5998e-04,
        -7.9911e-04,  6.2455e-04, -8.8315e-04, -8.8186e-04, -2.2966e-04,
        -6.9053e-04,  6.3788e-04,  1.5012e-04,  1.4285e-04, -3.4384e-05,
        -1.2281e-04,  6.4364e-04,  4.3704e-04,  1.6135e-04,  1.0260e-04,
         6.3594e-05,  1.2527e-04, -2.8984e-04, -2.9308e-04, -7.6964e-04,
         3.5388e-04,  5.7366e-04,  2.3387e-04, -7.8517e-05, -2.1453e-04,
        -3.8028e-04, -2.0177e-04, -7.3704e-04,  4.8107e-04,  1.9438e-05,
        -1.0210e-03,  8.0098e-04, -5.0505e-04, -3.7255e-04,  9.3386e-05,
        -5.2300e-04, -1.2580e-03, -9.1952e-04,  1.2010e-04,  4.4377e-05,
         3.1450e-05,  3.6122e-04, -1.2935e-03, -1.4010e-03, -1.6015e-04,
        -8.1978e-04,  2.2373e-04, -7.3625e-04, -5.8599e-04,  2.4763e-04,
        -4.6493e-04, -5.3234e-04,  5.0527e-04,  2.9225e-04, -3.8617e-04,
        -1.9936e-04, -3.1617e-04, -2.3654e-04, -3.1741e-04, -6.9193e-05,
        -3.1210e-04, -3.1723e-04, -1.1190e-03,  1.3856e-04, -8.2893e-04,
        -1.2010e-04, -5.7183e-04, -7.1881e-04, -1.0799e-04,  1.3465e-04,
        -2.2221e-05,  3.6667e-04, -4.3117e-04,  3.4541e-04, -7.9876e-04,
        -6.1007e-04, -3.0734e-04, -1.3876e-03, -9.5810e-05, -2.2752e-04,
        -2.6110e-04,  5.7829e-04,  1.5368e-04, -8.0094e-04, -6.8184e-04,
        -4.5993e-04, -1.0928e-05, -1.3706e-04, -5.9199e-04,  1.1143e-03,
        -8.9421e-04, -3.7072e-04, -4.1798e-04,  1.5378e-04,  3.9108e-04,
        -6.9867e-05,  2.5066e-04, -9.5200e-04, -2.6215e-04,  2.5518e-04,
         3.4239e-06, -3.2889e-04, -6.7843e-05, -1.5003e-04, -4.6167e-05,
        -3.8830e-05, -6.5190e-04,  2.7337e-05, -1.9081e-04,  3.2554e-04,
         6.7142e-04, -6.7375e-04, -9.3118e-04, -2.7607e-04,  8.7557e-06,
         5.1641e-04,  3.9550e-04,  7.2154e-04, -2.4959e-04,  8.0421e-04,
         3.2340e-04,  7.1589e-04,  4.0604e-04,  8.9785e-05,  6.2771e-04,
         2.0476e-04, -5.5930e-04, -5.5529e-04, -8.2210e-04,  1.0026e-04,
        -3.5688e-04,  3.1484e-04, -2.8646e-04, -3.6104e-04, -3.0436e-04,
         3.5804e-04, -2.0744e-04,  9.6911e-05,  3.3418e-04, -1.4818e-04,
         1.8337e-04, -6.8782e-04,  7.4587e-04, -3.0682e-04, -4.7282e-04,
        -3.1195e-04, -4.3539e-04,  1.4074e-04, -8.0168e-04, -9.7412e-04,
         4.1129e-04, -3.1221e-04, -1.5721e-04, -2.1216e-04, -7.8642e-05,
         2.5130e-04, -3.0017e-04,  6.3795e-05, -9.2240e-04,  5.1402e-04,
        -5.9514e-04,  4.5356e-04,  3.2442e-04,  4.9342e-04, -1.9150e-04,
        -3.7567e-04, -2.5865e-04, -7.2942e-04, -5.0270e-04,  1.1663e-04,
         2.9852e-04,  1.8646e-04,  1.7960e-04, -1.0369e-03, -7.3596e-05,
         2.6507e-04, -3.6801e-04, -5.3155e-04, -1.3800e-04, -5.4523e-04,
         1.3837e-04,  2.1216e-04,  5.5817e-04,  4.2087e-04, -1.5633e-04,
        -3.4381e-04, -3.0001e-04,  4.3482e-04, -3.7978e-04,  8.3856e-04,
        -1.5994e-04, -8.8803e-04,  1.3202e-04, -9.3629e-05, -4.4118e-04,
        -1.9162e-04, -4.6248e-04,  6.3731e-04, -6.1258e-04,  1.0216e-05,
        -1.4436e-06,  9.3402e-05, -7.4694e-04,  4.0828e-04,  1.3229e-05,
        -5.9401e-04, -1.5335e-04,  6.0655e-04, -1.0313e-03,  3.9809e-04,
         1.1727e-04,  2.0271e-04]), 'model.features.5.1.block.0.1.running_var': tensor([ 31.2666,  18.8248,  14.8770,  24.7797,  28.3422,  36.2056,  17.0580,
         20.8096,  17.9932,  48.3100,  27.7259,  57.0291,  27.6794,  16.9765,
         40.6837,  35.5402,  17.8893,  33.0253,  19.4156,  14.1397,  48.6576,
         22.1248,  34.9760,  37.4066,  20.7240,  23.4660,  42.5980,  24.0315,
         40.0094,  22.9652,  32.3725,  34.0793,  33.0100,  49.5265,  14.3794,
         38.6415,  19.5103,  24.5431,  28.5266,  30.3258,  27.3677,  26.8776,
         23.2935,  41.4978,  37.0200,  21.1623,  32.4667,  46.1761,  23.3706,
         56.9690,  15.7345,  26.2629,  32.9334,  22.5351,  32.2038,  18.9873,
         29.6112,  23.8975,  29.8931,  33.2208,  18.9572,  21.9622,  62.0905,
         22.8850,  42.0070,  30.9912,  33.2898,  30.1725,  30.0278,  28.8619,
         21.8639,  38.1515,  18.8323,  33.0932,  17.2503,  29.9430,  13.9423,
         18.3149,  19.5658,  22.7789,  24.8508,  18.7130,  21.9336,  34.4477,
         32.8402,  18.7145,  46.9612,  25.1230,  30.8764,  20.1548,  26.2716,
         24.4988,  17.9352,  30.2209,  27.4907,  18.7829,  20.8476,  11.7408,
         27.0807,  29.7963,  28.8146,  42.6907,  44.3006,  31.1925,  17.2299,
         21.7749,  24.5138,  16.0627,  19.7678,  26.3253,  25.6868,  28.5341,
         14.9033,  29.1240,  26.6883,  21.8783,  28.7689,  13.7184,  60.1967,
         23.6585,  16.1981,  17.8128,  20.6471,  19.2394,  44.2442,  57.2204,
         30.1912,  28.6981,  17.3880,  39.1317,  28.6696,  28.9500,  31.5726,
         25.6652,  55.3306,  42.4410,  24.7598,  18.5355,  35.2411,  28.7210,
         23.3879,  24.0642,  25.5591,  15.5535,  31.6065,  30.2728,   9.8674,
         31.3437,  22.5637,  35.4074,  25.4985,  28.2606,  30.1591,  58.4661,
         51.8372,  29.0339,  31.5673,  22.3668,  33.7271,  19.0036,  14.2946,
         30.4395,  34.6618,  17.5389,  21.8034,  18.6588,  29.6293,  40.4004,
         49.8569,  37.4302,  40.8505,  23.1914,  19.7563,  34.0600,  32.0386,
         27.5584,  32.8867,  30.3249,  39.3136,  19.8758,  27.0807,  14.6144,
         44.1358,  37.1051,  52.5430,  19.4658,  28.1107,  30.6065,  36.3424,
         43.1144,  23.8565,  22.1670,  16.9023,  28.7808,  21.8732,  18.9132,
         15.1848,  17.9984,  22.5328,  35.1325,  23.7201,  26.8114,  21.3166,
         27.1233,  27.6693,  26.6344,  19.7367,  20.2663,  51.6269,  23.2470,
         42.4321,   9.6558,  36.8540,  21.6287,  20.8975,  19.1641,  30.1797,
         17.7174,  11.5880,  22.2076,  25.0890,  31.7860,  20.4873,  26.1807,
         28.5583,  26.5731,  28.2593,  18.5174,  36.3318,  25.1913,  14.6248,
         52.2162,  28.3443,  39.9945,  45.1147,  25.0613,  17.1423,  23.5119,
         24.2876,  26.5347,  25.1386,  47.6686,  26.2572,  23.2376,  19.5435,
         19.2460,  18.9247,  13.0538,  16.8002,  25.5875,  28.4153,  22.1374,
         24.3819,  24.4010,  13.5026,  41.8240,  28.8242,  30.5817,  22.4646,
         26.4401,  62.0119,  29.4593,  18.6811,  23.7259,  22.2138,  36.6077,
         13.5397,  30.5393,  19.8244,  17.0653,  19.6087,  29.3873,  25.9755,
         30.2908,  27.9190,  23.6789,  17.1058,  22.2123,  37.5236,  21.3438,
         58.1495,  25.0774,  26.6970,  41.2438,  50.9482,  19.3491,  22.7683,
         25.8026,  22.1662,  27.0471,  23.9975,  37.3197,  29.8637,  24.7696,
         41.7352,  17.4796,  43.3088,  21.3042,  31.7295,  23.6085,  49.5043,
         26.4199,  37.6270,  24.4387,  20.9017,  44.3476,  32.7707,  37.9588,
         63.0417,   9.4595,  28.5810,  24.7608,  22.2563,  22.3079,  28.4279,
         42.4526,  21.9031,  37.6072,  19.5888,  22.8000,  36.2345,  63.6983,
         15.4264,  33.2292,  16.0947,  30.1114,  31.1070,  31.5004,  26.4630,
         32.3793,  25.7547,  14.7578,  33.6109,  24.4274,  21.1591,  27.8565,
         32.7276,  34.8426,  23.1318,  27.2419,  19.5388,  33.6727,  43.8619,
         12.8192,  48.7986,  28.4027,  32.9564,  27.2920,  22.2628,   6.3287,
         39.3260,  44.7341,  29.9602,  20.9725,  34.5904,  26.0956,  28.8266,
         31.1205,  17.2491,  31.0026,  13.9943,  18.7150,  21.6218,  15.5532,
         25.8565,  24.4683,  23.0005,  51.8668,  36.5264,  28.9152,  39.2435,
         14.3135,  29.2258,  32.9656,  29.6139,  20.0011,  47.8379,  18.0282,
         29.1722,  42.1579,  26.2524,  23.8889,  33.1765,  24.8901,  39.6924,
         27.8435,  18.6268,  15.4549,  24.1358,  21.2084,  23.2399,  48.0559,
         22.3694,  25.8482,  12.0901,  34.1188,  32.1345,  34.3551,  30.5579,
         27.0075,  18.6326,  36.6661,  26.1026,  37.1042,  27.6781,  19.9650,
         21.2120,  20.4167,  21.3631,  14.7186,  19.7064,  28.1170,  26.5271,
         31.8471,  38.7968,  26.5404,  37.4111,  40.3585,  16.4455,  33.9506,
         29.9013,  20.9617,  23.0985,  21.0107,  27.5800,  24.4639,  25.7395,
         23.9117,  27.1935,  45.2805,  24.8902,  25.7880,  32.1044,  28.5483,
         21.4909,  25.0873,  20.0986,  26.1331,  36.0695,  29.4483,  14.7881,
         26.3454,  24.3840,  37.7894,  33.1942,  23.2002,  23.7172,  21.7043,
         27.7967,  28.8398,  27.1691,  32.5674,  26.7794,  24.8948,  21.8163,
         29.1421,  42.4428,  40.5334,  37.9375,  49.8120,  24.8751,  20.4478,
         41.0084,  18.5007,  24.4374,  25.4825,  27.5765,  21.0317,  19.2863,
         60.6705,  29.0196,  16.9284,  21.2119,  24.9533,  19.7996,  23.7614,
         14.8477,  24.3678,  30.4467,  32.1297,  17.9021,  58.3252,  25.8516,
         19.0609,  22.0592,  27.2859,  28.1695,  15.5082,  18.1569,  25.7266,
         29.0601,  40.9090,  32.2980,  18.0701,  26.8579,  25.3474,  32.1814,
         25.6426,  32.4272,  22.7663,  13.0974,  21.2195,  26.1631,  41.2003,
         37.4010,  24.4200,  30.1105,  17.1443,  39.5282,  34.9091,  29.4041,
         18.8044,  25.8163,  15.8289,  46.1083,  19.7555,  47.4064,  44.4630,
         33.1739,  30.9219,  26.4446,  39.1498,  29.3876,  16.1525,  41.9788,
         28.5177,  38.2438,  16.8310,  18.3192,  26.5730,  22.9489,  22.0317,
         31.4710,  25.8603,  25.4733,  48.2138,  26.0054, 107.7498,  25.3493,
         27.1315,  53.4027,  17.6069,  28.0374,  15.1243,  26.3374,  22.0127,
         36.8416,  17.0700,  25.9776,  33.1449,  15.4545,  18.9416,  21.4580,
         25.2735,  13.6834,  25.0727,  17.2459,  20.4448,  39.5441,  21.1647,
         32.3505,  38.8471,  34.0949,  38.0179,  27.0935,  31.1841,  23.1599,
         32.0992,  24.0891,  27.5242,  37.6805,  26.9816,  30.3056,  47.0306,
         35.0318,  18.2160,  36.8817,  39.7955,  29.6664,  51.1004,  24.0100,
         49.3199,  21.7004,  32.5777,  37.5024,  32.9154,  26.2541,  40.6671,
         30.4643,  50.8722,  30.7069,  27.4820,  27.5199,  23.1183,  20.6377,
         41.7960,  27.9301,  45.3697,  23.3589,  23.6480,  42.5288,  45.6261,
         36.2996,  33.0357,  19.7497,  20.0213,  18.2127,  24.6329,  28.8194,
         43.9373,  27.6443,  62.7241,  28.8148,  21.3299,  58.2937,  19.1633,
         34.6654,  61.9510,  13.9717,  20.3091,  21.5719,  35.6810,  25.7643,
         35.6683,  22.3498,  27.9024,  19.8252,  15.7413,  21.1107,  24.0218,
         21.6621,  24.2486,  21.4952,  22.1765,  36.4394,  23.2833,  18.1345,
         38.3325,  22.0674,  44.4275,  24.5628,  18.2937,  45.8458,  31.7603,
         21.5828,  30.9819,  31.2363,  24.1975,  30.1114,  20.0185,  29.7752,
         34.5475,  27.4393,  12.9661,  26.0701,  28.0597,  19.4296,  25.4083,
         34.4526,  18.8772,  33.4400,  23.6101,  28.6457,  30.9399,  21.8458,
         43.6035,  30.0091,  19.3822,  18.0552,  26.9950,  16.0038,  24.4641]), 'model.features.5.1.block.0.1.num_batches_tracked': tensor(703214), 'model.features.5.1.block.1.0.weight': tensor([[[[ 0.0305,  0.0108, -0.0099,  0.0500, -0.0196],
          [-0.0626, -0.0502,  0.1435,  0.0088, -0.0558],
          [ 0.0786,  0.1143,  0.0355,  0.2215,  0.0326],
          [ 0.1141,  0.1032, -0.0546,  0.1638,  0.0833],
          [ 0.0578, -0.0212, -0.1342,  0.0116,  0.0453]]],


        [[[-0.0370, -0.0283, -0.0414, -0.0338, -0.0213],
          [-0.0410, -0.0904, -0.1269, -0.0336, -0.0638],
          [ 0.0006, -0.0811, -0.1454, -0.0889, -0.0329],
          [ 0.0097, -0.0251, -0.0727, -0.0271, -0.0187],
          [-0.0110, -0.0281, -0.0337, -0.0408, -0.0148]]],


        [[[ 0.0450,  0.0287,  0.0210,  0.0448,  0.0449],
          [-0.0152,  0.0634,  0.3079,  0.0756, -0.0239],
          [-0.0417, -0.1309, -0.1042, -0.1230, -0.0710],
          [ 0.0148, -0.0345, -0.1530, -0.0735,  0.0092],
          [ 0.0095, -0.0199, -0.0568, -0.0411, -0.0353]]],


        ...,


        [[[ 0.0188, -0.0121, -0.0781, -0.0272, -0.0248],
          [ 0.0126,  0.0108, -0.1138, -0.0018, -0.0309],
          [-0.0674, -0.0731, -0.1685, -0.0865, -0.1079],
          [-0.0057, -0.0461, -0.1017, -0.0522, -0.0308],
          [-0.0293, -0.0343, -0.0868, -0.0281, -0.0354]]],


        [[[-0.0213, -0.0317, -0.0758, -0.0303, -0.0124],
          [-0.0577, -0.0511, -0.0472, -0.0640, -0.0628],
          [-0.1149, -0.0285,  0.1859, -0.0141, -0.1263],
          [-0.0758, -0.0917, -0.0473, -0.0729, -0.0805],
          [ 0.0255, -0.0363, -0.1161, -0.0475, -0.0154]]],


        [[[-0.1221, -0.0503,  0.0256,  0.0472,  0.0116],
          [-0.0512, -0.0872, -0.0254,  0.1197,  0.0212],
          [-0.1169, -0.1805, -0.0600,  0.1578,  0.0733],
          [-0.0346, -0.1699, -0.0476,  0.0630, -0.0040],
          [-0.0779, -0.1199, -0.0612, -0.0046,  0.0092]]]]), 'model.features.5.1.block.1.1.weight': tensor([1.6177, 1.5216, 1.6075, 0.4598, 1.4511, 0.7883, 1.2626, 2.1226, 1.3147,
        2.3087, 0.8564, 1.0477, 1.6237, 1.5685, 0.5464, 1.0308, 1.3139, 1.3650,
        1.9761, 1.7798, 1.5120, 1.6637, 1.3213, 1.4489, 2.2309, 2.5339, 1.2074,
        1.5256, 0.5657, 1.4877, 0.5480, 1.3267, 1.5714, 2.8006, 0.8979, 1.3410,
        1.2381, 1.9422, 0.5028, 1.5527, 1.0336, 1.5341, 1.6273, 2.3664, 1.3861,
        1.8109, 1.4250, 2.5642, 1.5414, 2.7481, 1.6619, 1.1147, 1.4956, 1.7734,
        2.4703, 1.6573, 1.5043, 1.9120, 1.3949, 0.5445, 1.6267, 1.4738, 0.7689,
        0.9919, 1.7720, 0.9187, 1.5318, 2.8449, 2.1726, 1.9975, 0.7638, 0.6614,
        0.6450, 2.6947, 0.8113, 1.3936, 1.4165, 1.5758, 1.2517, 1.9662, 1.3248,
        1.8218, 1.6854, 2.0824, 1.5888, 1.8877, 0.4081, 0.4664, 1.2662, 1.7683,
        1.4521, 1.3614, 1.8271, 1.3701, 1.9304, 1.8047, 1.7556, 1.7136, 1.3133,
        0.4738, 1.5489, 1.6016, 0.9829, 1.5892, 0.5406, 0.6570, 2.5480, 1.5806,
        1.2693, 2.9774, 1.1596, 1.7834, 1.7662, 1.9144, 0.7762, 2.0799, 1.8789,
        1.8324, 1.0145, 2.0615, 1.5758, 1.2440, 1.6025, 1.5143, 0.8082, 0.5461,
        1.2499, 1.6910, 1.1549, 1.4646, 0.8902, 0.4995, 1.4616, 0.7389, 1.2552,
        1.3002, 2.0893, 2.2317, 0.7102, 1.3864, 0.8870, 1.1320, 1.2538, 2.1000,
        0.5549, 1.8378, 1.1797, 1.6208, 1.5672, 1.6992, 2.0080, 1.3952, 1.4949,
        2.9917, 2.4669, 1.0101, 0.8993, 2.0660, 1.3178, 2.3177, 1.7015, 1.4465,
        2.0524, 0.7981, 2.0766, 1.4591, 0.6438, 0.8416, 1.1274, 0.7492, 1.2377,
        1.7207, 1.8175, 1.2552, 2.1154, 1.2908, 1.3134, 0.9270, 2.3799, 1.4820,
        2.4291, 1.8250, 1.6707, 1.5363, 1.3944, 2.0828, 1.1112, 0.9552, 0.7938,
        2.1652, 0.9987, 1.4278, 1.9099, 0.9660, 1.7552, 1.6607, 1.5011, 1.2843,
        1.1867, 1.6577, 1.1796, 0.7518, 1.1930, 1.7737, 3.0232, 1.6514, 1.3534,
        2.1578, 1.5076, 0.4403, 2.5323, 1.6588, 0.4913, 0.7078, 1.5722, 1.3319,
        1.0657, 0.4134, 1.7025, 1.0887, 2.2350, 0.6135, 1.9767, 1.7952, 1.7886,
        0.5483, 0.6491, 1.7405, 2.5401, 1.0373, 1.7755, 1.4910, 0.7976, 2.6797,
        1.7345, 1.4561, 1.3333, 2.0076, 1.1964, 2.3006, 1.4183, 1.0014, 1.2315,
        1.2577, 1.4045, 2.1122, 1.3648, 2.9480, 1.4546, 1.6153, 1.5010, 1.3676,
        1.2018, 0.8916, 1.9865, 1.4653, 2.7731, 1.8565, 0.5357, 1.5446, 1.1697,
        1.9059, 1.0201, 1.6500, 0.4801, 1.0028, 1.7781, 1.4103, 1.4960, 1.1147,
        0.4987, 2.0665, 1.2290, 1.7116, 1.4146, 2.1733, 1.3032, 1.7726, 1.9671,
        1.5684, 1.1304, 1.0869, 1.2057, 2.5921, 1.8350, 1.5615, 0.8412, 1.5489,
        1.6023, 1.7286, 1.9211, 2.8204, 1.9497, 1.0013, 3.5554, 1.5234, 0.6291,
        0.5490, 1.1361, 1.3273, 2.2536, 3.1728, 1.1062, 2.2669, 1.6104, 3.0080,
        1.0245, 2.1150, 0.7471, 1.9730, 1.8956, 1.6433, 1.5893, 1.4416, 1.9861,
        0.5301, 1.7500, 0.9494, 1.5652, 1.4613, 2.4190, 3.4404, 1.5390, 1.6173,
        1.5273, 1.0545, 1.3012, 0.9051, 1.0749, 1.3108, 1.7894, 0.7171, 1.2842,
        2.5886, 1.4726, 2.1085, 2.5862, 2.4452, 0.7055, 1.3387, 0.3646, 1.5876,
        0.4679, 1.3978, 1.8776, 1.0871, 1.5917, 0.9157, 1.4194, 2.0526, 0.9291,
        1.2216, 1.5470, 1.5867, 1.0512, 2.1900, 1.8864, 0.9110, 0.6192, 0.8161,
        0.8819, 1.6079, 2.1181, 1.3955, 1.6008, 0.4421, 1.6682, 1.1084, 1.6148,
        2.3654, 1.8346, 2.1202, 1.8587, 0.9444, 1.3170, 1.2316, 2.2758, 1.3320,
        0.9674, 1.1480, 1.5102, 1.5175, 1.9175, 1.1559, 1.1338, 0.3924, 1.3951,
        1.5831, 2.4797, 1.5690, 0.8511, 0.7048, 1.5331, 1.2549, 1.4812, 1.0904,
        1.0544, 1.2037, 1.9620, 0.7238, 2.1069, 1.5224, 2.1299, 0.9372, 2.6149,
        0.9071, 0.5735, 3.2386, 1.8055, 1.2167, 1.6712, 1.2445, 1.4634, 1.2227,
        1.7458, 2.4082, 2.9298, 1.1370, 1.8405, 0.6175, 2.0213, 1.0887, 1.2721,
        1.4203, 2.6876, 1.0538, 1.4571, 1.6151, 1.4160, 1.1102, 1.7752, 2.2723,
        1.8004, 0.3328, 1.8048, 1.8073, 1.2869, 2.3201, 0.6840, 1.4216, 1.2582,
        1.5789, 0.3654, 1.0051, 0.7156, 1.0888, 1.4092, 1.4945, 1.2497, 0.7140,
        2.4114, 1.3603, 1.3878, 0.9893, 1.8194, 0.6296, 1.8026, 3.3567, 0.5953,
        1.6282, 1.5903, 1.9556, 0.7901, 1.3258, 0.3816, 2.1693, 1.2641, 0.9165,
        0.7737, 1.0667, 1.4523, 1.4948, 2.1117, 2.1726, 1.3859, 1.9203, 1.1805,
        1.7890, 1.0586, 1.3004, 1.9316, 1.4422, 1.1732, 1.7191, 1.7024, 1.2405,
        1.6665, 1.5190, 0.8353, 0.5075, 2.0624, 1.4741, 1.7771, 1.1135, 1.7798,
        2.0319, 1.7178, 1.1285, 1.3085, 2.3110, 1.6335, 0.5184, 1.9383, 1.0805,
        1.8804, 1.3615, 2.4492, 1.1091, 1.9085, 1.6951, 1.6589, 1.0591, 1.9750,
        0.9844, 1.6172, 1.5000, 2.2921, 2.5403, 1.6448, 1.7341, 1.5965, 1.2225,
        0.7155, 0.7465, 1.5266, 0.5693, 1.2785, 1.4560, 1.8862, 1.7560, 1.2982,
        1.0439, 1.4762, 1.0247, 1.9080, 2.1952, 1.4561, 0.7535, 1.6256, 1.9567,
        1.6230, 0.9232, 0.7961, 1.8101, 0.6987, 1.3933, 1.7816, 1.6164, 1.1108,
        2.3330, 1.5153, 1.3026, 1.2743, 1.9283, 1.4234, 1.3632, 1.2579, 2.0281,
        1.6478, 1.6342, 1.4087, 1.7384, 1.8395, 1.4650, 1.3819, 2.4704, 1.2874,
        1.6067, 0.8744, 0.8643, 1.2693, 1.5371, 1.4764, 1.5135, 1.4159, 1.3820,
        0.8186, 0.9749, 0.8565, 1.5451, 1.6377, 1.1930, 2.2847, 0.7292, 1.6540,
        0.8937, 0.5567, 0.9742, 2.1070, 1.1370, 1.6273, 1.7658, 0.4475, 1.6631,
        0.4971, 1.4229, 0.4318, 1.7041, 2.6818, 2.3026, 1.3662, 1.8114, 0.4536,
        1.7329, 2.1072, 0.9319, 1.1019, 0.9483, 1.2167, 2.5629, 1.2639, 2.7111,
        1.9326, 0.7384, 0.6288, 1.6825, 0.8447, 1.4150, 1.4028, 1.2068, 2.0759,
        1.0201, 1.6947, 1.1302, 2.2692, 1.1778, 1.5504, 1.4516, 0.6630, 2.4043,
        0.4608, 0.6912, 0.4905, 1.5467, 1.8479, 2.0172, 1.7586, 0.5955, 1.9910,
        2.7222, 1.7889, 1.3216, 1.3488, 1.3798, 1.9893, 1.7534, 2.0490, 0.7101,
        1.3038, 1.5900, 0.7985, 1.9516, 2.6323, 1.9932, 0.7132, 1.6451, 1.5377,
        1.7580, 1.6627, 1.7790, 1.7139, 1.8762, 2.1841, 1.7259, 1.9202, 0.7946,
        1.6435, 1.9734, 1.8489, 1.0598, 1.5327, 1.9090]), 'model.features.5.1.block.1.1.bias': tensor([-1.4836e+00,  6.5862e-03, -9.9524e-01,  3.5973e-01, -5.2175e-01,
         2.8019e-01, -6.7272e-01, -3.0829e+00, -3.5554e-01,  4.8050e-01,
         1.5015e-01,  2.4573e-01, -1.5768e+00, -5.6235e-01,  3.3654e-01,
        -1.8840e+00, -1.6394e+00, -1.9003e+00, -1.6411e+00, -1.3505e+00,
        -1.3156e+00, -7.8871e-01, -2.1172e+00,  7.5947e-02, -1.1435e+00,
        -1.9894e+00, -1.8132e+00, -8.5620e-01,  4.4141e-02, -1.6511e-01,
         5.2407e-01, -3.0832e-01, -5.2321e-01, -7.3958e-01, -1.9757e-01,
        -1.0145e+00,  1.0270e-02, -1.9877e+00,  5.9723e-01, -8.1936e-01,
        -6.4109e-01, -4.7144e-01, -1.1754e+00, -2.0916e+00,  3.5079e-02,
        -1.8172e+00, -2.4225e-01,  8.9960e-01, -1.1518e+00, -4.5532e-01,
        -1.4290e+00, -3.8372e-01, -1.2432e+00, -9.1213e-01,  5.5053e-01,
        -5.5120e-01, -1.1672e+00, -1.2778e+00, -1.3334e+00,  5.7025e-01,
        -1.5472e+00, -1.8564e+00,  5.5631e-01,  4.0113e-01, -9.0270e-01,
        -3.3321e-01, -1.8688e+00, -5.6537e-01, -1.0866e+00, -1.4526e+00,
         9.0350e-03, -7.4207e-02,  4.2949e-01,  5.5396e-01, -2.5245e-01,
        -3.3738e-01, -7.2556e-01, -1.2836e+00, -7.3377e-01, -2.1928e-01,
        -2.1242e+00, -1.1150e+00, -6.8493e-01, -1.9250e+00, -1.2883e+00,
        -1.2689e+00,  7.8883e-01,  3.7495e-01,  3.2173e-01, -1.1219e+00,
         2.0636e-01, -6.3416e-01, -2.9744e-01, -1.2145e+00, -9.7724e-01,
        -1.8769e+00, -1.1656e+00, -1.2434e+00, -1.8995e+00,  3.9088e-01,
        -1.2454e+00, -1.0869e+00, -4.1620e-01, -8.9805e-01,  6.8480e-02,
        -2.2411e-01, -9.6543e-01, -2.0368e+00, -6.7555e-02, -1.3416e+00,
         4.9618e-01, -1.0942e+00, -8.0405e-01, -1.6172e+00,  3.8099e-01,
        -9.7882e-01, -1.0704e+00, -1.1466e+00,  3.7088e-02, -9.2343e-01,
        -7.0953e-01, -1.1148e+00, -1.2341e+00, -1.0144e+00,  3.3278e-01,
         2.5112e-01,  5.8691e-01, -1.1724e+00,  2.2810e-02, -1.5052e+00,
        -8.5364e-01,  4.0051e-01, -1.1541e+00,  4.2034e-01, -3.1653e-01,
         2.4596e-03,  3.5235e-01, -2.3809e+00, -2.4350e-01,  4.1674e-01,
         3.5669e-01, -7.6542e-01, -2.2684e+00, -1.7225e+00,  5.3334e-01,
        -1.5211e+00, -3.8387e-01, -1.0653e+00, -9.1264e-01, -1.2638e+00,
        -1.4384e+00, -6.2669e-01, -1.4113e+00, -1.1240e-01,  3.5706e-01,
         2.2486e-01, -7.8311e-02, -4.4149e-02,  6.5500e-01, -2.5422e-01,
        -4.4254e-01, -1.0203e+00, -1.6522e+00, -5.5212e-01, -1.1510e+00,
        -8.4105e-04,  5.6809e-01,  1.2350e-01, -2.4955e-01,  6.0418e-01,
        -1.1598e+00, -2.1580e+00, -7.4999e-01, -9.1282e-02, -1.6075e+00,
        -1.0059e+00,  3.6793e-02,  8.9290e-01,  1.7407e-01,  1.1599e-01,
        -5.5329e-01, -4.5716e-01, -8.1197e-01, -1.2429e+00, -1.6973e+00,
        -6.4157e-01, -3.7591e-01, -2.6619e-01,  2.9785e-01, -8.8047e-01,
        -9.0473e-01, -9.9682e-01, -8.2495e-01,  7.3951e-01, -1.3936e+00,
        -1.3065e+00, -1.3025e+00,  1.2685e-01, -2.5869e+00, -1.6545e+00,
        -2.1230e+00,  3.4352e-01, -1.0228e+00, -2.8539e-01, -1.6784e+00,
        -2.6611e+00, -1.2294e+00, -1.1454e+00, -1.3341e+00,  7.0394e-01,
         1.6996e-02, -4.1894e-01,  7.6348e-01,  4.2690e-01, -1.5046e+00,
        -5.6123e-01, -2.8033e-01,  4.9267e-01, -1.1794e+00,  3.3234e-01,
        -5.4958e-01,  9.7160e-02, -1.4804e+00, -4.2000e-01, -1.2253e+00,
         4.2816e-01,  3.2745e-01, -5.4240e-01, -6.1554e-01, -5.3481e-01,
        -9.1867e-01, -1.0816e+00, -2.0986e-01,  6.0964e-01, -2.9858e+00,
        -3.5036e-01, -2.1473e+00, -1.1936e+00,  4.1337e-01, -6.8740e-01,
        -1.4191e+00,  1.3586e-01, -5.7585e-01, -2.2205e+00, -6.5415e-01,
        -1.2768e+00, -5.4563e-01, -1.2450e+00, -7.9280e-02, -7.6719e-01,
        -2.3676e-01, -3.1166e-02, -6.1443e-02, -5.0192e-01, -1.9223e+00,
        -5.0412e-01, -4.2074e-01, -2.0138e+00,  3.1725e-01, -6.9200e-01,
        -8.9658e-01, -2.3239e+00, -2.5842e-02, -1.5228e+00,  3.1179e-01,
        -1.4398e-02, -1.0704e+00, -2.6190e-01, -1.6286e-02, -1.6900e-02,
         3.7673e-01, -1.2549e+00, -7.5518e-01, -1.3667e-01, -2.4549e+00,
        -2.0922e+00, -5.5013e-01, -7.8784e-01,  3.8852e-01, -3.2774e-01,
        -1.2943e+00,  1.3004e-01, -4.3946e-01, -1.1628e+00,  4.2241e-01,
        -3.2800e+00,  2.1873e-03,  3.1099e-02, -1.5415e+00, -7.3322e-01,
        -1.2701e+00, -2.3668e-01, -9.1697e-01, -9.8354e-02, -2.5236e+00,
        -1.6489e+00,  5.3188e-01,  1.2297e-01,  2.9638e-01, -7.6145e-01,
        -3.3711e+00, -1.5809e+00, -2.1143e-01, -1.4564e+00, -9.3560e-01,
        -1.6196e+00, -4.9965e-01, -1.7624e+00,  5.4638e-02, -1.3732e+00,
        -9.8696e-01, -9.7296e-01, -9.8888e-01, -1.1944e+00, -1.1666e+00,
         4.7345e-01, -6.2094e-01,  2.5517e-01, -1.5923e+00,  9.1831e-02,
         2.9896e-01, -1.7473e+00, -1.4128e+00, -9.0026e-01, -1.3481e+00,
         2.4088e-01, -1.3572e-01,  1.3300e-01,  2.2304e-01, -7.3943e-01,
        -1.4501e+00,  5.5896e-01,  1.3301e-02, -2.1121e+00, -1.0401e+00,
        -2.0612e+00, -1.8560e+00,  2.4107e-02,  1.6853e-01, -3.8906e-01,
         6.3877e-01, -2.1776e+00,  6.9248e-01, -1.1303e+00, -3.5775e-01,
         1.4489e-01,  2.7684e-01, -3.2899e-01, -9.4961e-01, -1.5171e+00,
         2.7511e-01, -2.3301e-01, -1.3588e+00, -9.4399e-01, -9.1139e-01,
        -1.1461e+00, -1.9416e+00,  4.1278e-01,  4.5794e-01, -1.4310e-01,
        -7.4722e-01, -2.3359e+00, -1.2368e+00, -1.8518e-01, -2.3402e+00,
         9.8311e-01, -9.4937e-01, -2.1783e+00, -1.2320e-01, -1.9781e+00,
        -1.1392e+00, -1.4221e+00, -1.1002e+00, -2.5113e-02, -7.8226e-01,
         1.2607e-01, -1.0228e+00, -2.1048e+00,  7.9288e-01,  6.5793e-01,
         3.8458e-01, -1.3153e+00, -1.0057e+00,  2.4325e-01, -2.1158e+00,
         7.5907e-01, -6.8215e-01, -6.3277e-01, -6.7994e-01, -1.1082e+00,
         8.7491e-02,  4.6349e-01, -8.8653e-01, -4.7637e-01, -1.5174e+00,
         1.1689e-01,  5.2789e-02, -2.1252e+00, -9.1022e-01,  7.0416e-01,
        -1.2171e+00, -1.8446e+00, -1.2350e+00,  9.0987e-02, -2.1935e+00,
         8.1172e-02,  3.1669e-01, -1.6779e+00, -1.9055e+00, -8.0516e-01,
        -2.7523e+00, -2.4111e-01, -1.4017e+00,  3.6579e-01, -9.2399e-01,
        -1.6144e+00,  1.2285e-01, -9.4134e-01, -7.5534e-01,  7.0945e-01,
         4.1122e-01, -3.9104e-01, -9.1897e-02, -6.7016e-01,  3.9448e-01,
         1.2156e-01, -9.2297e-02, -2.1783e+00, -6.3478e-01,  3.1880e-01,
        -8.1872e-01, -1.7604e+00, -1.4681e-01,  9.6130e-01, -1.3967e+00,
        -9.6272e-01, -4.8183e-01, -1.3452e+00,  1.9338e-01, -4.8993e-01,
        -8.3595e-01, -5.1303e-01,  9.5369e-01, -6.4519e-03, -6.4703e-01,
        -1.6494e+00, -1.2310e+00, -1.0654e+00, -7.5069e-01,  8.8539e-02,
        -8.0306e-01, -8.4713e-01, -1.5411e-01, -2.3898e-02, -1.3071e+00,
        -4.2555e-01, -5.7650e-01,  2.4821e-01, -2.2115e-01,  4.6987e-01,
        -2.1329e+00, -9.4119e-01,  3.2252e-01,  2.2781e-01,  6.0109e-01,
        -1.4848e+00,  9.4392e-03,  5.7110e-01,  4.2610e-01, -2.0541e+00,
        -1.5546e+00, -7.2874e-01, -2.5710e+00,  5.3880e-01, -1.4346e+00,
        -4.7851e-01, -1.0589e+00, -9.2625e-01,  1.0967e-01,  5.7822e-01,
        -1.5139e+00, -1.1372e+00, -1.1384e+00, -5.7476e-01, -9.1995e-01,
         6.7364e-01, -1.3281e-01, -1.0995e+00, -2.1846e-01,  5.8665e-01,
        -1.4442e+00, -1.0832e+00, -1.1808e+00,  1.5691e-01, -9.2766e-01,
        -1.1693e+00, -1.8446e-01, -7.7996e-01,  2.5312e-02, -1.2197e+00,
        -2.0976e+00,  8.1701e-01, -9.9893e-01, -8.9813e-02, -1.0103e+00,
        -3.1914e+00, -2.6448e+00, -3.9434e-01, -7.0477e-01, -9.9658e-01,
        -1.0673e+00, -3.5019e-01, -1.8514e+00,  3.2255e-02, -6.7004e-01,
        -4.7684e-01, -5.4881e-01,  6.6108e-01, -1.0235e+00, -1.1389e+00,
        -1.0585e+00, -6.6532e-01, -2.2061e-01,  1.8689e-01, -7.7079e-01,
         4.8193e-01, -3.4834e-01, -2.9717e-01, -1.7615e+00, -2.2630e-01,
        -6.6613e-01,  5.7779e-01, -1.3296e+00, -7.2774e-01, -2.3998e+00,
        -1.1684e+00, -2.9618e-02,  3.3024e-01, -1.4185e+00, -4.1540e+00,
         8.3030e-02,  2.8701e-01, -3.6027e-02, -1.0921e+00,  7.2973e-02,
        -1.0117e+00, -4.9501e-01, -5.3760e-01, -2.9857e+00, -1.2426e+00,
        -1.5618e+00, -2.0838e+00, -7.5833e-01, -6.6654e-02, -1.8526e+00,
        -7.5848e-01, -3.2853e-01, -6.7888e-01, -5.9468e-01, -2.5666e-01,
        -3.0735e-02, -5.8611e-01, -1.2689e+00, -6.2852e-01, -3.0468e-01,
        -2.3432e+00, -1.7069e-02, -2.9619e-01, -1.1751e-02,  1.9391e-01,
         3.2075e-01, -2.1993e+00, -9.6976e-01, -1.0454e+00, -3.6356e-01,
        -4.9366e-01, -7.2372e-02,  2.8606e-01, -3.8881e-01, -2.9940e-01,
         6.0214e-01,  6.1941e-01, -1.0403e+00,  3.1493e-01, -1.9443e-01,
         6.7246e-02,  1.9858e-01,  2.2571e-01, -9.8284e-01, -4.4509e-01,
         9.0504e-02, -1.1292e+00,  6.0100e-01, -8.4966e-01,  2.7985e-01,
        -3.4965e+00,  7.4817e-01, -1.1533e+00, -2.6470e+00, -9.1573e-01,
        -1.5064e+00, -1.8152e+00,  5.3607e-01, -1.0969e+00, -2.4144e-01,
        -4.8247e-01,  2.3630e-01, -2.5489e-01, -7.8258e-01,  3.7507e-01,
        -2.6689e+00,  3.8209e-01,  2.2434e-01,  1.4637e-01,  1.5746e-01,
        -8.5484e-01, -3.8055e-01, -1.3532e+00, -2.5615e+00, -1.2431e+00,
        -7.1326e-01,  2.9283e-01, -7.6343e-01, -4.1211e-01, -2.1163e+00,
        -1.8501e-01, -6.8822e-01, -5.9085e-01,  3.6610e-01, -1.2501e+00,
         3.6705e-01,  1.6236e-01,  4.1466e-01, -9.1474e-01, -1.8197e+00,
        -1.3903e+00, -1.2084e+00,  3.7583e-01, -1.5730e+00,  4.5980e-01,
        -1.0262e+00, -4.8957e-01,  6.5627e-01, -2.8973e-01, -2.0733e+00,
        -6.3970e-01, -2.8089e-01, -2.6721e-01, -1.5192e+00, -1.1652e+00,
         2.5659e-01, -1.5191e+00, -1.5415e+00, -1.1160e+00,  9.2773e-02,
        -1.7647e+00, -3.0946e+00, -8.0890e-01, -1.8161e+00, -2.1500e+00,
        -1.1788e+00, -1.2249e+00, -1.7670e+00, -1.3691e+00, -1.4063e+00,
         3.4175e-01, -6.7986e-01, -3.4141e+00, -2.1086e+00,  7.4291e-01,
        -9.3434e-01, -1.1070e+00]), 'model.features.5.1.block.1.1.running_mean': tensor([ 3.0412e-02, -9.1760e-02, -3.7751e-02, -3.3437e-03,  6.7107e-02,
        -9.8723e-01, -3.1496e-02, -1.4548e-01, -5.8267e-02, -8.3037e-02,
         1.2855e-01, -3.5927e-03,  8.5219e-01,  2.3816e-02, -4.2146e-02,
        -6.9695e-02, -7.7705e-02,  1.4501e-01, -4.6412e-01, -2.7870e-01,
         3.1827e-01, -1.5787e-02,  7.1737e-02,  4.1138e-02, -7.3140e-02,
        -1.2525e-01, -6.7197e-02, -1.3636e-01, -1.0820e-01, -2.0927e-02,
        -1.0755e-01, -6.5903e-02, -1.4290e-01, -1.1562e-01, -3.5718e-02,
        -3.2735e-02, -1.1330e-01, -1.3727e-01,  2.9158e-02, -2.2622e-01,
        -1.7036e-01, -1.3257e-02, -5.4347e-01, -8.9229e-02, -2.7361e-02,
        -4.1586e+00, -5.2840e-02, -6.7279e-02,  2.6394e-02, -1.1195e-01,
        -4.2890e-01,  9.1025e-01,  2.5112e-02, -3.7947e-03, -1.3515e-01,
        -2.1893e-02,  1.1321e-02, -1.2563e-02, -4.8380e-02, -4.2049e-03,
        -6.3182e-01, -7.7420e-03, -1.0988e-01, -2.8196e-01,  2.7308e-03,
        -5.1658e-02, -1.4192e-01, -6.5950e-02, -7.7105e-01,  4.1884e-02,
        -1.2878e-01,  1.8972e-02,  3.4480e-02, -1.0985e-01, -9.1125e-02,
         8.5026e-02,  3.7197e-03,  1.1724e-01, -1.4398e-02, -8.1850e-03,
         1.1952e-02, -1.7488e-02, -2.0324e-01, -8.1496e-01,  2.0568e-03,
        -2.5156e-01,  9.0968e-02,  5.4835e-03, -8.0215e-02, -5.5485e-01,
        -1.1136e-01, -1.1349e-02,  2.8823e-03,  7.1190e-03, -6.2162e-01,
        -2.5584e-02, -6.3484e-02, -2.1929e-01,  1.9457e-01, -6.0299e-03,
        -5.7278e-04,  1.5099e-01,  1.2256e-01,  7.2763e-04, -1.4097e-01,
        -2.4683e-02, -4.2776e-02, -1.0116e-01, -7.4682e-01, -1.4035e-02,
         1.9438e-01, -1.1805e+00, -2.9692e-03, -5.5889e-01,  1.1954e-01,
        -6.8660e-02,  6.3193e-04, -1.0630e-01,  2.3404e-02, -2.0198e-01,
        -2.0570e-01,  6.1347e-03,  4.4717e-04, -3.5902e-03,  5.2673e-02,
        -2.7578e-02,  1.3101e-02,  6.2358e-02, -4.2974e-02,  5.9083e-01,
        -1.0183e-01, -2.6398e-02, -5.2455e-02, -2.8172e-01,  3.5944e-02,
         8.5135e-02, -2.0412e-01, -2.7319e-01, -2.4836e-02, -4.5486e-02,
         1.2917e-01, -1.0598e-01,  5.4312e-02, -1.2035e-01, -4.8815e-02,
        -3.7497e-01,  1.4008e-02, -3.7838e-02,  6.7857e-04, -3.7315e-01,
        -1.0774e+00, -5.1709e-02,  1.3505e-02, -5.0521e-02, -5.3068e-02,
        -2.4777e-01,  1.7350e-01, -6.7755e-02,  1.7608e-01,  2.5869e-02,
        -1.0875e-01, -3.5483e-01, -3.3678e-01,  4.3494e-03, -3.6125e-01,
         1.4408e-03, -5.7809e-02, -1.1412e-01,  3.0695e-01,  2.5241e-01,
        -7.9440e-03, -1.3708e-01, -5.8418e-01, -5.2316e-01, -2.2957e-01,
        -5.5819e-03, -8.0618e-02, -4.4780e-01, -1.5276e-01, -3.4756e-01,
        -9.9339e-02, -1.4512e-02, -5.5860e-02, -9.1601e-01,  5.0125e-01,
        -4.8736e-01,  4.0144e-02,  1.4614e-03,  7.0345e-02,  9.7906e-02,
        -9.5638e-03,  1.0718e-01, -2.6743e-01,  1.6713e-03, -4.9572e-01,
        -1.5793e-01, -2.7794e-01, -3.7328e-01,  4.3846e-02, -6.6546e-02,
        -1.1705e-01,  4.3277e-02, -4.3662e-02, -4.8528e-01, -1.1077e+00,
        -1.6780e-01, -5.3922e-02, -1.0532e-01,  4.7192e-01, -1.4211e-01,
        -1.0092e-01, -1.6276e-01, -8.1613e-03,  3.8019e-02, -1.0432e-02,
        -9.4153e-03,  7.8548e-02,  1.2176e-02, -1.3742e-01, -7.3976e-02,
        -3.0647e-02, -4.1935e-02, -7.6633e-01, -4.9245e-02,  3.0377e-02,
        -1.9001e-02, -7.6450e-02, -2.1526e-01, -6.8578e-02, -9.9368e-02,
         1.1575e-03,  2.8681e-01,  1.8359e-01,  2.1638e-02, -1.0316e-01,
        -1.0370e-01, -1.2434e-02, -2.6852e-01,  3.5299e-01, -8.6809e-02,
        -1.0031e-01,  4.0641e-01, -9.9051e-03, -5.5058e-03,  1.2467e-02,
        -4.9832e-01, -8.7197e-02, -2.2954e-01,  1.1860e-02, -5.7267e-02,
        -4.9117e-02, -1.3002e-01,  8.0442e-03, -1.0311e-02, -2.1273e-02,
        -5.0321e-01, -1.7014e-01, -1.2797e-01, -4.3801e-03, -6.3054e-01,
         1.9182e-01, -1.2790e-01, -1.1675e-02, -1.8675e-01, -8.6986e-04,
        -3.6220e-02, -2.6606e-02, -1.5146e-01, -6.7549e-02, -5.6284e-02,
        -2.4750e-02, -5.9345e-01, -1.7413e-02, -5.5789e-02, -6.7864e-02,
        -8.4636e-02, -6.9057e-02, -3.2762e-02, -1.0508e-02,  3.1015e-03,
         3.5241e-01, -7.4573e-02,  1.4107e-01, -4.2143e-01, -8.5262e-02,
         2.6031e-02,  2.1303e-01, -1.1341e-01,  7.1754e-02, -1.6285e-01,
        -7.8145e-02, -6.7981e-02, -4.1018e-02, -3.2940e-03, -1.2662e-01,
        -6.1725e-02, -4.6795e-02, -8.3210e-02, -6.2968e-02, -9.0280e-02,
        -4.6658e-02, -7.9273e-02, -1.8206e-02,  2.1797e-02,  1.7667e-04,
        -1.0278e-01,  7.2079e-03, -1.2237e-01,  1.6921e-02, -8.0620e-04,
         1.8349e-03,  7.8575e-04, -1.9638e-01,  4.1756e-02,  1.4000e-02,
        -1.8074e-01, -3.9574e-02,  2.9279e-01,  1.5928e-01, -1.1037e-02,
        -7.2920e-02, -3.9801e-02, -1.4698e-01, -1.8086e-01, -5.8576e-02,
         1.7489e-02,  1.2217e-03, -1.4647e-02, -1.0705e-02, -5.7571e-02,
         1.2321e-01, -8.5919e-02, -7.8141e-02, -5.6001e-01,  7.0480e-02,
        -1.9800e-02, -4.3914e-01, -1.0358e-01,  2.6184e-03,  6.9913e-03,
         4.5156e-02, -3.3941e-02,  5.3014e-01,  5.8875e-03,  1.0885e-01,
        -2.0483e-02, -6.8168e-02, -1.7236e-01, -9.8913e-03, -3.1302e-01,
        -7.9357e-02, -7.0969e-02, -1.1571e-02, -1.7666e-06,  3.5005e-01,
        -8.4609e-02, -1.4801e-01, -9.9278e-02, -8.6098e-02, -1.0094e-01,
        -2.4891e-02, -1.8324e-01, -1.1534e-01,  1.9986e-02,  1.7421e-01,
        -3.0855e-02,  2.0083e-04, -9.6374e-02,  2.3184e-01, -1.3326e+00,
        -3.7456e-01, -1.3133e-02, -1.9499e-01, -5.5936e-02,  8.5246e-03,
         2.6230e-02, -4.0639e-01, -8.6562e-02,  5.0759e-03, -3.1307e-03,
        -3.4879e-04, -1.1725e-01, -6.6041e-02,  4.6944e-03, -1.2761e-01,
        -4.0257e-02, -7.4605e-02, -2.3288e-03, -2.5275e-02, -4.6455e-02,
         1.7206e-02,  5.1592e-01,  2.5167e-04, -6.9722e-02, -5.0279e-01,
        -1.8438e-01, -6.9222e-03, -9.6120e-03, -1.9090e-01,  4.4111e-03,
        -8.5330e-02, -1.0264e-01, -3.0286e-01,  5.0421e-02, -1.3128e+00,
         1.1414e-03, -5.9541e-02,  1.9288e-02, -3.7883e-03, -1.1452e-03,
        -1.2057e-01, -6.2866e-02, -5.8511e-03, -2.1030e-01, -5.7027e-01,
        -1.8612e-03, -1.4515e-01, -6.5124e-02, -4.4732e-01, -1.7520e-02,
        -5.6817e-02,  8.1142e-02, -1.8109e-01, -3.8377e-03, -1.4973e-01,
         8.1364e-01, -8.7981e-02, -3.2326e-02, -6.8764e-02,  6.7703e-01,
         1.0231e-03, -1.5258e-01, -1.3519e-01, -6.4090e-03, -7.8410e-01,
        -2.3652e-01, -2.5661e-02, -1.8815e+00, -6.3980e-04, -8.6219e-02,
        -1.1019e-02, -1.3458e-01, -2.0549e-02,  9.2706e-02, -2.4683e-01,
        -5.8744e-02, -3.5841e-02, -6.3211e-03,  6.9975e-02, -1.5450e-02,
        -1.9143e-01, -5.8024e-02, -1.9043e-01, -3.9229e-02, -1.7368e-01,
         2.0487e-02,  2.3174e-01, -5.0881e-02,  2.6335e-01, -4.9066e-02,
        -1.2701e-01, -1.2833e-02,  1.4141e-01,  1.8754e-01,  5.9264e-02,
        -8.9962e-02, -2.4104e-01, -5.1382e-01,  5.4427e-03, -1.2342e-01,
         1.1071e-01, -3.5759e-02, -6.6926e-03, -9.6201e-02,  1.6158e-02,
        -5.2026e-02, -6.6686e-02, -1.2318e-01,  3.7793e-03,  4.0309e-01,
        -5.2976e-01,  1.1624e-01, -3.6820e-03, -1.7585e-01,  8.3560e-03,
        -1.7816e-01,  3.2712e-02,  5.0023e-03, -1.0269e-01,  7.6399e-02,
        -1.6222e-01,  1.4382e-03, -1.1900e-01,  2.1537e-01, -2.5464e-02,
         3.6489e-02, -2.6787e-01,  9.7246e-04, -4.1194e-01,  1.9003e-02,
        -8.9587e-02, -2.2633e-04, -1.6091e-02,  4.0733e-02, -4.4359e-01,
         9.2571e-03, -1.1265e+00, -9.9320e-02, -3.2102e-02, -6.0178e-01,
         4.9834e-03, -3.9519e-02, -3.6436e-01, -8.3699e-04,  2.4118e-01,
        -2.1861e-01, -1.4827e-01, -1.6740e-01, -1.9548e-02, -1.1971e-01,
         6.4634e-02,  1.4249e-01, -6.8177e-02,  2.4682e-01, -8.7916e-02,
         3.4887e-02,  1.0550e-02, -3.7876e-01,  3.7085e-01,  2.4629e-02,
        -5.2700e-03, -2.2399e-01, -6.8563e-02,  2.1877e-01, -9.3659e-02,
        -5.8606e-02,  4.7443e-02, -1.1368e-01,  2.8741e-02, -2.1167e-01,
        -2.4813e-02,  1.7671e-01, -4.9517e-02, -1.8567e-01, -1.1640e-01,
        -6.1355e-01,  7.8175e-02, -1.9257e-02, -8.6984e-02, -8.6442e-01,
         1.0646e-02,  4.2859e-02,  1.7233e-02, -2.6037e-01, -2.5232e-02,
        -6.8582e-02, -1.0532e-02,  9.5739e-03,  2.0194e-01, -1.9656e-01,
         7.7580e-02,  6.8908e-02, -2.9005e-01,  3.9579e-02, -1.2398e-01,
        -2.0653e-01,  3.2379e-01, -3.9938e-01, -1.8661e-02, -1.6002e-02,
        -1.2728e-01, -1.4005e-01, -3.9283e-04,  5.2315e-02, -4.6098e-03,
        -1.1155e-01,  2.6841e-02,  3.3214e-03, -1.2066e-01, -1.0717e-01,
        -5.9231e-02, -5.7763e-04, -8.0267e-02, -8.3632e-02, -4.4170e-04,
        -5.6161e-02, -2.7230e-02, -1.0209e-01, -5.1101e-03,  1.3588e-02,
        -1.0989e-01, -5.8481e-01,  6.0960e-03,  7.1563e-02, -8.0465e-02,
        -1.5129e-02, -2.8282e-03,  1.7511e-02, -1.3611e+00, -5.1707e-02,
         2.5184e-01,  1.9394e-02, -3.8875e-02, -2.0289e-01, -1.7455e-01,
        -9.0406e-02,  3.0798e-01, -1.2728e-02,  1.3952e-01, -8.3201e-02,
         3.5655e-01, -1.1642e-01, -1.8752e-01, -3.3617e-02,  8.7393e-02,
        -5.5174e-05,  7.0780e-02,  2.9097e-02,  2.3771e-01, -2.5271e-01,
        -1.3240e-01, -5.5830e-02, -5.5213e-03, -1.5563e-01,  6.2485e-03,
         9.3195e-02, -5.2236e-03, -3.3173e-02,  1.8126e-02, -7.0350e-01,
        -1.0039e-02, -9.3038e-02,  9.8610e-03, -1.0016e-04, -9.5678e-02,
        -5.6710e-01, -4.3341e-01, -5.4270e-02, -1.0906e-01, -1.3850e-01,
        -2.9586e-01, -2.4183e-01, -9.1212e-03, -5.3626e-01, -1.3463e-02,
        -1.6133e-01, -3.8028e-01, -5.3960e-02, -2.8723e-02, -2.2758e-03,
        -8.9952e-03, -2.1691e-03, -6.3399e-01, -4.0832e-01, -5.6636e-02,
        -9.5030e-02, -1.5890e-01, -2.7584e-03,  1.6930e-01, -7.7019e-02,
        -4.4090e-01, -7.9746e-02,  2.0432e-02, -7.9536e-02, -1.9214e-01,
        -3.1287e-02, -2.8147e-03, -1.2576e-01, -4.3983e-02, -1.2227e-01,
        -2.6868e-01, -2.4925e-01]), 'model.features.5.1.block.1.1.running_var': tensor([3.0948e-02, 7.2072e-02, 5.3316e-03, 4.1593e-03, 1.4373e-02, 2.4281e-01,
        1.2291e-02, 6.6935e-02, 5.7986e-02, 1.2987e-02, 1.0798e-01, 3.0984e-04,
        2.0241e-01, 2.4635e-02, 2.3521e-02, 1.8107e-02, 1.0456e-02, 6.9662e-02,
        1.0192e-01, 6.5064e-01, 1.5156e-01, 1.9282e-01, 9.6233e-02, 1.7854e-02,
        7.8039e-03, 1.4033e-02, 1.6304e-02, 1.3477e-02, 9.0457e-03, 1.7577e-02,
        2.5578e-02, 3.5323e-02, 5.2815e-02, 8.8359e-03, 2.2696e-02, 2.7326e-02,
        6.1174e-02, 7.9826e-03, 1.4840e-01, 4.7358e-02, 1.6279e-01, 5.8360e-02,
        9.3751e-02, 2.0672e-02, 6.9727e-04, 5.2157e-01, 4.8762e-03, 9.5331e-03,
        4.9453e-02, 6.7140e-03, 2.6739e-01, 4.8233e-01, 3.3221e-02, 2.5925e-03,
        3.3528e-03, 3.7584e-04, 1.3012e-02, 9.0559e-04, 1.5134e-02, 6.5348e-02,
        1.7541e-01, 1.4747e-02, 1.1793e-02, 2.0362e-01, 1.4455e-03, 1.6353e-01,
        4.5878e-02, 2.1031e-02, 5.2616e-01, 2.3278e-02, 8.7804e-03, 3.1724e-02,
        3.3321e-02, 5.8755e-03, 8.9581e-03, 6.0065e-02, 6.8581e-03, 2.2268e-01,
        3.4683e-04, 2.4712e-04, 3.5059e-03, 1.2172e-03, 1.1807e-01, 2.0569e-01,
        3.1618e-03, 6.0748e-01, 3.1020e-02, 3.8525e-02, 1.7475e-02, 2.8207e-01,
        6.9096e-03, 3.6604e-03, 4.2124e-02, 1.3983e-03, 1.7331e-01, 2.3343e-02,
        2.0651e-03, 4.1561e-01, 1.1911e-01, 1.0186e-02, 5.4997e-03, 7.5905e-02,
        1.6114e-01, 8.2602e-04, 1.6248e-03, 2.4246e-03, 1.1486e-02, 4.2817e-03,
        4.3499e-01, 1.2444e-02, 5.1208e-02, 3.6834e-01, 4.5314e-03, 2.2418e-01,
        1.1482e-01, 1.2286e-01, 3.4169e-02, 5.6945e-03, 1.1677e-02, 1.0973e-02,
        3.3283e-02, 5.3356e-03, 1.7770e-02, 3.5727e-03, 2.4316e-01, 4.5426e-02,
        2.8421e-02, 6.6767e-02, 9.6369e-03, 4.0031e-01, 4.4276e-03, 2.3917e-03,
        1.9813e-01, 1.9900e-01, 4.1696e-02, 2.5594e-02, 6.9755e-03, 1.8489e-02,
        1.6540e-02, 2.3058e-02, 2.2577e-02, 3.4152e-03, 2.1801e-02, 4.7649e-02,
        3.8443e-02, 1.8130e-02, 4.2557e-02, 1.9820e-01, 2.3241e-03, 2.1283e-02,
        3.2349e-01, 1.3248e-02, 3.7893e-03, 2.9569e-02, 2.5318e-02, 2.8175e-01,
        1.3495e-01, 1.7837e-02, 4.5507e-02, 5.9775e-02, 3.0469e-01, 1.3615e-01,
        7.9383e-02, 3.1233e-02, 3.9510e-01, 1.1877e-02, 2.9327e-01, 5.8931e-03,
        3.3002e-01, 6.2016e-01, 2.2167e-02, 3.6502e-03, 4.4538e-01, 3.6216e-01,
        4.5518e-02, 5.2696e-02, 8.7154e-03, 2.5475e-01, 6.9615e-03, 1.8639e-01,
        9.8202e-03, 2.3236e-02, 7.3567e-03, 2.5912e-01, 3.2717e-01, 3.4854e-02,
        2.7787e-02, 3.9093e-02, 2.0708e-02, 7.9621e-02, 1.7408e-02, 7.7653e-02,
        2.8428e-02, 1.1317e-03, 1.7439e-01, 1.2227e-02, 1.6884e-02, 2.2856e-01,
        9.7985e-02, 1.2175e-02, 2.0952e-03, 1.7890e-02, 4.4774e-02, 4.7263e-01,
        2.6804e-01, 7.6543e-03, 9.8753e-03, 4.1498e-01, 3.2748e-01, 1.6310e-02,
        1.8198e-02, 4.8697e-02, 6.8637e-02, 1.4988e-02, 2.8124e-03, 7.7618e-03,
        2.0812e-01, 7.0715e-02, 8.2031e-03, 4.9962e-02, 1.7962e-02, 1.5290e-02,
        3.1992e-01, 4.6124e-02, 2.0771e-01, 9.4352e-03, 1.4256e-02, 1.4797e-02,
        6.3363e-03, 6.4474e-03, 2.1956e-03, 1.8543e-01, 1.5468e-01, 3.1213e-03,
        1.6431e-02, 5.8274e-02, 3.3796e-04, 7.9415e-02, 1.4790e-01, 3.8520e-02,
        1.1116e-02, 2.4999e-01, 1.6444e-02, 5.5374e-03, 7.7486e-02, 2.2302e-01,
        3.1326e-02, 1.3552e-03, 3.1298e-02, 1.0877e-02, 3.4659e-03, 4.8980e-02,
        1.7205e-04, 3.5958e-02, 3.1325e-04, 2.6259e-01, 5.5404e-03, 5.0916e-03,
        4.5200e-02, 1.2649e-01, 2.0177e-01, 8.5993e-03, 3.1614e-03, 5.8863e-01,
        7.3362e-02, 2.0882e-02, 1.3233e-01, 1.1428e-01, 5.0753e-03, 8.6553e-03,
        1.2111e-02, 1.5538e-01, 4.1727e-02, 5.6851e-03, 2.6673e-02, 8.2517e-03,
        5.9675e-03, 3.8541e-03, 4.7795e-02, 7.4555e-03, 4.5048e-01, 8.9815e-03,
        4.5971e-02, 1.4952e-01, 3.4805e-03, 1.0488e-01, 1.7870e-01, 4.7227e-03,
        6.1799e-02, 2.5757e-01, 7.8016e-02, 3.0095e-02, 3.1517e-02, 4.5498e-02,
        8.3244e-03, 1.4057e-03, 2.1205e-02, 4.6019e-03, 3.7853e-01, 1.5408e-02,
        2.4224e-02, 1.0579e-02, 9.1877e-02, 2.6527e-03, 5.3822e-04, 4.3990e-03,
        1.3105e-02, 1.4544e-02, 5.5300e-02, 3.7611e-04, 7.1426e-03, 3.1050e-04,
        2.2793e-01, 5.0433e-02, 8.8401e-02, 6.2325e-03, 1.8444e-02, 2.0028e-01,
        1.7612e-01, 1.6404e-04, 2.6253e-02, 7.6072e-03, 3.2056e-03, 2.4476e-01,
        3.0336e-03, 2.1215e-02, 2.6893e-02, 6.2852e-02, 1.4550e-01, 2.6772e-02,
        5.3341e-02, 2.7603e-02, 2.1286e-02, 3.2506e-01, 2.1811e-01, 1.9292e-03,
        1.8506e-01, 9.3640e-03, 1.0401e-03, 3.1020e-02, 2.0840e-02, 4.1723e-04,
        9.9319e-01, 6.2086e-02, 1.0519e-01, 4.5513e-02, 2.9973e-02, 5.1569e-01,
        1.3217e-03, 2.4885e-02, 3.1615e-02, 8.0855e-02, 6.1151e-03, 2.4552e-03,
        1.8070e-01, 4.7992e-02, 3.5978e-03, 1.5108e-01, 1.6859e-01, 2.7247e-02,
        1.1009e-02, 3.4413e-03, 1.1257e-01, 3.4217e-02, 1.6290e-01, 5.1668e-01,
        7.3606e-03, 2.9322e-02, 2.2837e-01, 1.1831e+00, 1.1726e-01, 2.7545e-04,
        1.5150e-01, 3.3225e-02, 2.1985e-02, 1.3388e-02, 1.9863e-01, 4.3960e-03,
        1.5985e-04, 2.1706e-04, 5.5217e-03, 2.0965e-01, 3.9464e-02, 3.7799e-02,
        1.7715e-03, 9.2253e-02, 3.2848e-03, 3.2801e-02, 8.2061e-03, 5.7513e-03,
        6.3043e-02, 4.6937e-01, 2.5475e-03, 1.0386e-02, 1.6701e-01, 4.5971e-03,
        6.1850e-03, 2.9443e-02, 7.2356e-02, 3.0325e-03, 1.0308e-03, 9.6545e-03,
        2.7688e-01, 5.2110e-02, 5.9904e-01, 1.1139e-03, 1.6127e-02, 1.9218e-04,
        5.3817e-04, 5.2797e-03, 2.1455e-02, 3.2206e-01, 7.2977e-03, 3.1876e-01,
        2.6375e-01, 9.0643e-03, 1.0118e-02, 2.5424e-02, 1.3713e-01, 2.1652e-02,
        1.7378e-02, 5.2802e-02, 1.7888e-02, 2.8864e-02, 2.6044e-03, 4.0131e-01,
        9.7158e-03, 2.2191e-02, 1.4706e-02, 5.7724e-01, 1.2131e-02, 9.5335e-03,
        8.5125e-02, 5.1278e-02, 1.8410e-01, 1.1255e-01, 1.6767e-02, 4.3740e-01,
        7.6610e-02, 1.3893e-01, 7.7135e-04, 7.9065e-03, 6.9947e-02, 9.7237e-02,
        6.8789e-03, 3.1302e-03, 6.1836e-02, 6.2257e-03, 8.9780e-02, 1.0484e-01,
        6.7494e-02, 4.5722e-02, 1.1259e-02, 6.3767e-03, 3.1965e-01, 6.1680e-03,
        4.4768e-01, 4.9986e-03, 3.2206e-01, 1.8036e-02, 2.0023e-02, 5.2177e-03,
        4.9620e-03, 1.5044e-01, 6.3449e-03, 1.5066e-02, 5.0683e-02, 1.7710e-01,
        3.4432e-02, 2.6856e-02, 6.8614e-02, 4.4479e-02, 1.7534e-01, 1.4584e-02,
        5.5224e-03, 7.3261e-02, 6.7388e-03, 4.4943e-02, 6.6243e-03, 2.3978e-01,
        3.6356e-01, 8.7231e-02, 1.7868e-03, 1.1158e-01, 1.4537e-01, 3.1116e-01,
        2.4689e-02, 1.3194e-03, 8.0947e-03, 4.8873e-02, 4.3106e-03, 1.8041e-03,
        8.3837e-03, 4.0890e-01, 1.2827e-03, 1.3589e-01, 5.5539e-01, 3.0666e-02,
        3.9540e-01, 7.8145e-02, 4.1727e-03, 2.2168e-04, 9.4256e-03, 1.2694e-01,
        1.8095e-01, 1.1869e-01, 2.4147e-01, 5.4616e-03, 2.4506e-02, 3.6287e-01,
        8.2585e-03, 1.0204e-02, 1.3261e-01, 5.6155e-03, 2.5301e-01, 6.5408e-02,
        1.2743e-02, 5.4795e-03, 2.0724e-03, 3.6387e-03, 1.9409e-01, 1.0552e-01,
        2.7684e-02, 1.6370e-01, 8.1260e-02, 1.5881e-02, 6.3260e-02, 3.3669e-01,
        2.0752e-01, 2.4654e-02, 7.8027e-03, 1.3867e-01, 1.0210e-01, 3.1619e-01,
        9.1602e-03, 1.3844e-01, 2.6673e-02, 1.3522e-02, 2.6558e-02, 1.4210e-02,
        1.2251e-02, 2.2972e-01, 2.3684e-02, 2.3961e-01, 3.3387e-02, 2.6332e-01,
        1.5912e-02, 2.0587e-02, 1.9579e-02, 2.6667e-01, 1.7880e-03, 4.9308e-02,
        1.5976e-02, 1.1826e-01, 1.0012e-03, 5.8348e-03, 4.9262e-02, 1.1924e-02,
        1.1720e-01, 1.6669e-01, 2.9451e-02, 4.5962e-02, 1.0431e-01, 5.1201e-01,
        6.4756e-02, 1.0147e-01, 3.1757e-01, 1.2915e-01, 2.2612e-03, 2.2935e-01,
        5.0563e-01, 6.2015e-03, 1.8609e-03, 6.2581e-02, 3.7895e-03, 6.4097e-02,
        5.5189e-02, 1.3104e-04, 3.2237e-02, 8.3485e-03, 2.3095e-02, 3.8502e-04,
        9.7239e-03, 8.5909e-03, 1.5081e-04, 1.7489e-03, 3.1856e-02, 1.9837e-01,
        2.7703e-02, 5.6206e-02, 1.1282e-02, 9.6143e-02, 1.2006e-02, 1.0035e-01,
        1.0814e-02, 1.5886e-02, 5.0958e-02, 7.9386e-03, 5.6726e-01, 1.0949e-01,
        1.1359e-01, 5.2848e-02, 2.2920e-02, 1.1142e-01, 7.0904e-03, 1.9332e-02,
        4.7537e-01, 2.3264e-02, 1.4809e-01, 2.1190e-02, 2.5489e-01, 1.3382e-02,
        8.2420e-02, 3.2374e-02, 2.1593e-01, 1.8018e-02, 7.0973e-02, 4.9581e-02,
        9.8911e-02, 1.8239e-01, 7.6128e-03, 5.1554e-02, 3.5299e-02, 1.7653e-01,
        9.0999e-03, 1.2267e-01, 3.4826e-02, 5.1427e-03, 1.3415e-02, 3.5592e-01,
        2.9595e-02, 3.8638e-03, 1.8454e-02, 5.1507e-03, 7.1238e-03, 2.2957e-01,
        5.0060e-01, 2.4538e-02, 5.7752e-02, 2.0440e-03, 1.1658e-01, 1.7140e-01,
        3.2008e-02, 1.8334e-01, 5.7521e-03, 1.3678e-01, 9.1494e-02, 2.4059e-02,
        1.2707e-03, 1.3212e-03, 8.1905e-03, 3.9901e-04, 5.5398e-01, 4.6711e-01,
        2.4701e-02, 2.3604e-03, 1.3854e-01, 1.2421e-03, 9.7219e-02, 8.1386e-03,
        4.4082e-01, 6.1379e-02, 2.9861e-02, 1.0572e-02, 2.6078e-01, 3.7025e-02,
        1.3360e-02, 4.1703e-03, 6.6549e-04, 5.2406e-02, 2.7124e-02, 1.8180e-01]), 'model.features.5.1.block.1.1.num_batches_tracked': tensor(703214), 'model.features.5.1.block.2.fc1.weight': tensor([[[[ 0.0301]],

         [[-0.0685]],

         [[-0.0898]],

         ...,

         [[-0.0356]],

         [[-0.0216]],

         [[ 0.0691]]],


        [[[ 0.0008]],

         [[ 0.0010]],

         [[ 0.0438]],

         ...,

         [[-0.0452]],

         [[-0.0230]],

         [[ 0.0033]]],


        [[[-0.0638]],

         [[-0.0386]],

         [[-0.0364]],

         ...,

         [[-0.0269]],

         [[-0.0483]],

         [[-0.0729]]],


        ...,


        [[[-0.0673]],

         [[-0.0190]],

         [[ 0.0294]],

         ...,

         [[-0.0104]],

         [[ 0.0323]],

         [[-0.0437]]],


        [[[-0.0243]],

         [[-0.0365]],

         [[-0.0013]],

         ...,

         [[-0.0398]],

         [[ 0.0071]],

         [[-0.0340]]],


        [[[ 0.0087]],

         [[ 0.0713]],

         [[ 0.0125]],

         ...,

         [[-0.0371]],

         [[ 0.0184]],

         [[-0.0046]]]]), 'model.features.5.1.block.2.fc1.bias': tensor([0.7979, 0.6950, 1.0209, 1.1674, 1.5892, 1.0532, 1.0085, 0.9470, 0.2434,
        1.1879, 0.2470, 0.6062, 0.8281, 0.8034, 1.2218, 0.5247, 0.4908, 1.5007,
        0.8487, 1.1380, 0.6902, 1.2249, 1.2728, 0.2998, 0.9652, 1.1537, 0.6752,
        1.1897]), 'model.features.5.1.block.2.fc2.weight': tensor([[[[ 0.0342]],

         [[-0.0662]],

         [[-0.0081]],

         ...,

         [[-0.0367]],

         [[ 0.0661]],

         [[ 0.0267]]],


        [[[-0.0988]],

         [[-0.0378]],

         [[ 0.0159]],

         ...,

         [[ 0.0632]],

         [[ 0.2472]],

         [[ 0.0563]]],


        [[[-0.0064]],

         [[-0.1115]],

         [[-0.0153]],

         ...,

         [[-0.0231]],

         [[ 0.0424]],

         [[ 0.0162]]],


        ...,


        [[[-0.1102]],

         [[-0.0263]],

         [[ 0.2621]],

         ...,

         [[-0.2072]],

         [[ 0.1096]],

         [[-0.0443]]],


        [[[-0.0313]],

         [[-0.0114]],

         [[-0.0648]],

         ...,

         [[ 0.0109]],

         [[ 0.0137]],

         [[-0.0261]]],


        [[[-0.0125]],

         [[-0.0329]],

         [[-0.0086]],

         ...,

         [[ 0.0204]],

         [[ 0.0252]],

         [[-0.0663]]]]), 'model.features.5.1.block.2.fc2.bias': tensor([ 1.6389e-01, -8.9186e-01, -5.9838e-02,  3.3102e-01,  2.7216e-01,
         3.9531e-01, -1.3149e+00,  4.0825e-01, -7.6310e-02, -1.7787e+00,
        -8.4904e-01,  8.5624e-02,  7.6701e-01, -1.4345e+00,  8.2228e-01,
         1.0365e+00, -1.7433e-01,  4.9475e-01,  1.1529e-01,  3.8648e-01,
         4.6040e-01,  1.3569e-02, -2.9423e-01,  5.7922e-01, -5.4837e-01,
        -4.6636e-01, -1.7801e-01,  4.3953e-01,  1.2716e+00,  2.9035e-01,
         6.2681e-01,  7.5276e-01, -5.2003e-02, -1.3794e+00, -1.8890e-01,
         7.5969e-01, -5.8388e-02, -4.2696e-01,  7.0394e-01,  6.8844e-02,
         4.1827e-01, -2.2438e-01,  6.2765e-02, -5.6677e-01, -1.3261e-01,
         3.9404e-01, -1.6349e+00, -1.7394e+00,  5.0240e-01, -2.4970e+00,
         1.7132e-01,  1.2141e+00, -9.4908e-01,  3.1519e-01, -1.3416e+00,
         1.0269e-01,  3.6377e-01, -1.5598e-01, -1.1137e-01,  1.1185e+00,
         7.7489e-01,  1.9123e-01,  3.8623e-01, -4.8396e-01,  6.1398e-02,
        -1.5283e-02, -2.4697e-01, -1.9029e+00, -8.6986e-01, -2.7406e-01,
        -6.7469e-02,  6.0808e-02,  7.6829e-01, -1.4305e+00, -5.8295e-01,
        -1.3845e+00, -3.5543e-01, -5.7383e-02, -3.2495e-02, -1.2421e+00,
         1.2768e+00, -1.0736e+00,  1.6642e-01,  6.7059e-01,  8.9526e-01,
         2.3582e-01,  9.6988e-01,  8.4862e-01, -1.5009e+00, -6.1758e-01,
        -6.9483e-01,  6.3261e-01, -1.2220e+00,  8.3566e-01,  4.8993e-01,
        -2.5680e+00, -4.2021e-02,  4.0947e-01,  1.3092e-02,  5.7396e-01,
        -2.7275e-02, -1.4298e+00, -7.2557e-01,  5.6009e-01,  4.7141e-01,
        -6.0800e-01, -2.3958e-01,  3.4832e-01, -2.2731e-01, -4.8355e-01,
        -1.6869e+00,  1.8821e-01, -2.2416e-01,  3.9108e-01, -7.6580e-01,
        -3.8416e-01, -1.4499e-01, -1.0392e+00, -2.0357e+00, -6.7278e-01,
        -2.2537e-01,  5.0737e-01,  3.8286e-01,  9.8347e-02, -3.8220e-01,
         9.9355e-01,  4.9757e-02,  9.8763e-02, -5.4816e-01, -8.9775e-01,
         1.1011e+00, -4.6239e-01,  7.3280e-01,  6.0406e-01,  5.3004e-01,
        -2.7542e-01, -9.7367e-01,  2.5879e-01, -2.7319e-01, -2.9544e-01,
        -5.2976e-01, -3.1064e-01, -1.5596e+00,  5.7952e-01,  1.4434e+00,
         1.9986e-01, -9.0543e-01,  4.1061e-01, -1.4791e-01, -6.6117e-02,
         4.5155e-01,  4.6625e-02, -1.6480e-01, -2.5588e+00, -1.9884e+00,
         3.5782e-01, -8.0672e-01, -2.1075e+00, -1.2578e+00, -7.1428e-01,
        -8.6530e-01,  5.8614e-01, -3.8589e-02, -1.2944e+00,  9.8323e-02,
        -5.4489e-01,  6.1241e-01, -5.1757e-01,  6.8008e-01,  5.5527e-01,
         2.0991e-01,  1.1479e-01,  2.4661e-01, -6.8782e-01,  6.6396e-01,
         9.1637e-01, -1.0359e+00, -1.7919e+00, -1.7156e+00,  7.7892e-01,
        -1.0217e+00,  4.0596e-01, -4.9205e-01,  1.0338e+00,  8.9371e-01,
        -5.8599e-01, -1.3675e+00, -1.1088e+00,  9.0763e-01, -8.1504e-01,
         3.4836e-01,  5.0216e-02, -3.3045e-01, -2.0667e-01,  4.5421e-01,
         8.0748e-01,  1.1984e-01, -2.3242e-01,  2.1965e-05, -1.1034e+00,
         6.4662e-01,  9.8470e-01,  7.5819e-01,  7.6385e-01,  5.8875e-03,
        -1.5299e-01, -7.4075e-01, -3.4480e-02,  1.8959e-01,  9.4683e-01,
        -1.7168e+00, -3.1251e-01,  4.0996e-01,  1.1817e+00,  7.8577e-01,
         2.4360e-01,  1.7711e-01,  7.8036e-01, -2.5083e+00, -4.2822e-01,
        -1.3436e+00,  6.4089e-01,  3.4870e-01, -1.6027e+00,  4.1990e-01,
         8.5756e-01,  4.0659e-01, -5.5786e-01, -7.7142e-01, -9.9674e-01,
        -4.9065e-01, -1.0266e+00, -7.2018e-01, -1.6971e+00, -7.2370e-01,
        -3.1444e-01,  7.6604e-01, -2.9728e-01, -7.6840e-01, -3.7171e-01,
        -1.0772e+00, -1.0364e+00,  2.4376e-01,  6.2094e-01,  9.7303e-01,
         2.0413e-01,  4.5678e-01, -1.2997e+00,  7.2713e-02, -1.9117e+00,
         2.9111e-01,  3.8618e-01, -1.5354e-01, -4.3172e-01,  1.1635e-01,
        -5.4752e-01, -1.0212e+00, -3.8688e-01,  4.4396e-01, -1.9509e-01,
        -7.3797e-01, -1.0455e+00,  4.3038e-01,  9.5676e-01,  8.9785e-01,
         6.0561e-01,  2.3182e-01, -9.7197e-01, -3.4795e-01, -3.7538e-01,
         1.0947e+00, -9.5654e-01,  6.6077e-01, -9.3816e-01, -3.8055e-01,
        -1.0398e+00, -5.7706e-01, -5.2037e-02, -8.6703e-01,  4.0451e-02,
        -2.4661e-01,  1.3213e-02,  9.0108e-02, -1.0803e+00, -1.2178e+00,
         6.5179e-01, -1.1749e+00, -6.1754e-01, -8.1160e-01,  1.0077e-02,
         1.5788e-01, -9.4858e-01, -1.8305e+00,  7.0857e-01, -1.2522e+00,
         3.2958e-01,  3.6609e-01, -4.4530e-01, -1.0477e+00, -3.9270e-01,
        -1.0912e+00, -1.9657e+00,  1.4572e-01, -2.7882e-01,  1.8238e-01,
        -8.3276e-01, -1.5381e-01, -7.6974e-01,  1.3510e-01, -2.5093e-01,
         8.9518e-02, -1.1171e-01,  6.8982e-01,  9.0564e-01, -8.5470e-02,
        -5.2813e-03, -6.0722e-01, -2.5972e-01, -2.1933e+00, -1.2280e+00,
        -1.1923e+00, -1.7332e+00, -2.6108e-01,  2.7071e-01, -1.9735e-01,
         7.8679e-01,  6.4195e-01,  1.8695e-01, -2.0352e-01, -1.1720e+00,
        -1.2497e+00, -6.3341e-01, -6.8291e-01,  7.0938e-01,  3.9497e-01,
         3.6565e-01,  5.6009e-01, -1.1642e+00,  8.2379e-01,  1.3527e-01,
         4.4783e-01,  1.7288e-02,  1.8969e+00,  5.4226e-01, -7.7050e-01,
        -5.0971e-03, -1.4577e+00,  6.1867e-01,  1.0447e-02, -2.9357e-01,
         7.0719e-02,  8.6027e-01,  3.9970e-01,  3.7037e-01, -9.3677e-01,
         4.3184e-01,  1.1798e-01, -4.4957e-01,  6.5985e-01, -1.5020e-01,
        -7.2906e-01, -1.1722e+00, -6.4467e-01, -6.6769e-01, -7.6673e-02,
         1.7182e+00,  3.4614e-01, -1.4945e-01, -1.1422e+00,  1.0672e+00,
         2.9720e-01, -1.4741e+00,  6.9679e-01,  1.6741e-01,  4.4947e-01,
        -1.3736e+00, -1.2944e-01, -7.3212e-01,  2.4825e-01, -1.3977e+00,
        -1.0672e+00,  5.7050e-01,  4.0751e-01, -3.8304e-01, -1.1663e+00,
         1.9908e-01, -4.5299e-01, -1.1710e+00, -1.6231e+00,  4.7064e-02,
         3.6621e-01,  4.3232e-01,  2.1057e-01, -7.5935e-01,  5.0724e-01,
        -4.2636e-01, -6.2238e-01,  3.1727e-01,  1.6453e-01, -8.6114e-01,
        -1.7346e+00, -7.5237e-01,  1.5367e-02, -5.8424e-01,  5.7253e-01,
         3.0954e-01,  8.6518e-01, -1.6690e+00,  7.1518e-01, -7.8809e-01,
        -4.3802e-02, -5.4200e-02,  5.9863e-01, -3.7822e-01,  3.3138e-01,
        -5.6041e-01, -1.8519e+00, -9.0735e-02, -6.0565e-01,  6.0369e-01,
        -1.9025e+00, -1.7597e+00, -1.1453e+00, -8.2669e-02, -1.5708e+00,
        -1.6114e+00, -8.1006e-01,  2.1492e-01, -1.4497e+00, -1.3517e+00,
        -5.3159e-01,  7.2809e-02, -4.1349e-01,  6.5632e-01,  6.6776e-01,
         8.4499e-02,  4.8578e-01, -2.3236e-01, -3.5972e-01,  2.1266e-01,
         3.6778e-01, -1.7061e+00,  1.0992e+00, -1.1521e+00, -3.0695e-02,
        -5.3389e-01,  6.1964e-01,  7.4613e-01, -5.5936e-01,  8.2161e-01,
        -9.2821e-02,  6.7998e-01,  3.1511e-01, -6.7230e-01,  3.1697e-02,
         2.1264e-01,  8.1910e-01, -1.5264e+00, -6.3177e-02, -1.0509e+00,
         1.0924e-01, -2.2126e-01, -1.0489e-01, -1.4287e+00,  6.1368e-01,
        -1.0232e+00,  4.6981e-01, -7.4871e-01,  1.2298e-02, -2.7543e-01,
        -1.1080e-01,  3.7708e-01,  6.2432e-01, -1.7049e+00,  7.1709e-01,
         8.1037e-03, -1.0509e+00, -5.6836e-01,  8.5420e-01, -7.9854e-01,
         7.6412e-01,  5.2540e-02,  5.6753e-01,  1.1420e-01,  1.0672e-01,
         2.1122e-01, -3.5158e-01, -7.8297e-02, -1.7888e+00,  9.1226e-01,
        -1.4452e+00,  1.3143e+00, -2.1079e+00, -1.0353e+00, -2.6957e-01,
        -1.6532e+00,  9.4378e-01,  3.7946e-01,  1.4275e-01, -5.1751e-02,
         3.8114e-02,  5.2624e-01,  2.2784e-01,  5.0499e-02,  5.4283e-01,
        -3.3729e-01,  4.9236e-01, -7.1414e-01, -3.4509e-01,  4.4616e-01,
        -2.0168e-01, -4.2242e-01,  3.2049e-01, -1.1413e+00, -1.9965e+00,
        -1.3794e-01, -6.8247e-01, -7.0345e-01,  5.9136e-01, -5.8716e-01,
         2.9700e-01, -7.9191e-01, -8.0882e-02,  2.5316e-01,  5.6654e-01,
         8.6790e-01, -9.6174e-01,  2.2406e-01, -1.2791e+00, -5.8475e-01,
         7.7776e-01, -6.1168e-01,  5.5350e-01,  1.5072e-01, -6.2123e-01,
        -3.6067e-01, -1.1838e+00,  4.9824e-01, -3.9587e-01, -7.1523e-01,
        -7.0312e-01, -3.8992e-01, -9.7936e-01, -2.3410e-01,  5.8474e-01,
        -2.6333e-02,  5.0423e-01, -3.3479e-01,  5.4080e-03, -7.5607e-01,
        -5.8228e-02, -5.1658e-01,  4.0095e-01, -1.1914e+00,  5.2712e-01,
         6.2983e-01,  3.1060e-01, -1.8240e-01, -1.2188e+00,  6.2035e-01,
        -1.6296e+00, -9.6111e-01,  2.0896e-01,  2.6556e-01,  2.0337e-01,
         8.8754e-01, -1.5582e+00, -5.2446e-01, -8.1884e-01,  6.3436e-01,
        -8.4505e-01, -1.2886e+00,  1.0355e+00, -1.3902e+00,  4.5918e-01,
         4.4214e-01,  2.8463e-01, -1.2366e-02, -6.0984e-02, -2.2023e-01,
        -1.5810e+00, -2.8891e-01, -5.5684e-01,  6.1827e-01, -1.2132e+00,
        -6.3007e-01,  1.1741e+00,  3.8556e-01, -2.9027e-01, -2.5197e-01,
        -9.7993e-01,  3.2428e-01,  7.7617e-01, -7.6970e-01,  8.3239e-01,
        -4.3161e-01,  1.1225e+00, -1.9070e+00,  3.8293e-01, -6.3813e-01,
        -1.2387e-02, -6.5993e-01,  3.9001e-01,  4.3393e-01, -1.1770e+00,
         7.1270e-01, -1.2289e+00, -8.8953e-02, -1.6318e+00, -1.6516e+00,
         1.1931e+00, -9.6489e-01, -1.7205e+00,  1.7341e-01, -6.4664e-02,
        -1.5759e-01, -7.9184e-01,  1.1695e-01, -2.8189e-01,  9.1982e-01,
        -1.3890e+00,  3.4845e-01, -8.0061e-03,  6.4532e-01,  2.1871e-01,
        -8.2725e-01,  2.1916e-01, -1.1281e+00,  9.8857e-01, -1.1473e+00,
         7.1897e-01,  1.8008e-01,  2.8715e-01,  4.9087e-01, -1.3158e+00,
        -4.3439e-01,  3.0201e-01,  6.9658e-01,  4.2280e-01, -1.1607e+00,
         4.5953e-01,  9.2957e-01, -5.4717e-01, -9.5382e-01, -5.6276e-02,
        -9.2891e-01, -4.4917e-01,  4.3136e-01,  5.3561e-01,  2.1640e-03,
         6.7219e-01,  6.0319e-01, -4.9966e-01,  2.4959e-01, -1.0485e+00,
        -7.9790e-01,  2.7828e-01,  5.6356e-01,  3.7292e-01, -6.5979e-02,
        -5.7741e-02,  6.4727e-01, -2.1953e-01,  3.1476e-01, -1.0478e-01,
         5.2993e-01, -9.0572e-01, -3.5269e-01,  5.6951e-01, -4.7000e-01,
         1.0011e-01,  4.8740e-01]), 'model.features.5.1.block.3.0.weight': tensor([[[[ 5.2582e-02]],

         [[-1.2441e-02]],

         [[-8.3630e-02]],

         ...,

         [[ 2.6152e-02]],

         [[ 9.1477e-03]],

         [[-6.3191e-03]]],


        [[[-1.7231e-02]],

         [[ 4.7930e-02]],

         [[ 1.3439e-02]],

         ...,

         [[ 1.3780e-02]],

         [[-6.6458e-02]],

         [[-2.3472e-02]]],


        [[[-7.9136e-02]],

         [[-4.3519e-02]],

         [[-2.8401e-02]],

         ...,

         [[ 5.1450e-02]],

         [[-5.8368e-03]],

         [[-1.0613e-02]]],


        ...,


        [[[-3.8853e-02]],

         [[-1.5948e-01]],

         [[-9.7412e-02]],

         ...,

         [[-7.9138e-02]],

         [[ 4.8893e-02]],

         [[ 3.7736e-02]]],


        [[[-4.7312e-02]],

         [[ 1.2271e-02]],

         [[-5.1285e-02]],

         ...,

         [[ 7.4395e-02]],

         [[ 2.1224e-02]],

         [[ 3.7644e-02]]],


        [[[ 7.3112e-03]],

         [[-1.1162e-01]],

         [[ 4.7785e-02]],

         ...,

         [[-1.3732e-02]],

         [[ 5.7163e-02]],

         [[ 5.2877e-05]]]]), 'model.features.5.1.block.3.1.weight': tensor([1.5484, 1.9394, 1.0416, 0.8687, 1.8266, 1.8271, 1.0172, 1.8783, 1.0290,
        1.7055, 1.3368, 2.2896, 3.5105, 0.8644, 2.1866, 1.1308, 2.4504, 3.0247,
        0.9767, 2.9924, 0.7357, 2.0405, 2.3907, 1.2023, 2.6993, 0.7563, 1.9516,
        1.8640, 1.3461, 1.8185, 1.6912, 2.0652, 1.3213, 1.1906, 1.7099, 1.6998,
        1.6739, 1.2597, 1.9582, 0.8156, 1.9967, 2.1064, 1.8342, 1.3845, 1.2801,
        1.7416, 1.2519, 2.4418, 1.8418, 1.8771, 1.1176, 2.3362, 2.2082, 0.9039,
        0.9959, 1.2092, 1.7069, 0.9940, 2.2383, 1.8791, 3.0819, 2.3340, 1.8450,
        0.7637, 2.5769, 0.6739, 1.2302, 2.3494, 2.2725, 1.2750, 0.8967, 2.6142,
        0.9125, 3.3773, 1.3828, 1.2939, 4.4193, 2.5405, 1.1963, 0.7475, 1.8548,
        2.2024, 2.2127, 2.6553, 4.9756, 1.9562, 3.2646, 1.0660, 2.6233, 1.7223,
        1.6901, 1.9933, 1.6574, 2.6863, 2.5569, 1.4644, 2.0105, 2.9500, 2.5400,
        2.1306, 1.6628, 0.9698, 0.6858, 0.9704, 2.0656, 2.1637, 2.2731, 1.4665,
        1.0011, 2.8691, 0.9367, 0.8557]), 'model.features.5.1.block.3.1.bias': tensor([-0.4528,  0.1385, -0.1791,  0.0045, -0.6892, -0.7694, -0.2427,  0.0728,
        -0.6204,  0.2216,  0.7731,  0.3714,  0.2208, -0.5012,  0.1894,  0.9598,
        -0.0856,  0.7135,  0.1933,  1.1178, -0.6997, -0.1391, -0.5306,  0.1653,
        -0.1513,  0.4455,  0.6169,  0.1511, -0.1350,  0.5894, -0.2974, -0.0366,
         0.8075,  0.0298, -0.8903,  0.2952, -0.1010, -0.1339, -0.4642, -0.6046,
         0.2011,  0.7534, -0.1521,  0.3366,  0.2076,  0.2572,  0.1842, -0.2362,
         0.1012,  0.0080,  0.7838,  0.6492, -0.6808, -0.4172, -0.0852, -0.0954,
        -0.2057, -0.0256,  0.1053, -0.3563, -0.0671,  0.1106, -0.2480, -0.1171,
         1.5038, -0.4243, -0.0188,  0.4000,  0.3758,  0.2913, -0.4239, -0.4777,
        -0.2029, -0.4891, -0.0389, -0.1803, -1.7049,  0.9716, -0.3188, -0.3978,
         0.6500, -0.5497, -0.0387, -0.0827,  0.4331, -0.1695,  1.4105,  0.3942,
        -0.0866,  0.0819,  0.0883, -0.6366, -0.5842, -0.7889,  0.8124, -0.3238,
        -0.4385, -1.2999, -0.4905, -0.1611, -0.1615, -0.7954, -0.0657,  0.2222,
        -0.0589, -0.3059, -0.5213, -0.2064,  0.0215,  0.0330, -0.7052, -0.0487]), 'model.features.5.1.block.3.1.running_mean': tensor([-0.2121,  0.0582,  0.0858, -0.1906,  0.0824, -0.1195, -0.0073,  0.1393,
        -0.0834, -0.1378, -0.0715, -0.1057, -0.3536,  0.1440,  0.2539, -0.2113,
        -0.1251,  0.1399,  0.5012,  0.3823,  0.1383,  0.3080, -0.4662,  0.1775,
         0.3286,  0.1284,  0.0485, -0.1604,  0.1157, -0.2441, -0.1357,  0.1573,
        -0.0259,  0.1296,  0.0189, -0.0272, -0.0598, -0.2100,  0.0413,  0.0206,
         0.1658,  0.1205,  0.1276,  0.0450,  0.1655,  0.0310, -0.2427,  0.5660,
         0.2107, -0.1522, -0.0920,  0.4724, -0.4133,  0.0163, -0.0855, -0.1795,
        -0.2179,  0.0823,  0.2263, -0.3071,  0.0182,  0.3237,  0.2206, -0.0484,
         0.1769,  0.0448, -0.0568, -0.2096,  0.0349,  0.1138, -0.2705, -0.2529,
         0.4258, -0.0030, -0.0739,  0.0573, -0.3418,  0.1113, -0.3722, -0.1375,
         0.0100,  0.0023,  0.3293,  0.0315, -0.5278, -0.0325, -0.0032, -0.0638,
         0.3207,  0.2419,  0.5403,  0.0267, -0.1509, -0.3753,  0.4103, -0.1818,
        -0.1184, -0.0176,  0.2107, -0.0714,  0.3202, -0.0484, -0.2152,  0.1824,
        -0.3284, -0.4558,  0.0377, -0.1437, -0.1587, -0.3600, -0.1838, -0.3097]), 'model.features.5.1.block.3.1.running_var': tensor([0.2923, 0.2763, 0.2587, 0.1745, 0.2859, 0.4214, 0.2334, 0.2580, 0.2642,
        0.3204, 0.1872, 0.3959, 0.6287, 0.3743, 0.2769, 0.3954, 0.4139, 0.4870,
        0.1774, 0.5223, 0.2465, 0.2831, 0.2838, 0.3527, 0.4344, 0.2190, 0.2566,
        0.2514, 0.2418, 0.2895, 0.2425, 0.3105, 0.2218, 0.2658, 0.3001, 0.3532,
        0.3179, 0.2752, 0.2920, 0.2205, 0.3440, 0.3172, 0.2326, 0.2911, 0.3119,
        0.2566, 0.2202, 0.3508, 0.2892, 0.2944, 0.3614, 0.3643, 0.4193, 0.2592,
        0.2435, 0.2644, 0.2913, 0.2655, 0.3593, 0.2736, 0.4084, 0.3659, 0.3259,
        0.1843, 0.4811, 0.2893, 0.2575, 0.3669, 0.3155, 0.1683, 0.2213, 0.4727,
        0.2703, 0.5617, 0.2441, 0.2381, 0.8798, 0.3347, 0.3300, 0.2458, 0.2903,
        0.3127, 0.3762, 0.3867, 1.5220, 0.3004, 0.7714, 0.2806, 0.4670, 0.2843,
        0.2744, 0.3374, 0.2884, 0.3296, 0.4661, 0.3623, 0.2884, 0.4856, 0.4437,
        0.3224, 0.2971, 0.3173, 0.3044, 0.3353, 0.2606, 0.3721, 0.3117, 0.3653,
        0.2342, 0.5355, 0.2288, 0.2848]), 'model.features.5.1.block.3.1.num_batches_tracked': tensor(703214), 'model.features.5.2.block.0.0.weight': tensor([[[[ 7.2720e-02]],

         [[ 1.8438e-01]],

         [[-8.2277e-02]],

         ...,

         [[-9.0967e-02]],

         [[ 1.7018e-02]],

         [[ 3.5071e-02]]],


        [[[-1.8313e-03]],

         [[-2.6125e-02]],

         [[-4.8760e-02]],

         ...,

         [[ 1.5993e-01]],

         [[-2.6441e-02]],

         [[ 1.2760e-01]]],


        [[[ 5.4864e-02]],

         [[ 8.3246e-02]],

         [[-4.3370e-02]],

         ...,

         [[-5.8417e-02]],

         [[-3.7343e-03]],

         [[ 3.4960e-02]]],


        ...,


        [[[ 7.4242e-03]],

         [[-6.3667e-02]],

         [[ 3.5397e-02]],

         ...,

         [[-1.1473e-02]],

         [[-4.3643e-02]],

         [[-1.6940e-04]]],


        [[[-1.4617e-01]],

         [[ 1.7566e-02]],

         [[-5.3190e-02]],

         ...,

         [[ 5.8230e-02]],

         [[-1.3109e-01]],

         [[ 1.3520e-01]]],


        [[[ 7.3150e-03]],

         [[-2.9128e-02]],

         [[-7.3793e-02]],

         ...,

         [[ 3.7268e-02]],

         [[ 7.2984e-02]],

         [[-1.5994e-01]]]]), 'model.features.5.2.block.0.1.weight': tensor([ 1.1201,  0.8783,  1.2813,  1.3940,  0.1921,  0.9641,  1.9418,  1.4322,
         0.9175,  0.5821,  0.8639,  1.0305,  1.3556,  1.2896,  1.0830, -0.0614,
         1.3209,  1.1614,  0.9056,  0.1357,  1.6457,  0.9678,  1.3865,  1.0372,
         1.2584,  1.4909,  1.3529,  1.5663,  0.7791,  0.8160,  0.8630,  1.2361,
         1.0898,  0.4987,  0.1825,  1.6192,  1.0929,  0.4866,  0.9165,  1.8414,
         0.3785,  0.1300,  1.3348,  0.0985,  0.6759,  0.3711,  1.5395,  1.1357,
         1.6849,  0.9097,  1.2197,  1.6610,  2.1977,  1.4000,  0.4884,  0.3462,
         1.1509,  1.6159,  1.4142,  0.8751,  1.5653,  1.1743,  0.2043,  1.7816,
         0.2264,  0.1385,  2.0477,  0.2228,  1.3239,  1.0429,  1.9368,  1.0489,
         0.4078,  0.2832,  1.2220,  0.9363,  1.0411,  1.1090,  0.2799,  0.7359,
         1.1705,  1.1562,  1.3586,  1.7292,  1.5672,  0.5029,  1.1643,  1.0618,
         1.6033,  1.3819,  1.4558,  0.8679,  0.1744,  1.2262,  1.2496,  1.2397,
         0.6557, -0.0751,  0.2319,  2.1085,  0.8420,  0.6272,  0.8911,  1.8170,
         1.9849,  1.1321,  1.1103,  1.3403,  0.7805,  0.0908,  1.2742,  1.6937,
         1.3250,  1.8890,  1.2289,  2.7333,  1.0526,  1.3679,  1.9340,  1.3260,
         1.3709,  0.9678,  1.1523,  1.1545,  1.9312,  1.1691,  2.1412,  1.4147,
         1.3024,  0.5572,  1.1564,  0.7710,  0.8530,  1.4924,  1.2391,  0.9926,
         0.4874,  0.4540,  1.6285,  1.0595,  1.0226,  1.0943,  1.6133,  1.1553,
         1.5046,  1.9309,  0.9175,  1.0613,  0.9590,  0.3043,  1.1299,  0.3197,
         0.5567,  0.9133,  0.0672,  1.5334,  1.1566,  0.7140,  0.2886,  1.9608,
         0.9888,  0.6242,  1.4726,  1.6505,  0.4463,  0.6181,  0.4085,  1.1215,
         0.4645,  0.1328,  0.4482,  0.7920,  1.3058,  1.4341,  1.1140,  1.0413,
         2.2543,  0.4531,  1.3141, -0.1414,  1.4323,  0.4393,  0.4554,  1.1194,
         0.1880,  1.4089,  1.4359,  1.2865,  1.3205,  1.2588,  0.0716,  1.8974,
         0.3889,  1.2893,  0.9390,  0.0536,  0.5111,  0.0736,  1.6610,  0.2018,
         1.2690,  0.6959,  1.7290,  0.5206,  0.1968,  0.4381,  0.6468,  0.8445,
         1.4556,  1.4602,  0.7015,  0.3384,  1.6975,  1.1558,  1.5183,  0.8895,
         0.9166,  2.0529,  0.1040,  0.3457,  0.0550,  1.0061,  0.4847,  1.5784,
         1.5509,  1.0935,  1.1949,  1.5618,  1.2296,  1.1230,  1.1562,  2.3269,
         1.6602,  1.3608,  1.2293,  1.7733,  2.3206,  1.0970,  0.0501,  1.9078,
         0.7389,  1.6302,  2.3103,  1.1800,  1.0223,  0.0600,  2.0827,  1.3001,
         1.2220,  0.8802,  0.0681,  0.9969,  1.4386,  0.9930,  1.1604,  0.9231,
         1.3132,  1.2548,  0.3926,  0.9512,  1.5174,  0.1053,  0.4932,  1.4884,
         1.1175,  0.1432,  1.0882,  1.5371,  1.1242,  1.5656,  1.5954,  2.3550,
         1.4375,  1.0444,  1.7333,  1.0577,  0.9434,  0.1899,  0.5133,  0.2565,
         0.0932,  0.1197,  1.5687,  1.2037,  0.4747,  1.1142,  0.7839,  0.4832,
         1.5483,  0.3829,  0.4599,  0.8486,  0.6688,  1.1275,  1.4559,  0.6459,
         1.9341,  0.7619,  1.4650,  1.5447,  1.4942,  0.3432,  1.3378,  1.5927,
         0.7491,  0.4921,  1.1662,  1.7704,  2.0264,  1.1576,  1.3096,  1.4890,
         1.5506,  1.1443,  0.9748,  0.3178,  1.6945,  0.8740,  0.1845,  0.9400,
         0.5657,  0.7486,  1.6010,  0.5840,  0.6459,  1.1643,  0.8454,  1.2577,
         0.9014,  0.3506,  1.4364,  0.8928,  0.6675,  1.3117,  0.5249,  1.3890,
         0.4781,  0.2789,  1.3845,  0.8274,  0.8378,  0.3164,  1.1989,  1.9514,
         1.6196,  1.1198,  1.6542,  1.1394,  0.4115,  0.6891,  1.7516,  0.6554,
         2.2384,  0.3735,  0.7979,  0.9317,  1.8635,  0.5225,  1.5041,  0.1973,
         1.0488,  0.9087,  1.0012,  1.1883,  0.8014,  1.0225,  1.8139,  1.4693,
         1.7223,  0.2353,  1.0206,  0.6489,  1.0685,  1.3990,  2.0996,  0.7626,
         1.3302,  1.3286,  0.9236,  0.7762,  0.9541,  0.8413,  1.0884,  0.3562,
         0.6069,  1.7429,  0.1094,  0.1977,  0.8283,  1.7001,  0.6110,  1.7482,
         0.6743,  0.5839,  0.8372,  1.1209,  1.8351, -1.2344,  1.0174,  2.0276,
         1.6445,  0.1362,  1.1073,  0.3702,  1.4000,  0.2904,  1.1512,  1.5568,
         0.9833,  1.7076,  1.1124,  0.7942,  0.3697,  0.6874,  1.0975,  0.9328,
         0.5292,  0.6304,  0.1944,  1.7628,  1.2423,  0.7311,  1.2808,  1.7057,
         0.4154,  1.8117,  0.7022,  0.0714,  1.7306,  1.6648,  1.0096,  1.7449,
         1.2972,  0.5854,  0.2715,  1.1551,  1.0763,  2.0381,  1.6064,  1.3671,
         1.4213,  0.1929,  1.0038,  0.8204,  1.1017,  0.6173,  1.1473,  0.8824,
         1.2894,  1.8435,  1.4093,  1.2494,  0.8079,  1.0990,  0.1838,  1.0364,
         1.4615,  0.1142,  0.6525,  0.6127,  1.2522,  0.6524,  0.6906,  0.1303,
         2.1857,  1.2689,  1.0641,  1.9037,  0.6989,  1.3325,  0.7602,  1.2484,
         1.5613,  1.0467,  2.0543,  1.3995,  0.9214,  0.2353,  0.8102,  0.5070,
         0.9004,  0.3027,  1.1750,  1.3564,  1.4848,  0.6853,  1.4660,  1.0814,
         0.9052,  2.0057,  0.7376,  0.6962,  0.2062,  0.1554,  1.0318,  0.6908,
         1.7177,  0.2745,  0.2909,  1.0643,  1.3117,  1.4259,  0.3890,  0.4479,
         2.2829,  1.4390,  0.3695,  1.1780,  1.3767,  0.7985,  0.8251,  0.9877,
         2.0353,  1.7366,  0.9322,  0.6517,  1.1097,  0.3603,  0.7259,  0.9735,
         0.5569,  1.9591,  1.4903,  0.7631,  1.1252,  0.9716,  0.1673,  0.2429,
         0.8118,  0.9211,  1.0994,  1.6075,  1.3814,  0.9985,  0.5557,  0.6591,
         1.2874,  0.5075,  0.9956,  0.1658,  1.0993,  0.9745,  1.6368,  2.4898,
         0.3264,  1.1623,  0.7660,  1.7582,  1.3731,  0.8160,  1.5387,  2.0419,
         1.2521,  1.5985,  0.7002,  1.1480,  2.0446,  0.3300,  1.5974,  1.2463,
         1.4565,  0.8072,  2.1978,  0.5641,  1.0595,  1.6848,  0.8452,  0.0974,
         0.2882,  1.1836,  1.6503,  0.9170,  0.2948,  1.0252,  0.6246,  0.3828,
         1.2421,  1.5240,  0.1480,  1.7163,  1.0991,  1.6348,  1.0068,  1.0650,
         1.7835,  1.1644,  1.2637,  0.7923,  1.7184,  1.2214,  0.2696,  1.0115,
         0.6931,  1.8541,  1.4152,  0.1073,  0.6012,  0.1720,  0.6808,  0.2862,
         0.5036,  1.6628,  1.1545,  0.6080,  0.4486,  1.4777,  0.5229,  1.9396,
         1.4360,  0.6998,  1.6731,  0.8137,  1.5461,  1.0525,  0.9149,  1.4163,
         1.0909,  1.1780,  0.8453,  1.2419,  1.0873,  1.2335,  0.3008,  1.7414,
         0.3143,  0.9698,  1.5029,  0.4671,  1.6161,  1.0038,  0.2644,  1.7016,
         1.2379,  0.2677,  0.4744,  1.1483,  1.3196,  1.1869,  1.8131,  0.8475,
         1.4589,  1.2833,  0.3680,  0.1264,  1.4629,  0.6386,  0.8335,  1.4710,
         0.8886,  0.8984,  0.4346,  2.2158,  1.3269,  0.8484, -0.3055,  1.2274,
         0.6399,  0.9938,  1.2019,  0.3251,  1.3207,  1.6051,  2.0087,  0.7170,
         0.0606,  1.6075,  0.6749,  1.7886,  1.1260,  1.0559,  1.3241,  0.9763]), 'model.features.5.2.block.0.1.bias': tensor([-7.7787e-01, -1.1899e+00, -1.0343e+00, -1.6350e+00, -4.5586e-02,
        -4.1333e-01, -2.3147e-01, -2.1321e+00,  1.5833e+00, -5.6220e-01,
         8.1996e-02,  4.5305e-02, -1.5116e+00, -3.6065e-01, -9.0508e-01,
         2.5750e-02, -2.6744e+00, -9.8642e-01, -5.1068e-01, -8.4622e-02,
        -1.8050e+00,  6.1151e-01, -2.1167e+00,  1.0744e+00,  8.2264e-01,
        -8.3209e-02, -8.8088e-01,  3.2776e-01, -1.1509e-01, -5.9660e-01,
        -9.8773e-01, -9.8324e-01, -1.5718e+00, -3.6510e-01,  6.2503e-02,
        -1.1503e+00,  1.7159e+00,  1.5019e-01,  3.8317e-01, -1.4518e-01,
         1.7676e-01,  2.5533e-02, -7.1803e-02, -5.6035e-03, -1.2360e+00,
        -6.3080e-02,  2.2910e-03, -2.1495e+00,  2.0869e-01, -1.8315e-01,
        -8.6773e-01,  9.6399e-01, -6.0101e-01, -1.2549e+00,  1.3459e+00,
         1.2432e+00, -1.5165e+00,  7.4422e-01, -1.1841e-01, -9.3095e-01,
        -1.1984e+00, -7.2493e-01, -5.2166e-02, -5.2061e-01, -2.0660e-01,
        -5.3965e-02, -1.3854e+00,  9.3275e-02, -1.1139e+00, -2.2243e-01,
        -6.4660e-01, -9.2786e-01, -1.1481e-01, -2.2007e-01,  1.8985e+00,
        -1.0252e+00,  8.1670e-02, -8.6420e-01,  7.7475e-02,  2.6680e-01,
        -1.7857e+00, -2.1382e+00, -1.1917e+00, -4.5486e-01, -6.8753e-01,
        -3.0455e-01, -8.4426e-01, -1.1908e+00,  4.2530e-01, -2.2953e+00,
        -8.4356e-01, -7.3791e-01,  7.2543e-02, -1.0043e+00, -9.0109e-01,
        -4.0265e-01, -7.9957e-01, -2.2164e-02, -5.4482e-02, -1.0231e+00,
         2.8685e-01,  1.0044e+00, -1.8572e+00,  9.3697e-01,  5.7180e-02,
        -2.8247e-01, -9.7900e-01, -1.9044e+00, -5.1602e-01, -8.1017e-02,
         5.7547e-01, -6.1844e-01, -6.6503e-01, -2.2296e-02,  4.4761e-01,
         3.6249e-01, -1.4979e+00,  9.2237e-01,  3.1382e-01,  2.0553e-01,
        -1.8330e+00, -2.1150e+00, -3.2042e-01, -1.2603e+00, -1.1466e+00,
        -1.7340e+00,  1.5454e-01,  1.2210e+00, -1.4150e-01,  1.2453e+00,
        -1.0719e+00, -4.9164e-01, -6.3915e-01, -3.5363e-01,  2.3414e-01,
        -1.2226e+00, -6.7875e-02, -1.3895e-01, -2.5029e+00, -7.7244e-01,
        -3.2103e-01,  1.3164e+00,  1.2087e+00,  2.0592e+00, -9.7041e-01,
        -5.1358e-01, -6.2933e-01, -1.4087e+00, -1.0637e+00,  6.0796e-02,
        -1.3157e+00,  1.8047e-01, -9.2567e-01, -1.3442e+00,  9.2448e-02,
        -1.6846e+00, -5.2439e-01,  1.8430e-01,  5.2091e-01,  1.3361e+00,
        -5.4405e-01, -5.9877e-01, -1.3814e+00,  2.7740e-01,  3.8380e-01,
         1.4691e+00, -1.0295e-01, -1.8438e-01,  3.0704e-01,  1.2926e-01,
        -3.6229e-01,  6.6078e-02, -9.4102e-02, -9.3201e-01, -1.4950e+00,
        -6.6508e-01, -1.3792e+00, -2.4164e-01, -1.0913e+00, -8.6811e-03,
        -3.1000e+00, -1.8110e-01,  4.7833e-01, -1.6282e+00,  1.0959e-01,
        -9.1631e-01, -1.0931e+00, -1.8302e+00, -1.6229e+00, -1.6052e+00,
         2.8430e-03, -1.5570e+00, -1.8350e-01, -5.0617e-01,  4.0087e-01,
         1.6081e-02, -3.4736e-01,  5.9358e-02, -2.3701e+00, -3.1718e-02,
        -7.2536e-01, -8.7500e-01, -5.6411e-01, -3.1057e-01,  1.9063e-01,
        -2.7965e-01, -5.5126e-01, -6.6275e-01,  1.0554e-01,  8.0953e-01,
        -4.5393e-01,  3.0465e-01, -5.0174e-01, -9.0490e-01, -1.0790e+00,
        -7.7829e-01, -8.0777e-01, -1.1268e+00,  7.1645e-02, -1.1393e-02,
         3.3935e-02, -1.4648e+00, -4.0949e-01,  5.6579e-01, -8.5405e-01,
        -1.4624e+00, -1.1627e+00, -7.5641e-01, -5.1426e-01, -1.0277e+00,
        -2.2758e+00, -2.0683e+00, -1.4073e+00, -2.0213e-01,  5.6008e-01,
        -2.7180e+00, -5.6663e-01, -1.1897e+00,  2.9752e-02, -1.0525e+00,
        -8.7494e-01, -1.4109e+00,  1.1895e+00, -2.5455e-01,  1.0352e+00,
        -2.6571e-02, -6.3896e-01, -1.8314e+00,  9.2006e-02,  9.1981e-01,
         2.5780e-02, -8.1936e-01, -1.7952e-01, -9.2244e-01, -1.1304e+00,
         6.1021e-01, -9.8439e-01, -1.0319e-01,  3.8299e-02,  3.0704e-01,
        -2.0182e+00,  5.9822e-03, -5.2791e-01, -7.3942e-01, -1.4657e+00,
         7.4222e-02, -1.6634e-01, -2.1169e+00, -3.5094e-01, -3.5293e-02,
        -2.4441e+00, -2.1327e+00,  2.8964e-01, -9.3546e-01,  4.8012e-02,
        -1.0342e+00, -1.7243e-01, -1.9176e-01, -1.0383e-02, -1.9709e-01,
         1.4894e-01, -8.2957e-03, -2.1794e-02, -1.2897e+00, -4.9209e-01,
         1.2540e+00,  1.2081e+00, -4.6041e-01, -7.6981e-01,  6.7252e-01,
         5.7031e-01, -1.0579e+00, -6.1404e-01, -1.3458e+00,  9.4259e-01,
        -9.8807e-01, -6.4545e-01,  6.9667e-01, -1.3444e+00, -8.7348e-01,
        -1.1990e+00, -4.2948e-01,  1.1845e+00, -6.5949e-01,  6.6958e-01,
        -7.2065e-01, -2.0500e+00, -5.7161e-01,  2.1810e-01, -1.2739e+00,
        -6.3306e-02, -2.0061e+00, -9.3121e-01, -6.7062e-01, -2.0409e+00,
         4.4755e-01,  4.5434e-01, -1.1507e+00,  5.5070e-02, -1.2748e+00,
         1.5739e-02, -1.3294e+00, -1.4757e+00, -1.3955e+00, -7.9305e-02,
        -1.3275e+00, -4.4150e-01,  3.9033e-02, -1.5343e+00, -3.1962e-02,
        -2.3796e+00, -5.4206e-01, -8.1214e-01, -2.6428e+00,  1.3197e+00,
        -4.0662e-01, -3.4000e-01,  5.1567e-03,  8.3286e-01, -1.2461e+00,
         2.0587e+00,  4.5444e-01,  9.8640e-02, -1.2644e+00, -6.0484e-01,
        -4.0559e-01,  4.4682e-02, -1.1911e+00,  1.3342e+00, -8.9838e-01,
         6.1885e-01, -3.7841e-01, -1.8637e+00,  1.6079e-01, -1.2187e-01,
        -7.5266e-01,  9.3400e-01,  5.7622e-02, -1.6606e+00, -4.7330e-02,
        -6.6874e-01, -1.4166e+00,  3.1222e-01, -8.0221e-01,  6.3941e-01,
        -2.0868e+00,  1.2746e+00, -6.4881e-01, -7.2405e-01, -7.0330e-02,
        -1.1660e+00,  2.6927e-01, -1.0740e+00, -1.6032e+00, -5.9210e-01,
        -1.3649e+00, -2.1374e+00, -8.6698e-01, -1.4058e+00, -9.5783e-01,
        -9.9962e-01, -8.0564e-01, -7.6523e-01, -9.3601e-02, -1.2063e+00,
        -8.0863e-01,  1.7281e-02, -1.6759e-01, -8.4084e-01, -2.6768e-01,
        -1.0893e+00, -6.7476e-01, -8.8722e-01,  1.8751e-01,  5.3790e-01,
        -7.8388e-01, -2.1523e-01,  2.8927e-01, -4.7735e-01, -3.4013e-01,
        -2.4847e-01,  1.2436e-01,  3.5896e-01,  2.1546e-01, -1.0812e+00,
         6.7032e-02, -1.6318e+00, -3.5981e+00, -1.2845e+00, -8.5077e-01,
        -1.4590e+00, -2.3961e-01, -2.3737e-01, -4.4735e-01, -1.2344e-01,
         1.6456e-01, -9.7911e-01, -3.8348e-01, -4.1959e-02, -4.7906e-01,
        -2.1859e+00, -7.5917e-01, -4.8077e-01,  1.1304e+00, -1.7320e-01,
        -2.1743e+00,  1.7015e+00,  4.7239e-02, -1.1938e+00, -1.4124e-01,
        -2.4076e+00, -7.2970e-01, -2.5734e+00, -5.4423e-01, -1.7546e-01,
        -4.7866e-01,  5.9139e-01, -2.4571e-01, -6.0345e-01,  1.0151e-01,
        -1.1122e+00,  8.3428e-02, -1.0619e+00,  7.3788e-01, -1.2520e+00,
         8.7347e-02, -7.8830e-01,  1.1503e-01, -1.2367e+00, -9.5892e-01,
        -1.6261e+00, -1.9139e+00,  5.8531e-01, -1.2776e+00, -1.9866e-02,
         3.4672e-01, -5.9734e-01, -4.5774e-02,  3.6889e-01, -5.7913e-01,
        -8.0874e-01, -4.2210e-01, -8.2175e-01,  1.5246e-01, -1.1034e+00,
        -1.5680e+00,  1.3938e+00,  2.1917e-01,  9.6335e-01, -3.0176e-01,
        -1.0742e+00,  5.3695e-01,  2.5241e-01, -1.4496e+00, -1.5625e+00,
        -2.3835e+00, -9.3160e-01, -2.1786e-01, -5.4822e-01,  1.6828e+00,
        -1.6267e+00,  2.4141e-01, -4.9607e-01, -1.0712e+00,  4.2346e-01,
        -1.1442e+00, -4.7013e-01, -7.3241e-01, -7.2926e-01,  4.3670e-01,
        -3.9062e-01,  3.8932e-01,  1.3699e-01,  8.9998e-02, -1.6454e+00,
        -2.8687e-01,  5.8411e-01,  4.1215e-01, -3.5008e-01, -1.1905e+00,
        -9.8344e-01,  1.4300e-01, -2.4635e-01, -3.4288e-01,  7.6503e-01,
        -6.7876e-01, -1.9265e-02, -1.2033e+00,  3.3106e-02, -1.9901e-01,
         5.5153e-01, -1.0907e+00, -9.7385e-01,  6.6876e-01, -1.4448e+00,
         2.9991e-01, -1.7752e+00,  8.7390e-03,  9.8858e-01, -1.3637e+00,
        -6.3112e-02, -6.2317e-01,  3.6173e-01, -2.9288e-01, -2.8743e+00,
        -4.3629e-01, -5.4447e-02,  7.8291e-02,  8.6284e-01, -4.5213e-01,
        -1.0845e+00, -1.1223e+00, -2.4328e+00,  3.2246e-01, -8.7620e-02,
        -6.3735e-01,  1.3563e-01, -4.9331e-01, -1.1828e+00,  3.2925e-02,
        -8.0246e-01, -2.0849e+00, -1.1313e+00, -1.1512e+00, -8.4210e-02,
        -5.4760e-01, -1.8629e+00, -6.0438e-01,  1.1302e+00, -7.3922e-01,
        -1.5112e+00, -3.8505e-01, -1.2017e+00, -1.5948e+00,  1.7853e+00,
        -6.0966e-01, -2.1667e-01, -8.0500e-01, -1.7661e+00, -1.0172e+00,
         6.2079e-01, -7.7767e-01, -8.8288e-01,  1.8509e+00,  2.5491e-01,
        -4.0152e-01, -4.3647e-01,  3.0426e-02,  1.4781e-01, -2.3649e-01,
        -1.6379e+00,  1.0167e+00, -2.2175e-01, -1.2129e+00,  5.3461e-01,
         2.7576e-02, -2.0306e+00, -1.8967e-01, -1.8083e-01, -1.3749e+00,
        -8.9784e-01, -2.9704e+00,  1.2660e+00, -7.9837e-01, -1.3814e+00,
        -1.3100e-01,  1.5839e-01, -5.7040e-01, -1.3941e+00, -2.2071e+00,
         5.8939e-02, -1.9934e-01,  7.3863e-01, -1.8478e+00, -1.9676e+00,
        -5.1496e-04, -7.0638e-01,  2.3620e-01,  2.9537e-01,  3.9191e-01,
        -3.4685e-01,  3.4425e-02, -1.8082e+00, -6.6144e-02,  7.7113e-01,
        -1.1285e+00,  1.3103e+00, -1.0869e-01,  4.4614e-01, -3.5587e-01,
        -4.1421e-01, -1.7656e+00, -7.8692e-02, -1.2033e+00, -1.2366e+00,
        -4.6725e-01, -1.1252e-01, -1.6247e+00, -7.5897e-01,  2.2401e-02,
        -7.1674e-01,  3.7861e-01,  2.3772e-01, -3.8616e-01,  7.8956e-01,
        -6.7930e-01, -9.3163e-01, -4.0607e-01, -1.8925e+00,  5.3032e-01,
        -8.6971e-02, -8.0872e-01, -2.2099e+00, -5.6235e-03,  1.1102e+00,
         1.4997e+00, -1.1198e+00, -1.7501e+00, -1.5167e+00,  2.5099e-01,
        -1.5020e+00, -8.0604e-01,  5.7215e-01, -1.2067e-01, -3.9253e-01,
        -6.5892e-01, -3.2555e-01,  4.3558e-01, -3.6891e-01,  6.6172e-01,
        -4.7119e-02, -1.2370e+00, -2.6189e+00, -1.7417e+00, -2.4196e-01,
        -2.1226e-02, -6.9346e-01, -1.2478e+00,  1.7287e+00,  2.3444e-01,
        -1.7950e-01, -7.1679e-01, -1.0785e+00, -2.0787e-01,  2.8667e-02,
        -2.2502e+00,  1.1504e+00, -1.7775e+00, -1.9769e+00, -4.6248e-01,
        -1.1841e+00, -1.6366e+00]), 'model.features.5.2.block.0.1.running_mean': tensor([-1.2563e+00, -6.5536e-01, -3.5651e-01, -5.4113e-01,  7.0967e-02,
        -1.7458e-01,  1.5639e-01, -6.1397e-01, -1.2484e-01, -2.3898e-01,
         7.3426e-01,  1.8854e-01, -6.9196e-01, -6.5800e-01, -3.7170e-01,
        -5.6946e-01, -1.2042e+00, -8.0937e-01,  3.9818e-01,  2.8054e-01,
        -5.0538e-01, -3.9304e-01, -7.7931e-01, -1.2316e-01, -3.6336e-01,
        -8.2278e-01, -4.1356e-01, -1.1093e+00,  3.8932e-02, -3.7163e-01,
        -6.7985e-01, -7.7383e-01, -1.1490e-01, -5.6506e-01,  2.7691e-01,
         1.5331e-01, -7.4686e-02, -8.0229e-01, -4.4563e-01, -3.5187e-01,
        -6.0001e-01, -1.5593e-01, -1.4266e-01, -5.6350e-02, -7.4192e-01,
         3.2546e-01, -3.5832e-01, -1.0924e+00, -1.0902e-01, -7.7403e-01,
        -3.6558e-01, -1.4188e-01, -4.4190e-02, -2.8793e-01, -6.6424e-02,
        -1.2903e-01, -6.8279e-01, -3.8250e-01, -2.5004e-01, -5.8296e-01,
        -9.5076e-02, -6.8575e-01, -3.9823e-01, -9.6964e-01,  8.7931e-02,
        -2.7270e-02,  3.0236e-01,  1.3376e-01, -5.9524e-01, -5.7980e-01,
         2.9981e-02, -1.9295e-03, -7.1731e-01, -5.1178e-01, -1.5895e-01,
        -7.1192e-01, -3.6502e-01, -2.6227e-01, -6.1697e-01, -1.3802e-01,
        -8.8177e-01, -1.5145e+00, -7.6998e-01, -2.8372e-01, -1.0189e+00,
        -2.1013e-01, -4.0744e-01, -1.1957e+00,  7.3316e-01, -3.7956e-01,
        -1.0554e-01, -5.1068e-01, -5.9459e-02, -1.3530e-01, -2.7671e-01,
        -3.1421e-01, -9.5706e-01, -5.6906e-01, -5.5622e-01, -8.2902e-01,
        -9.9351e-01, -5.9668e-01, -7.6719e-01, -3.5972e-01, -1.1092e-01,
        -4.6401e-02, -9.1593e-01, -6.8728e-01, -7.6311e-01, -2.3765e-01,
         6.0586e-01, -7.9066e-01, -9.3244e-01, -8.2691e-03,  7.4294e-01,
        -2.2239e-01, -5.7005e-01, -8.8161e-02, -6.8307e-01, -9.9973e-01,
        -9.1427e-01, -4.9201e-01, -8.0523e-01, -1.4876e-01, -2.9856e-01,
        -1.0272e+00, -1.9637e-01,  3.6422e-01,  2.4856e-02,  8.3313e-02,
        -1.1924e+00, -9.9733e-01, -9.9937e-01,  7.2464e-02, -4.5842e-01,
        -3.7568e-01, -5.7847e-01, -7.8686e-01, -7.3283e-01, -6.4477e-01,
        -1.3424e-01, -7.6451e-02, -2.0866e-01, -5.8505e-01, -6.3471e-01,
        -1.7061e-01, -4.1637e-01, -6.5781e-01, -5.6802e-01,  1.2750e-01,
        -1.3175e+00,  2.3503e-01, -6.1190e-01, -2.8324e-01,  2.5134e-01,
        -4.3043e-01, -1.9199e-01, -1.6603e-01, -6.2819e-01, -3.9393e-01,
        -4.1838e-01, -1.1469e+00, -5.2018e-01,  1.0349e-01, -5.1709e-02,
         1.8770e-01, -4.4599e-01, -7.4958e-01,  2.7828e-01,  5.9673e-01,
        -6.0090e-01,  2.4940e-01, -3.2309e-01, -7.2790e-01, -9.0644e-01,
        -7.5505e-01, -8.7770e-01, -5.5133e-01, -1.0047e+00,  1.9926e-01,
        -7.9270e-01, -4.2324e-01, -1.2045e-01, -1.1744e+00,  5.3252e-02,
         2.4797e-02, -4.2551e-01, -5.8847e-01,  1.7969e-01, -8.2732e-01,
        -5.4474e-01, -4.5937e-01, -7.0506e-01, -1.0743e+00, -1.1830e+00,
        -2.8589e-01, -7.8872e-01,  1.7642e-01, -7.8830e-01, -2.4072e-01,
        -6.3912e-01, -2.5532e-01, -1.7695e-01, -3.1658e-01,  2.2022e-01,
        -2.6065e-01, -5.3451e-01, -5.5265e-01, -2.8397e-01,  3.6315e-03,
        -1.1844e+00,  2.2044e-01, -4.1250e-01, -2.7109e-02, -6.0654e-01,
        -7.3885e-01, -1.0637e+00,  4.4603e-02,  6.3932e-01, -4.9586e-01,
         1.7997e-01, -1.7343e-01, -4.1638e-01, -2.9651e-01, -1.3823e+00,
        -1.6633e-01, -2.7956e-01, -5.2438e-01, -4.9196e-01, -9.2794e-01,
         9.3873e-03, -1.3499e-01, -6.3742e-01, -1.2023e+00,  1.1598e-01,
        -7.1925e-02,  1.4228e-01, -8.7339e-01,  1.5849e-01, -7.8834e-01,
        -6.6094e-01, -1.5510e-01, -9.8597e-01, -4.8901e-01,  1.8574e-02,
         9.8772e-02, -9.1358e-02, -8.8338e-01, -4.4503e-02, -8.8743e-01,
         3.3923e-01, -7.5158e-01, -1.2351e-01, -1.0808e+00, -7.8185e-01,
         6.1147e-02, -4.4017e-01,  7.0477e-02, -4.8976e-01, -5.3708e-01,
        -7.4154e-01,  3.5869e-01,  9.6140e-02, -5.6898e-01, -3.9040e-01,
         3.9303e-01, -1.3413e-01, -1.0189e+00,  1.5063e-01,  4.6240e-02,
        -5.2044e-01,  9.7757e-02, -2.7031e-01, -5.7182e-01, -2.5483e-01,
        -8.0256e-01, -7.7036e-01, -4.1054e-01, -3.9078e-01, -1.2432e+00,
        -2.1754e-01,  2.3180e-01, -6.3562e-01, -4.6977e-01, -4.9739e-01,
        -2.2321e-01,  2.3157e-01, -9.3768e-01,  2.0291e-01,  6.8979e-01,
         1.1745e-01, -1.2592e+00, -7.3335e-01, -5.5104e-01, -6.2594e-02,
        -2.0727e-01, -1.0027e+00, -1.3281e-01, -5.5128e-01, -1.6796e-01,
        -6.7844e-01, -5.4864e-01, -1.1894e-01, -5.6396e-01,  7.5861e-04,
        -1.4238e+00, -1.2055e+00, -1.2518e+00, -4.1784e-01, -6.1330e-01,
         2.9311e-02, -5.1401e-01, -4.4279e-01, -3.2224e-01, -5.2855e-01,
         6.7359e-01,  6.6100e-01, -1.7564e-01,  5.2221e-01, -8.0925e-01,
        -1.3199e-02, -9.3623e-01, -7.2575e-01, -5.7725e-01, -8.2964e-01,
        -7.5167e-01, -1.2015e-01, -3.1347e-01, -6.4842e-01, -3.9322e-01,
        -6.5737e-01, -9.2547e-01, -1.2885e+00, -6.3936e-01, -7.0528e-01,
        -3.7040e-01, -6.0244e-01, -4.7661e-01, -6.7617e-01, -8.5310e-01,
         1.2598e-01,  9.6117e-02, -5.5479e-01, -1.3383e-01, -3.3853e-02,
        -4.7364e-01,  2.2107e-01, -4.9647e-01,  5.4017e-01, -1.4830e-01,
         1.4158e-01, -7.2661e-01, -8.2196e-01, -6.1719e-01, -6.6968e-01,
        -9.1933e-01, -3.0254e-01,  8.8446e-03, -3.6349e-01,  5.5101e-02,
        -5.4243e-01, -1.2270e+00,  2.4193e-02, -6.6902e-01, -3.1416e-01,
        -1.0114e+00,  2.9254e-01, -7.9946e-01, -1.7058e-01, -1.0093e+00,
        -5.6461e-01,  4.2542e-02, -7.2429e-01, -8.6488e-01,  7.6045e-01,
        -7.4174e-01, -6.8201e-01,  1.7264e-01, -6.3777e-01, -6.9943e-01,
        -4.4342e-01, -3.0516e-02, -7.4870e-01, -2.5523e-01, -8.6948e-01,
        -5.0463e-01,  3.9075e-03, -9.8422e-02,  1.5067e-02, -9.9934e-03,
        -1.2500e+00, -5.2913e-01, -1.2974e+00,  2.4399e-01, -1.0476e-01,
        -8.8140e-01, -1.1935e-01,  2.1204e-01, -1.8470e+00, -1.7259e-01,
         6.8447e-02,  2.0202e-01, -3.8077e-02, -5.5076e-01, -1.9213e-01,
        -3.1530e-01, -1.2390e+00, -1.0062e+00, -6.0461e-01, -1.1836e+00,
        -7.8324e-01, -7.4874e-01, -6.5792e-01, -6.5333e-01,  1.1441e-02,
        -3.7449e-01, -1.4199e+00, -9.5807e-01, -9.0249e-01, -1.1155e-01,
        -8.8485e-01, -8.1324e-02, -7.7486e-01,  2.6132e-01, -9.1142e-02,
        -8.0722e-01,  2.6730e-01,  6.2953e-02, -4.9016e-01, -2.1047e-01,
        -7.2201e-01, -4.7712e-02, -6.2881e-01,  4.6094e-01, -3.2245e-01,
        -9.6114e-02, -2.0661e-01,  1.7279e-02, -2.7805e-02,  1.5127e-01,
        -1.0257e-01,  1.1485e-01, -1.0757e+00,  5.2276e-01, -1.0342e+00,
        -4.4789e-02, -7.4630e-01, -3.7295e-01, -4.3552e-01, -6.3813e-01,
        -1.0034e+00, -1.4919e+00,  1.4012e-01, -5.2068e-01,  1.6829e-02,
         7.3851e-02, -5.4344e-01,  6.9044e-02,  3.0263e+00, -5.1970e-01,
        -1.5343e-01, -2.8151e-01, -1.2972e+00,  6.3920e-01, -6.2171e-01,
        -1.0580e+00,  4.0972e-01, -9.8470e-02, -5.8088e-03, -9.8393e-01,
        -2.9890e-01, -8.3679e-01, -2.2656e-01, -8.1645e-01,  6.5755e-02,
        -9.3432e-01, -1.2678e+00, -1.0699e-01, -5.4501e-01, -6.7997e-01,
        -3.1865e-01,  5.6121e-01,  1.8249e-02, -4.6291e-01,  1.6837e-01,
        -7.9173e-01, -8.0279e-01,  4.1247e-03, -5.4953e-01, -5.6200e-01,
        -3.2735e-01,  8.8220e-02, -3.8848e-01,  4.0025e-01, -5.7808e-01,
         1.1784e-01,  2.5558e-01, -5.8320e-01, -2.3665e-01, -8.9802e-01,
        -1.5996e+00, -4.6832e-02, -3.2392e-01, -9.0351e-02, -1.0049e+00,
        -7.0341e-01,  3.5172e-01, -8.1854e-01, -1.5094e-01, -3.4075e-01,
        -1.9798e-01, -3.4490e-01,  4.8927e-01, -4.8257e-01, -9.7393e-01,
        -6.8775e-01, -4.0623e-02, -1.7616e-02, -8.7351e-01, -9.6257e-01,
        -1.5555e-01, -2.7006e-01, -3.2262e-01, -1.0153e+00, -1.4541e+00,
        -1.8928e-01, -1.4492e-01, -1.0246e+00,  4.0257e-01, -1.0580e+00,
        -3.7471e-01, -4.8362e-02, -4.3605e-01, -6.1703e-03,  2.3165e-01,
        -4.6766e-01, -1.0914e+00, -5.8809e-01, -1.4466e+00,  1.3529e-01,
        -4.2829e-02, -6.6680e-01, -1.2282e+00, -7.8355e-01, -2.0348e-01,
        -8.8233e-01, -7.3519e-01, -3.1793e-01, -2.9447e-01, -9.1735e-01,
        -8.6442e-01, -1.8142e-01, -6.1954e-01, -5.6117e-01, -6.6165e-02,
        -2.5429e-01,  3.9255e-01, -1.7630e-01, -3.4847e-01, -9.8975e-01,
         1.3235e-01, -6.8038e-01, -3.2382e-01, -3.8232e-01,  1.9465e-01,
        -1.3866e-01, -8.3031e-02,  3.2797e-01,  6.6498e-02, -3.6966e-01,
        -2.2791e-01,  2.7335e-01, -6.3661e-01, -6.3856e-01, -1.8912e-01,
        -2.0175e-01, -8.5449e-01, -2.4293e-01, -1.0532e-01,  9.8132e-02,
        -7.6954e-01, -4.5013e-01, -1.0335e+00, -4.1534e-01,  3.5470e-02,
         1.4550e-01,  6.4641e-01, -1.7331e-02, -2.2809e-01, -1.1078e+00,
        -4.5867e-02, -1.9292e-01, -2.0656e-01, -6.1898e-01, -2.2891e-01,
        -4.4871e-01, -1.2719e+00,  3.5108e-01,  7.5196e-02,  6.0870e-01,
        -1.0637e-01,  2.5876e-01, -2.4510e-01, -5.7968e-01, -5.1894e-02,
        -1.1833e+00,  7.1761e-01,  1.2276e-01, -4.6210e-01, -3.3541e-01,
        -4.0535e-01, -2.7000e-01, -6.3868e-01, -3.0041e-01, -8.8335e-01,
        -6.8166e-01,  1.0269e-01, -5.5788e-01, -7.5469e-01, -6.9256e-01,
        -3.8811e-01, -1.7768e-01, -5.2703e-02, -9.0892e-01,  2.1249e-01,
        -3.4120e-01,  6.9731e-01, -7.0236e-01, -1.1971e+00, -1.1195e-01,
         2.6626e-02, -2.8999e-01, -9.8251e-01, -1.9617e-01,  4.1854e-01,
        -2.3764e-01, -6.1003e-01, -8.7491e-01, -1.2162e+00, -5.2034e-01,
        -5.7292e-01, -5.9407e-01,  2.9301e-01, -1.9237e-01, -1.5345e-01,
        -5.2489e-01,  1.5038e-01, -1.1617e+00, -7.4732e-01, -8.3319e-02,
        -1.7722e-01,  2.2530e-01, -8.9774e-01, -5.9428e-01, -5.8128e-02,
        -2.8203e-01, -7.3643e-01, -4.7966e-01, -2.4461e-01, -8.7837e-02,
        -3.8946e-01, -3.3605e-01, -3.6961e-01, -1.6746e-01, -1.0078e-01,
        -3.3947e-01,  2.3148e-01, -1.0245e+00, -7.4607e-01, -3.4166e-01,
        -1.7784e-01, -2.7732e-01]), 'model.features.5.2.block.0.1.running_var': tensor([45.7192, 23.3250, 30.0673, 33.2521, 41.3112, 41.6535, 29.8460, 38.2491,
        36.8838, 22.5374, 30.4873, 23.9136, 29.0665, 23.8365, 30.6658, 19.3468,
        49.6105, 40.8491, 30.7081, 20.8222, 71.2925, 34.8062, 28.0434, 32.9804,
        45.5906, 56.4900, 33.1011, 29.9566, 37.7516, 31.0510, 38.5179, 58.0193,
        31.1216, 45.1166, 35.2787, 41.0321, 53.4553, 22.5965, 42.6178, 39.4877,
        15.9332, 25.8382, 27.5752, 37.4422, 49.2022, 23.6174, 32.9944, 28.8468,
        82.1647, 34.8081, 33.4281, 39.4576, 44.0607, 50.4877, 70.9928, 22.2588,
        36.5290, 30.1576, 46.3270, 34.3214, 22.4080, 25.8465, 15.8778, 20.8256,
        29.0785, 26.1010, 26.7449, 14.1500, 22.3697, 53.0548, 23.3812, 52.5341,
        27.5321, 28.4734, 25.6819, 34.9124, 22.8839, 28.4482, 31.2619, 19.3906,
        38.0305, 49.8442, 37.2248, 32.2602, 37.2483, 45.2033, 34.8115, 28.0782,
        26.7869, 31.2662, 30.7494, 46.7529, 30.6921, 47.1799, 25.6897, 55.0553,
        24.5896, 32.5004, 50.9313, 25.4240, 34.1224, 28.6370, 42.2687, 55.5606,
        25.5060, 39.4380, 38.8943, 35.1739, 86.8272, 33.0944, 20.3782, 31.2840,
        52.3898, 32.0518, 49.8171, 46.0751, 18.0887, 24.2504, 23.3520, 34.6552,
        35.6213, 32.5495, 42.5828, 31.3525, 26.4976, 35.3504, 23.8928, 54.6336,
        43.6568, 18.2786, 32.8475, 31.9524, 19.0970, 32.5949, 51.8782, 69.6055,
        49.1776, 36.5762, 48.4392, 31.0511, 19.2533, 28.2080, 43.5762, 29.2186,
        32.8970, 35.0876, 71.4612, 31.1629, 46.1968, 34.5104, 49.6418, 20.0345,
        26.2381, 30.6629, 34.8181, 34.7446, 27.5889, 24.6247, 20.1690, 33.8238,
        32.7605, 23.9499, 26.4654, 27.9478, 26.7675, 28.8948, 19.1194, 82.2444,
        29.3066, 22.9103, 38.6123, 24.0965, 44.6520, 37.0923, 24.5790, 22.7789,
        35.8825, 42.7032, 28.8065, 29.8326, 27.8423, 17.0008, 36.7397, 25.1533,
        19.1120, 40.9397, 34.9598, 49.7250, 36.3731, 37.1019, 33.5921, 56.7768,
        23.0757, 30.2662, 38.4009, 33.3621, 64.4705, 44.0290, 45.3859, 24.6869,
        33.5364, 24.9827, 27.8924, 20.9395, 20.8066, 26.3264, 58.2221, 15.8575,
        24.0549, 21.7614, 31.8817, 31.3296, 46.8836, 30.4481, 74.9863, 16.0034,
        34.6265, 34.1294, 32.0066, 21.0798, 27.9414, 25.5959, 44.7751, 28.0952,
        58.5570, 40.7766, 22.2972, 44.2884, 35.3665, 15.3513, 32.2180, 26.7547,
        35.4294, 29.8998, 14.0339, 21.9652, 35.2936, 23.0394, 27.2066, 28.3944,
        34.7717, 29.9511, 85.7078, 51.9557, 65.0727, 17.6203, 28.9404, 26.3218,
        28.5213, 16.7496, 33.1698, 30.1916, 30.5633, 37.0473, 24.2477, 29.7023,
        36.8167, 18.5274, 17.8774, 32.7652, 33.9175, 14.5015, 32.1102, 31.8682,
        52.9786, 49.4218, 22.3981, 53.7640, 33.9919, 27.5503, 22.1780, 37.1395,
        31.6521, 26.1613, 64.4511, 40.0358, 28.6839, 32.8474, 47.4905, 40.7949,
        77.8614, 25.6913, 35.4160, 17.8349, 28.8567, 32.5695, 34.3744, 34.7272,
        49.1403, 28.0214, 33.2486, 21.6438, 27.5701, 31.5498, 19.8638, 60.0252,
        47.6730, 41.7543, 40.1983, 55.5482, 39.1834, 57.8247, 31.1431, 24.7376,
        34.5099, 42.1013, 30.9590, 53.0026, 37.1074, 51.8502, 27.3695, 66.4805,
        55.1076, 31.5142, 30.6072, 34.7703, 25.2938, 17.3320, 52.6408, 25.1166,
        34.5795, 34.8953, 37.5179, 16.9450, 48.0350, 30.9272, 28.8941, 33.8252,
        21.2654, 27.7213, 33.0361, 42.3801, 22.2009, 19.9977, 25.5947, 15.4540,
        32.8504, 19.9544, 20.5542, 41.2044, 41.7312, 22.3691, 24.3962, 50.0500,
        58.8355, 57.0370, 25.9265, 30.4444, 16.6447, 32.3388, 27.8161, 29.9633,
        47.3466, 33.3542, 27.3047, 33.6445, 61.5538, 38.4430, 27.9827, 16.6343,
        23.1662, 25.4895, 34.3065, 22.3960, 25.9372, 37.0756, 31.5694, 24.7211,
        40.1275, 22.6226, 27.9599, 26.8492, 34.8797, 30.5626, 69.9463, 45.4820,
        36.9757, 38.4284, 48.9874, 20.6428, 28.7636, 59.6466, 28.9586, 20.4418,
        27.6412, 32.5627, 31.8838, 26.7403, 71.9007, 41.3781, 35.4030, 26.1624,
        48.3064, 35.8813, 36.0478, 34.3017, 30.2015, 33.7759, 36.3900, 35.6856,
        21.2464, 39.5235, 36.1936, 51.8229, 40.1876, 23.3237, 35.5144, 34.7346,
        35.6382, 41.5657, 33.8537, 25.0175, 16.4649, 36.7911, 17.8743, 23.5935,
        49.1490, 45.7980, 35.4185, 32.2283, 19.4408, 40.5146, 38.1961, 30.7575,
        18.9116, 29.9823, 25.9496, 17.9717, 47.5745, 18.9371, 19.3069, 32.7034,
        32.0748, 58.3831, 33.7901, 30.0826, 24.5007, 26.5752, 29.2376, 35.4226,
        40.0257, 16.4898, 30.3774, 27.3927, 28.8031, 34.7734, 31.1991, 28.9574,
        25.1172, 29.0933, 25.2473, 35.5638, 29.5461, 38.7761, 31.3441, 10.8698,
        55.7817, 23.5993, 16.3471, 19.6460, 74.5372, 26.8639, 54.1039, 18.9716,
        35.9957, 46.5364, 28.8627, 58.9424, 33.6984, 27.7426, 51.6558, 24.5842,
        18.4733, 45.6248, 24.6229, 33.5093, 24.9216, 40.3085, 22.2590, 47.2015,
        18.4952, 50.7892, 43.2644, 28.0491, 23.4751, 29.4064, 37.8144, 21.2719,
        20.8378, 29.8137, 34.2328, 35.4274, 22.0983, 36.1326, 22.6694, 32.5396,
        15.1284, 23.4865, 38.9051, 21.2709, 36.8423, 26.3115, 36.1256, 33.9976,
        54.0611, 75.8562, 19.1808, 28.6100, 29.8919, 55.6958, 17.5516, 14.9668,
        27.2994, 36.3741, 30.6100, 27.4704, 26.1098, 26.0007, 39.0206, 26.2869,
        31.3290, 22.4639, 52.7097, 25.9904, 23.0062, 33.1249, 12.7330, 46.0832,
        28.4796, 33.2383, 38.6187, 32.5619, 30.9563, 27.3162, 28.2660, 24.0642,
        26.4134, 25.6119, 25.1460, 16.1105, 26.8618, 27.6946, 44.0363, 59.7419,
        22.0756, 29.4762, 39.7996, 29.5628, 31.1012, 25.3276, 36.8497, 23.2790,
        43.0997, 27.9793, 35.8142, 52.2740, 22.0885, 42.1070, 28.2379, 17.2254,
        19.5358, 40.0763, 43.1340, 43.3769, 51.2637, 28.3069, 33.5735, 41.9615,
        30.4248, 20.6695, 34.9743, 24.5784, 16.6714, 46.7950, 24.7603, 32.1106,
        35.2179, 38.9189, 24.8441, 42.6205, 34.5077, 17.2653, 44.9240, 24.3532,
        24.7970, 45.8262, 47.6282, 18.2221, 27.0324, 31.4188, 25.5602, 27.6790,
        21.0097, 41.9236, 29.2629, 15.1421, 39.0188, 30.6607, 32.8275, 29.3369,
        39.6646, 31.6772, 33.5752, 25.1983, 25.4426, 34.4892, 27.9787, 38.4212,
        39.1347, 43.1433, 62.1887, 27.0615, 42.1200, 34.5154, 17.2646, 44.4769,
        27.1269, 26.5549, 26.0780, 38.4292, 19.5227, 15.8149, 30.9388, 93.9883,
        43.1700, 33.0351, 35.0572, 22.8295, 41.7954, 27.1538, 61.3069, 37.0926,
        20.4871, 37.8884, 33.4282, 30.6631, 39.1188, 30.3612, 35.2941, 99.2815,
        39.8266, 38.7186, 23.0394, 36.2569, 28.9061, 26.2787, 74.3336, 48.7818,
        22.2659, 35.5472, 27.8701, 57.7756, 19.0482, 23.4092, 20.9943, 48.8616,
        82.2104, 46.2173, 51.0196, 34.1803, 28.9624, 51.6360, 49.1483, 35.9704,
        49.1311, 25.5141, 25.5969, 74.0937, 37.3799, 27.4154, 34.7367, 41.6354]), 'model.features.5.2.block.0.1.num_batches_tracked': tensor(703214), 'model.features.5.2.block.1.0.weight': tensor([[[[ 0.0488,  0.0108, -0.1567, -0.0218,  0.0103],
          [ 0.0314, -0.0283, -0.1712, -0.0386,  0.0268],
          [-0.0042,  0.1141,  0.3579,  0.1203,  0.0305],
          [ 0.0429,  0.0052, -0.3070, -0.0616,  0.0549],
          [ 0.0285, -0.0102, -0.2556, -0.0252,  0.0274]]],


        [[[ 0.0176,  0.0177, -0.0132,  0.0048,  0.0223],
          [-0.0140,  0.0444,  0.0421,  0.0695, -0.0306],
          [ 0.1120,  0.2085, -0.0590,  0.2664,  0.0937],
          [ 0.0168,  0.0373,  0.0516,  0.0724,  0.0136],
          [-0.0041, -0.0105,  0.0341,  0.0636, -0.0132]]],


        [[[ 0.0911, -0.0383, -0.1210, -0.0206,  0.0990],
          [ 0.0752,  0.2481, -0.0436,  0.2070,  0.0607],
          [-0.2167,  0.0728,  0.0126,  0.0516, -0.2423],
          [-0.1224, -0.1047, -0.0430, -0.0495, -0.0745],
          [-0.0879, -0.0371,  0.0072,  0.0168, -0.0806]]],


        ...,


        [[[-0.0620,  0.0338,  0.0875,  0.0606, -0.0427],
          [-0.0247,  0.0249,  0.1131,  0.0421,  0.0141],
          [-0.0809,  0.0201,  0.2701, -0.0008, -0.0726],
          [-0.0588, -0.0983,  0.0760, -0.0883, -0.0456],
          [-0.0604,  0.0549,  0.0053,  0.0533, -0.0755]]],


        [[[-0.0111,  0.0006,  0.0906,  0.0266,  0.0257],
          [ 0.0234,  0.0973,  0.0988,  0.0799,  0.0142],
          [ 0.0712,  0.0835, -0.1215,  0.0742,  0.0507],
          [-0.0097,  0.0351,  0.0677,  0.0738,  0.0023],
          [-0.0090,  0.0378,  0.0968,  0.0893, -0.0142]]],


        [[[ 0.0355,  0.0341, -0.0114,  0.0373, -0.0024],
          [ 0.0203, -0.0772, -0.1529, -0.0562,  0.0202],
          [ 0.0722, -0.1827, -0.1349, -0.1945, -0.0070],
          [ 0.0646,  0.0196, -0.1801, -0.0339,  0.0482],
          [ 0.0396,  0.0441,  0.0526,  0.0715,  0.0625]]]]), 'model.features.5.2.block.1.1.weight': tensor([0.3729, 1.7462, 1.2793, 0.4332, 1.6871, 0.5203, 1.5360, 0.2562, 1.1981,
        1.8361, 1.4989, 1.8232, 0.4812, 1.4133, 1.1509, 1.7248, 3.3444, 1.9690,
        0.9623, 0.8863, 2.3780, 2.6163, 0.7856, 1.5287, 1.1594, 0.8465, 1.4543,
        1.5570, 1.2174, 1.3988, 1.3770, 2.7201, 1.8000, 1.1968, 1.8125, 1.3396,
        1.3637, 1.7239, 1.6087, 1.3800, 1.0923, 1.4657, 2.1497, 1.4647, 0.5214,
        1.7567, 1.2762, 0.7376, 2.1508, 3.1611, 1.1372, 1.7240, 2.4238, 1.4451,
        1.7060, 1.1235, 0.6570, 1.9309, 0.8643, 2.0395, 0.3520, 1.2005, 1.4301,
        1.2913, 1.1920, 2.2577, 1.7819, 1.7286, 1.4982, 1.2517, 1.5994, 1.1844,
        2.0095, 1.4436, 2.3878, 1.4966, 1.5716, 1.6031, 1.7309, 1.8760, 0.4618,
        0.5670, 0.8473, 1.0913, 0.4413, 1.5352, 0.5549, 0.8652, 2.0262, 1.0348,
        0.9903, 1.3773, 1.5992, 0.6255, 1.3184, 1.5161, 2.1250, 1.6225, 1.5292,
        1.7449, 0.9829, 1.2839, 0.9596, 1.9191, 1.9966, 1.2013, 0.9422, 1.1299,
        1.7025, 1.6891, 1.7984, 1.7599, 1.4023, 1.5588, 0.7547, 3.0222, 0.4206,
        1.2702, 1.5803, 1.3444, 1.9117, 0.5558, 1.0966, 1.2229, 2.6219, 0.4923,
        1.9795, 3.2508, 1.0359, 2.3108, 0.9919, 2.0565, 1.6744, 0.7319, 1.6342,
        2.2531, 1.5082, 1.1803, 0.7566, 0.6988, 1.9154, 2.1880, 1.1790, 1.7981,
        1.3002, 1.6784, 1.2398, 1.1396, 2.2446, 1.0058, 3.3124, 1.8205, 1.1317,
        0.8598, 1.7348, 0.7802, 0.8517, 1.9409, 2.3011, 2.0575, 1.1947, 1.4806,
        0.8733, 2.0691, 2.1241, 1.6869, 1.5241, 1.7452, 1.1871, 1.9762, 2.3896,
        1.2901, 1.0158, 0.7938, 1.0059, 1.1984, 1.3144, 2.0434, 2.1196, 1.5988,
        2.6006, 1.2745, 1.8568, 0.5218, 1.6594, 1.7765, 1.4523, 0.7175, 2.0965,
        0.2539, 1.0018, 0.6181, 1.3750, 0.5710, 1.7228, 0.9656, 1.5438, 1.0710,
        0.8288, 1.2791, 1.9853, 1.3505, 1.5621, 1.6613, 1.8403, 0.7895, 1.3470,
        0.3406, 1.1723, 2.3919, 1.5655, 1.3894, 0.9531, 0.5452, 2.6009, 1.5775,
        0.7525, 1.1695, 1.8658, 1.6285, 1.6587, 0.9396, 1.7297, 2.3808, 1.8020,
        1.1612, 0.4001, 1.0625, 1.2417, 1.1515, 1.0656, 1.2668, 1.8481, 1.8842,
        1.8168, 0.9250, 1.6877, 1.1019, 2.8162, 1.5512, 2.1143, 1.3164, 1.4856,
        0.8753, 1.1214, 1.7914, 2.1804, 0.9689, 1.6276, 2.2915, 2.1470, 0.2392,
        2.0276, 2.1618, 1.5523, 1.6184, 0.5612, 2.0344, 1.4835, 0.9715, 0.8411,
        1.5104, 0.4712, 1.1552, 1.9280, 1.0669, 1.2637, 3.5250, 0.8271, 1.0430,
        0.6669, 1.5095, 1.7918, 0.8099, 1.8877, 2.6393, 1.5431, 1.4616, 1.8109,
        1.5016, 1.7601, 1.2039, 1.4863, 0.4526, 1.5963, 2.1555, 1.3851, 1.6686,
        0.8637, 2.1549, 2.2903, 0.5964, 1.1146, 0.4925, 2.8109, 3.6241, 1.3631,
        1.5513, 0.5194, 1.5627, 0.6055, 1.3066, 2.1414, 0.4733, 1.3786, 1.4793,
        0.4984, 2.0260, 2.1938, 2.3162, 1.3825, 0.3703, 4.0789, 1.1830, 0.5373,
        1.5208, 1.7198, 0.9131, 1.9768, 1.5895, 1.6986, 1.7714, 0.6790, 0.6231,
        1.3824, 0.7719, 1.9898, 1.6467, 0.6478, 1.5700, 1.4110, 1.6106, 0.8618,
        0.9988, 1.8791, 1.4174, 1.2764, 1.5563, 1.5028, 0.5838, 1.7538, 1.6432,
        1.9083, 1.7035, 0.4672, 1.1367, 1.4801, 0.3157, 1.8007, 1.1023, 1.5357,
        1.1420, 2.7759, 1.8502, 1.5005, 1.3824, 2.0199, 1.5184, 1.2028, 1.9036,
        0.9604, 2.9691, 2.0686, 1.6000, 1.6159, 1.4583, 2.2662, 0.4854, 1.8753,
        1.4624, 2.9297, 2.3473, 1.7342, 1.0825, 0.4320, 1.6519, 0.7521, 0.7792,
        0.7409, 1.0985, 2.1375, 1.1579, 1.0519, 2.4897, 2.1541, 1.3942, 1.6278,
        1.3946, 2.4012, 1.2683, 3.3591, 1.5704, 2.2362, 1.8383, 1.8275, 0.5484,
        1.2398, 1.5032, 1.7811, 2.0550, 1.6716, 1.1755, 2.8678, 1.6083, 1.7657,
        0.9002, 0.4906, 3.0177, 0.4463, 1.3347, 0.6353, 0.8282, 1.5137, 1.4647,
        1.4595, 1.5398, 2.3734, 2.0458, 1.9022, 1.6287, 0.8596, 1.5339, 1.5792,
        2.4353, 1.1428, 1.8940, 1.6905, 1.3446, 0.7534, 1.9335, 0.9368, 2.1513,
        0.8776, 2.0192, 1.1250, 1.1352, 1.3432, 2.3860, 2.1697, 1.9866, 1.1560,
        1.8820, 1.5010, 1.6962, 1.0670, 2.2564, 0.4801, 1.6954, 1.2220, 0.8652,
        0.9238, 1.6790, 2.3183, 0.7534, 0.9933, 2.1325, 0.8802, 1.5793, 1.9218,
        1.7263, 1.0964, 0.9030, 2.6383, 2.8723, 1.3783, 1.3154, 2.2107, 1.4995,
        2.8153, 1.9272, 1.7695, 1.2918, 1.5806, 1.7662, 1.2004, 1.7036, 1.4588,
        1.9399, 1.6360, 1.6213, 1.1504, 1.6122, 1.5363, 1.7859, 1.9052, 1.3107,
        1.3314, 1.2112, 1.6011, 1.9065, 1.3226, 2.0819, 1.4488, 1.9194, 1.3683,
        1.5583, 1.9405, 2.1108, 0.9692, 1.9139, 1.3270, 2.0485, 1.3738, 1.8757,
        0.7440, 2.5850, 1.5014, 1.4864, 2.0595, 2.5859, 1.7893, 1.2955, 1.5403,
        1.5828, 0.4673, 0.9004, 0.9470, 1.9313, 1.3938, 1.2802, 2.1693, 1.6181,
        0.7130, 1.9501, 1.7239, 1.6857, 1.5279, 1.4744, 1.9952, 1.0023, 1.0380,
        0.9487, 1.9960, 1.6356, 1.6962, 1.1445, 1.2445, 1.6122, 2.1824, 1.4004,
        1.2586, 0.6709, 1.4097, 1.2413, 1.9474, 1.8675, 0.7530, 1.3209, 1.8646,
        1.6995, 0.6107, 1.2518, 0.7391, 0.8190, 1.5492, 1.4467, 1.2131, 1.8419,
        2.2701, 1.3207, 1.6516, 1.4006, 1.1050, 1.6876, 1.8683, 2.0601, 0.6230,
        1.1407, 1.3548, 1.4518, 1.1602, 2.1812, 1.4885, 2.6984, 1.7536, 1.7012,
        1.5257, 2.0860, 1.5795, 1.6689, 0.4322, 2.4862, 1.5952, 0.9687, 1.3575,
        3.2210, 1.3330, 1.6091, 1.1837, 0.7676, 1.7856, 1.3706, 1.4233, 1.5417,
        1.4156, 1.3050, 1.7883, 2.3930, 1.9179, 2.3727, 0.9206, 1.9726, 0.4955,
        1.9148, 1.2905, 1.5842, 1.1012, 1.3723, 1.4399, 1.5813, 0.5324, 1.8068,
        1.4667, 0.8917, 1.6093, 1.2388, 0.9009, 0.8686, 1.9357, 0.9737, 0.7414,
        1.5310, 2.1011, 0.7879, 1.5936, 1.9490, 0.4278, 1.8133, 1.0903, 1.6638,
        2.3323, 2.1743, 0.9707, 1.5097, 1.4606, 1.5446, 0.6387, 1.3516, 1.5750,
        1.4283, 0.8175, 0.9011, 1.2237, 2.2736, 1.6208, 1.8413, 2.0930, 1.0030,
        1.2177, 1.7561, 1.7456, 2.6192, 0.7019, 0.5286, 1.7937, 0.9165, 2.8299,
        0.5701, 1.0459, 1.2136, 1.2945, 0.7069, 0.6307, 1.4473, 2.6424, 0.2963,
        1.5771, 0.9493, 1.5832, 1.0696, 1.5136, 0.6388]), 'model.features.5.2.block.1.1.bias': tensor([ 8.8324e-01, -2.4436e+00, -2.6285e-01,  4.5586e-01, -1.4041e+00,
         4.7562e-01, -1.4992e-01,  7.6168e-01, -1.2567e+00, -1.9834e+00,
        -2.5359e-01, -1.1799e+00,  2.0844e-01, -8.3813e-01, -1.9137e-01,
        -1.9390e+00, -2.6674e+00, -1.4634e+00, -1.1162e-01,  7.2027e-01,
        -6.0747e-01, -1.4011e+00,  3.4961e-01, -1.5599e+00, -4.9711e-01,
         2.2556e-01, -1.7699e-01, -1.7138e+00, -7.6655e-01, -6.8006e-01,
        -2.2211e+00, -6.2718e-01, -2.5086e+00, -2.0778e+00, -1.6175e+00,
        -6.0503e-02, -3.7812e-01, -1.1413e+00, -1.6837e+00, -8.5576e-01,
        -1.4119e+00, -1.4689e+00, -1.0780e+00, -1.6191e-01,  3.9663e-02,
        -1.4103e+00, -4.0143e-01,  1.2908e-01, -2.7640e+00, -2.1308e+00,
        -1.1026e-01, -6.1084e-01, -1.8542e+00, -4.0413e-01, -1.3101e+00,
         3.0142e-01,  2.5229e-01, -1.5038e+00, -1.6388e+00, -1.1974e+00,
         9.1251e-01, -3.5359e-01, -1.6559e+00, -5.2608e-01, -4.5052e-02,
        -1.1840e+00, -7.4270e-01, -1.2561e+00, -5.6635e-01, -9.1989e-01,
        -6.0074e-01,  6.5262e-01, -1.4459e+00, -1.1893e+00, -1.2131e+00,
        -1.4344e+00, -6.3185e-01, -1.3179e+00, -1.2854e+00, -1.4117e+00,
         1.7072e-01, -2.6860e-01,  6.0636e-02, -8.9316e-01,  8.1876e-01,
        -9.0817e-01,  5.9936e-01, -3.7807e-01,  4.3413e-02, -3.6389e-01,
         1.8395e-01, -3.3960e-01, -1.6037e+00,  6.1624e-01, -2.8014e-01,
        -1.7520e+00, -2.7716e+00, -7.1759e-01, -7.2635e-01, -3.0993e-01,
         6.8424e-02, -3.2855e-01, -1.6050e+00, -1.2547e+00, -1.5395e+00,
        -1.9656e+00, -1.0870e+00,  3.8281e-02, -3.0232e+00, -1.2136e+00,
        -1.5442e+00, -5.0075e-01, -1.7014e+00, -6.3349e-01,  4.0761e-02,
        -2.4384e+00,  3.0053e-01,  1.0556e-01, -9.4758e-01, -2.9635e-01,
        -1.6134e+00, -1.9158e-01, -6.4236e-01, -3.1201e-02, -2.2938e+00,
         3.0429e-01, -1.5300e+00, -1.1319e+00, -1.1958e+00, -1.3572e+00,
         1.4954e-01, -1.5440e+00, -1.1593e+00,  3.2490e-01,  3.4942e-02,
        -4.6318e-01, -1.6512e+00, -1.9478e+00,  1.6526e-01,  3.3983e-01,
        -1.3911e+00, -2.1177e+00, -3.3499e-02, -3.3297e+00, -4.9703e-01,
        -9.6556e-01, -2.1300e+00,  2.2163e-02, -1.0615e+00,  2.5138e-01,
        -2.5208e+00, -1.3614e+00, -3.5288e-01,  3.4343e-01, -1.9082e+00,
         1.0828e-01, -5.0189e-01, -9.6199e-01, -3.4153e+00, -1.1950e+00,
        -2.2871e-01, -2.5198e+00, -9.3245e-01, -7.7941e-01, -1.5366e+00,
        -1.3144e+00, -1.2166e+00,  3.0005e-01, -5.8347e-01, -1.7981e+00,
        -1.8764e+00, -6.4532e-01, -3.3995e-01, -8.3315e-02, -6.0533e-01,
        -7.2239e-01, -2.3988e+00, -1.6295e+00, -1.9833e+00, -1.3041e+00,
        -2.6345e+00, -1.0184e+00, -1.2315e+00, -3.4442e-02, -1.2101e+00,
         1.0236e-01, -3.3807e-01,  4.8167e-01,  2.6630e-01,  7.6774e-01,
        -1.2620e-01,  2.5488e-01, -1.8252e+00,  2.9532e-01,  3.6787e-01,
        -1.3104e-01, -1.6351e+00, -2.3115e-01, -9.2625e-02, -5.3634e-01,
        -1.4355e+00, -1.1827e+00, -4.8108e-01, -1.3627e+00, -1.4751e+00,
        -3.1587e-02, -2.4116e-01,  8.5629e-01,  1.2853e-01, -1.2953e+00,
        -1.9903e+00, -4.0514e-01, -2.8720e-02,  3.9963e-01, -9.1706e-01,
        -3.8601e-01,  3.5940e-01, -2.8641e+00, -1.1552e+00, -1.1364e+00,
        -1.1259e+00,  2.5409e-01, -2.6881e+00, -1.7357e+00, -7.4194e-01,
        -1.1089e+00,  6.1777e-01,  2.3211e-01, -1.9109e+00, -3.1528e+00,
        -1.4227e-01, -6.8371e-01, -1.8341e+00, -5.0951e-01, -1.5535e+00,
         5.0831e-02, -1.8904e+00, -8.7638e-01, -8.4053e-01, -2.6318e+00,
        -3.5683e-01, -6.0315e-01, -1.4599e+00,  5.3365e-01, -1.8831e-01,
        -1.4415e+00, -8.6008e-01,  1.7830e-01, -5.4579e-01, -1.5045e+00,
        -1.7639e+00,  1.1008e+00, -1.0750e+00, -1.2162e+00, -1.3221e+00,
        -9.4154e-01,  3.7154e-01, -1.4890e+00, -1.1085e+00,  2.4586e-02,
         1.2237e-01, -1.3370e+00,  1.1553e+00, -3.9622e-01, -2.9893e+00,
         2.5078e-01, -5.1978e-01, -2.6346e+00, -1.2506e+00,  3.5286e-01,
         3.6336e-01, -7.3112e-01, -1.1030e+00, -2.5931e-01, -4.0953e-01,
        -4.0727e-01, -1.1752e+00, -1.0434e-01, -1.6728e+00, -1.9823e+00,
        -4.6840e-01, -3.9809e-01, -1.4729e-01,  5.9808e-01, -8.6581e-01,
        -1.6301e+00, -1.3977e-01, -5.0234e-01, -6.9364e-02, -1.5880e+00,
        -9.0922e-01, -2.6777e-01, -1.2116e+00,  4.8940e-01, -1.4593e+00,
        -1.3030e+00, -8.8675e-01, -1.4166e+00,  6.4400e-01, -1.5018e+00,
         1.3746e-01, -1.0019e+00, -1.7347e+00,  6.8015e-01, -7.2321e-01,
        -1.9230e+00,  3.7268e-01, -6.2186e-01, -1.4544e+00, -8.8313e-01,
        -3.0652e-01,  9.0850e-01, -1.1247e+00, -7.4978e-01, -2.8968e-03,
        -9.5744e-01, -1.0663e+00,  1.6003e-01, -1.3779e+00, -1.8828e+00,
        -1.2256e+00, -5.7529e+00,  5.2397e-01,  5.1617e-01, -1.6661e+00,
         4.7946e-02, -1.2583e+00, -5.7813e-01, -4.3983e-01, -8.2047e-01,
        -4.5196e-01, -4.3434e-01, -3.0317e-01, -4.0457e-01, -1.9332e+00,
        -2.4389e+00, -5.9886e-01, -1.2436e+00, -1.3268e+00,  3.9488e-01,
         8.0990e-03, -1.5771e+00, -5.3867e-01, -6.1878e-01,  1.0434e+00,
        -9.3987e-01, -4.2786e-01,  8.4559e-01, -2.2273e+00, -5.6079e-01,
        -8.4169e-01, -5.7813e-02, -7.6396e-01, -2.1312e+00, -1.4486e+00,
        -1.3140e+00, -1.2989e+00, -6.3899e-01, -2.4011e+00, -1.1594e+00,
        -1.5118e-01, -4.6938e-01, -1.2737e+00, -8.0804e-01, -8.9476e-01,
        -1.2500e+00, -2.2224e+00,  5.4359e-01, -7.8570e-01, -9.8843e-01,
        -1.8606e+00, -1.4833e+00, -1.3464e+00, -9.6264e-01,  2.8144e-01,
        -4.3344e+00,  1.8312e-01,  2.8055e-01,  1.3596e-01, -3.0659e+00,
        -6.9053e-01, -2.5013e-01, -1.0354e-01, -1.2518e+00, -2.7628e+00,
        -3.0954e-01, -1.0932e+00, -1.1173e+00,  4.4837e-01,  9.3880e-02,
        -2.2418e+00, -1.6154e-01, -2.8184e+00, -3.9072e-01, -1.2340e+00,
         2.4733e-01, -7.7294e-01, -8.8123e-01,  1.9264e-02, -1.4321e+00,
        -3.5053e-02, -1.6782e-02, -1.2076e+00, -1.3534e+00, -5.3861e-01,
         1.2397e-02,  6.3427e-01, -2.7623e+00,  4.9565e-01, -3.0551e+00,
         2.5591e-01,  2.5529e-01, -1.4247e+00, -6.1406e-01, -6.3984e-01,
        -9.4131e-01, -3.0341e-01, -2.3218e+00, -2.0662e+00, -5.6997e-01,
         3.4631e-01, -1.4817e+00, -2.8977e-01, -2.0764e+00,  8.6406e-02,
        -1.1542e+00, -1.2463e+00, -4.3761e-01,  3.1161e-01, -1.5457e+00,
        -9.8621e-01, -8.6187e-01, -6.1496e-02, -1.2266e+00,  8.9873e-02,
        -1.6826e-01, -3.6939e-01, -1.9970e+00, -5.8692e-01, -2.3428e-01,
        -2.1993e-01, -1.4927e+00, -3.7234e-01, -8.7254e-01, -2.7279e-01,
        -1.2256e+00,  4.0173e-01, -6.5351e-01, -2.7682e+00,  3.1757e-01,
         1.4434e-01, -3.0493e+00, -1.5161e+00,  4.8778e-01,  2.4442e-01,
        -1.5599e+00,  4.6448e-01, -2.1912e+00,  3.6091e-03, -2.8894e+00,
        -2.4627e-01, -4.9363e-01, -1.6168e+00, -1.7187e+00, -6.5513e-01,
         2.6341e-01, -1.6411e+00, -2.4204e+00, -1.9150e+00, -1.4441e+00,
        -2.7341e+00, -1.4717e+00, -1.4280e+00, -1.3547e+00, -4.8889e-01,
        -3.3771e-02, -2.4035e+00, -1.3467e+00, -1.1252e+00, -1.1181e-02,
        -7.2654e-01, -7.2773e-01, -1.3104e+00, -1.7925e-01, -1.0145e+00,
         3.4683e-01, -1.6366e+00, -1.4419e-01, -1.9649e+00, -1.0309e+00,
        -1.3504e+00, -1.2661e+00, -1.4778e+00, -1.5687e+00, -1.4206e+00,
        -7.6055e-01, -2.6948e-01, -2.9719e+00, -1.1975e-01, -8.7255e-01,
         1.8656e-02, -8.7884e-01, -8.3631e-01, -9.5138e-01,  5.3761e-01,
         2.1166e-01, -8.9629e-01, -4.7445e-01, -1.1503e+00, -1.8623e+00,
        -4.2751e-01, -1.9981e+00, -5.6022e-01, -2.7790e-01,  1.6141e-01,
         2.7500e-01, -8.2835e-02, -5.1049e-01, -2.2982e+00, -8.5888e-01,
        -1.2192e+00, -7.0725e-01,  1.5528e-01, -1.1919e+00, -1.8124e-01,
        -9.5931e-01, -1.5426e+00, -9.1917e-01, -1.8725e+00, -9.5131e-01,
         6.3334e-02, -9.2625e-01, -4.0448e-01, -8.1038e-01, -8.9921e-01,
        -3.0369e+00, -5.3374e-01, -1.1532e+00, -1.3360e+00, -1.2123e+00,
        -2.0154e+00, -3.5806e-01, -1.2741e+00, -1.6394e-01, -7.3880e-01,
        -2.3821e+00, -7.9220e-01, -2.1761e+00, -1.2349e+00, -1.2129e+00,
         2.5756e-01, -7.9954e-01, -2.3809e-01,  3.6031e-01, -3.6812e-01,
        -1.3069e+00,  6.1837e-01, -5.8540e-01, -1.5204e-01, -1.8436e+00,
        -1.1889e+00,  9.9452e-03, -2.3867e+00, -2.0561e-01, -1.1642e+00,
        -1.0847e+00,  2.0806e-01,  7.3472e-01, -1.1613e+00, -6.2049e-01,
         1.5821e-01, -5.9972e-01, -8.4786e-01, -9.2554e-02, -3.7230e-01,
        -1.3058e+00, -5.4999e-01, -1.2397e+00, -8.1366e-01, -5.1961e-01,
         6.4223e-01, -1.8505e+00, -2.2456e+00, -2.0575e-01, -8.1495e-01,
        -1.6648e+00, -4.4086e-01, -5.5230e-01, -4.1249e-01, -3.8976e-01,
        -1.1542e+00, -6.3025e-01, -1.1383e+00, -3.3347e-01, -1.9038e-01,
        -1.1638e+00, -1.5207e+00, -1.8872e+00, -9.7117e-01, -8.4349e-02,
         9.5302e-04, -1.6788e-01, -2.3859e-01, -8.6281e-01,  1.5179e-01,
        -2.1658e+00,  2.0532e-01, -2.1375e-01, -5.8786e-01, -4.7779e-01,
         5.8735e-01, -1.5357e+00, -8.2157e-02,  3.3751e-02, -9.5439e-01,
        -3.0104e+00,  2.9744e-01,  4.2668e-02, -1.6624e+00, -5.1710e-01,
         4.1921e-01, -1.4226e+00, -1.6770e+00,  4.8182e-01, -6.3938e-04,
        -2.0601e+00,  6.3313e-01, -1.7115e+00,  5.0682e-01, -9.7960e-01,
        -1.3267e+00, -8.6903e-01, -5.6553e-01,  1.8783e-01, -3.7659e-01,
        -1.3563e-02,  3.2781e-01, -6.9585e-01, -2.7195e+00,  5.1878e-01,
         3.0156e-01,  2.9472e-01, -4.4433e-01, -1.5826e+00, -7.9740e-01,
        -1.5379e+00, -2.8814e-01,  1.9174e-01, -1.6102e+00, -1.1082e+00,
        -1.1017e+00, -5.4855e-01,  1.6742e-01, -2.8076e-01, -1.3970e+00,
        -8.9184e-03, -2.0500e+00,  2.3952e-01,  2.9065e-01, -5.7393e-01,
        -4.4790e-01,  7.0492e-02,  2.8996e-01, -7.7994e-01, -1.2232e+00,
         7.1985e-01, -2.1580e-01, -4.1011e-01, -2.1486e+00, -1.6660e-01,
         3.5688e-01,  4.9201e-01]), 'model.features.5.2.block.1.1.running_mean': tensor([-4.6251e-03, -1.6911e-01,  1.8656e-02, -4.6138e-02,  1.8905e-03,
        -1.3425e-02, -4.7316e-01,  1.2600e-01,  4.4047e-02, -3.9603e-02,
        -1.9646e-01, -2.0611e-01, -7.7151e-03,  5.9366e-02, -2.9167e-02,
        -1.0432e-02, -8.9724e-02, -6.0218e-02, -1.4246e-02,  2.2610e-02,
        -1.3867e-02, -3.5615e-02, -6.9646e-02, -1.2225e-01,  4.0814e-01,
         1.2191e-01, -1.2278e-02,  3.4749e-01,  2.0045e-02, -3.0030e-02,
        -8.9997e-02, -3.8833e-02, -1.0533e-01, -5.0461e-02, -4.3456e-03,
        -1.2378e-02, -1.3078e+00,  2.1274e-02,  2.7453e-01, -3.5693e-01,
         8.0606e-03, -1.2108e-02, -7.8852e-02,  1.5185e-03, -1.4670e-01,
         7.9368e-04, -3.6094e-01, -2.7591e-02,  6.1517e-01, -8.2847e-02,
        -2.5811e-03, -9.7076e-01, -4.6224e-01,  5.3325e-04, -1.4172e+00,
        -8.3634e-01, -7.2724e-02, -9.6734e-02,  2.8128e-01, -8.2602e-02,
        -6.2794e-05,  9.1725e-05, -1.4697e-03,  1.4361e-02, -3.3541e-02,
         1.8571e-03, -1.1950e-01,  1.8427e-03, -3.5221e-02,  7.4120e-02,
        -2.6779e-01, -6.2592e-02, -4.2148e-03,  2.1708e-02, -1.6385e+00,
        -1.2832e-01, -5.7465e-02, -2.4278e-02, -1.2353e-02, -2.6610e-02,
         1.9004e-02, -8.9742e-02, -5.1532e-02,  7.9887e-02,  3.0279e-02,
        -3.3317e-02, -3.5253e-03,  4.3715e-02, -4.9275e-01, -1.0144e-01,
        -1.2402e-02, -6.7764e-02, -8.9006e-03,  3.5016e-02, -2.3569e-03,
         7.4552e-02, -1.7942e-01,  7.1572e-03, -4.4158e-03, -2.2977e-01,
         7.8747e-02, -1.2382e-01, -1.4914e-01, -7.6416e-01, -2.7136e-01,
         8.2659e-02, -9.6440e-02, -5.3131e-02, -5.1965e-02, -3.0738e-02,
        -7.1958e-01,  1.5540e-01,  4.4167e-02, -4.2412e-01,  3.8598e-01,
        -1.1233e+00,  1.7081e-02, -5.6367e-01, -6.8138e-01,  4.3464e-02,
        -1.1373e-01, -9.1456e-02,  5.5655e-02, -5.9678e-02, -1.2753e-01,
        -1.0852e-01, -6.2002e-01, -1.1735e+00,  1.6856e-01, -1.0053e+00,
        -1.0493e-02, -7.1411e-02, -2.5500e-03, -1.1460e-01, -1.1381e-01,
        -7.4682e-02,  1.9528e-02, -1.8245e-02, -4.4681e-02, -1.4715e-03,
         1.9579e-02, -9.1501e-01, -8.9690e-01, -1.0878e+00,  1.4554e-02,
        -2.7955e-01, -4.8109e-02, -1.5344e-01, -1.5885e-01, -1.5115e-02,
        -1.3167e-01, -9.6865e-02, -1.3323e-01, -1.0394e-01, -3.1151e-02,
         1.8525e-02,  1.6629e-02, -1.1160e-01, -1.2327e-01, -1.4583e+00,
        -9.3732e-03, -1.4508e-01, -6.9786e-02, -4.9672e-01,  3.6147e-02,
        -8.0632e-01, -1.3382e-03,  5.4142e-02, -3.6634e-04, -4.6594e-02,
         9.2512e-03, -1.3726e-01,  4.0498e-03, -3.3545e-02, -1.1441e-01,
         2.6994e-03,  1.7379e-01, -4.4316e-03, -5.0303e-02,  1.6083e-04,
        -1.0179e-01,  1.2556e-02, -2.7932e-01, -9.6718e-02, -2.4376e-02,
         1.3919e-02,  2.4886e-03, -1.0314e-01, -7.1083e-02,  6.2834e-02,
        -1.1399e-03,  6.5091e-03, -7.0521e-03, -2.0220e-02,  1.2618e-02,
        -3.0094e-03, -5.6568e-02, -1.1283e-02, -9.6076e-02, -6.7733e-04,
         7.8442e-03, -9.5855e-02, -1.8259e-01,  1.4667e-02, -9.0620e-02,
        -2.0891e-02, -8.7387e-02, -2.3239e-02,  2.0022e-01, -2.8372e-01,
         9.4468e-03, -1.8669e-01,  1.4571e-01, -1.6162e-02,  2.6412e-02,
        -8.2180e-02, -2.2555e-02,  1.8081e-01, -3.9564e-02, -7.9218e-03,
        -9.7919e-03, -1.0578e-01, -9.6359e-02, -3.0106e-01,  5.6209e-02,
        -5.6231e-02,  9.4129e-02,  2.3907e-02,  4.5723e-02, -8.8491e-02,
        -1.2755e-01, -9.8373e-02, -3.3618e-02,  4.4489e-02, -2.5390e-01,
         6.4285e-02, -4.2934e-01,  7.9113e-03, -8.4402e-03,  1.3899e-01,
        -1.6993e-02,  9.7848e-03,  1.6295e+00,  2.3650e-02, -1.0998e+00,
         3.0230e-03, -1.7741e-01, -1.4679e-01, -1.5745e-01, -8.6248e-02,
        -1.1599e-02,  3.9045e-03, -2.3770e-01, -6.8628e-02, -7.3357e-02,
        -1.8877e-01,  7.9866e-05, -6.6209e-02,  2.0486e-02,  1.0939e-01,
        -9.2539e-02, -2.0890e-04,  1.3550e-02,  6.3116e-02, -9.6539e-02,
         1.2418e-02,  5.0822e-02, -1.0035e-01,  3.3547e-02, -3.6833e-01,
        -1.0232e-01, -5.2386e-02, -1.1565e-01, -2.9920e-02, -8.5966e-02,
        -7.0328e-02,  3.9302e-02, -1.0690e-02,  3.4791e-02, -3.1781e-02,
        -1.0005e-01,  1.3829e-04, -1.8068e-01, -2.0236e-02,  9.0101e-03,
        -1.0862e+00, -7.6650e-01, -7.1374e-02, -1.0141e-01, -3.4267e-01,
        -3.7226e-01,  3.0995e-02, -5.0358e-02, -6.4749e-02, -7.0186e-01,
        -1.7561e-01, -2.7216e-02,  3.4035e-02,  9.1245e-03,  5.3483e-02,
        -2.2053e-02, -7.9493e-02, -1.0222e+00,  2.7696e-02, -4.4510e-01,
        -1.7698e-01, -6.0481e-02,  2.0615e-01, -5.2733e-01, -7.5928e-02,
         1.6499e-01, -2.1782e-04, -8.7825e-02,  3.7847e-03,  1.1401e-03,
        -2.4682e-01, -6.0565e-01,  1.4014e-01, -3.3917e-02, -1.9164e-01,
        -7.1576e-02, -5.9245e-02, -1.8923e-02,  1.3487e-02,  5.3102e-02,
        -1.0120e-01,  2.7302e-03, -5.2793e-02, -2.2907e-01,  4.9403e-03,
        -1.0606e-01, -1.5843e-02, -1.0530e-01, -7.6392e-02, -1.5271e-01,
         1.5666e-01, -8.7071e-03, -1.2681e-02, -3.7730e-01, -1.2693e-01,
        -6.6939e-01, -6.0547e-03, -8.6280e-02, -1.2130e-01, -6.6541e-02,
         3.1332e-02, -3.1190e-01, -3.7938e-02, -1.2999e+00, -9.3752e-02,
        -7.0494e-01, -1.7228e-02,  9.5196e-02,  6.4448e-02,  5.4526e-02,
        -3.9269e-02, -3.5989e-01,  4.8337e-03, -1.3576e-01,  1.7587e-04,
         3.5851e-03, -5.7291e-02, -4.2356e-02, -2.4743e-02, -1.0053e-01,
        -6.6996e-02, -9.3431e-01, -6.3437e-02, -1.4921e-01, -3.4992e-03,
        -7.8291e-02, -7.8889e-02, -1.4891e-01, -9.1441e-02,  1.4690e-01,
        -1.3080e-01, -5.6174e-02,  1.9153e-02,  8.6875e-04, -1.6154e-01,
        -1.1500e-01, -3.2778e-02, -1.9488e-02,  4.8456e-03, -2.1190e-01,
        -5.0231e-03,  1.4933e-03, -9.7170e-03, -9.6231e-02,  1.5051e-01,
        -1.0429e-01, -1.3227e-01, -1.7529e-02, -1.5628e-01, -1.1266e-01,
        -9.1672e-03, -3.3597e-01, -3.4882e-01, -3.4220e-03, -3.6919e-01,
        -2.7308e-01,  1.0922e-02, -4.1203e-01,  1.1867e-01, -4.4371e-03,
         9.4892e-04, -4.4339e-02, -2.9578e-02, -4.2700e-02,  1.9086e-01,
        -1.3812e-01,  3.1179e-04, -2.4622e-02, -5.0972e-02, -1.4630e-01,
         1.2117e-01, -2.4600e-01, -3.4387e-02, -1.1317e-02, -4.1580e-01,
        -1.0614e-01, -1.0172e-01,  1.5033e-02, -1.0297e+00,  1.5312e-02,
        -7.5149e-02, -7.2320e-01, -3.9023e-03, -9.1112e-03, -7.6442e-02,
        -8.9207e-02, -1.6848e-01, -2.9528e-02, -1.1563e-01, -1.0766e-02,
        -3.3647e-02, -1.0340e-01, -4.0545e-01, -2.1179e-01, -2.6752e-01,
         3.9269e-02, -8.8442e-03, -8.2485e-02, -4.3313e-01, -7.0706e-02,
        -1.3817e-01, -1.0255e-02, -5.3131e-03, -7.7723e-02, -3.8183e-02,
        -6.5569e-02, -8.3881e-02, -4.8332e-01,  1.5985e-02,  1.0035e-03,
        -3.3512e-01,  6.6602e-02,  1.7581e-02, -2.6062e-01, -1.3219e-01,
        -2.1116e-03, -2.7211e-02, -1.3131e-01, -7.0022e-02, -1.3458e-01,
        -1.2849e-01, -1.2639e+00,  7.7008e-01, -6.8363e-01,  8.5199e-02,
        -1.6351e-01, -1.1048e-01, -2.3137e-01, -6.5081e-02, -1.0185e-01,
        -9.8479e-02, -9.6272e-02,  1.6456e-02, -4.2444e-02, -4.2319e-01,
        -8.8132e-02, -1.1005e-01,  2.4376e-02, -6.3447e-02, -5.9691e-01,
        -5.7540e-02,  1.5043e-01,  1.3175e-02, -7.6835e-02, -4.6858e-01,
        -2.1187e-02,  2.8087e-02, -1.0234e-02, -5.0547e-02, -1.7095e-01,
         8.1953e-03, -7.3767e-01, -4.6753e-02, -6.8339e-02, -5.1396e-02,
        -1.5434e-02, -3.6385e-01, -2.4205e-02,  2.7413e-02, -4.6798e-03,
         6.6508e-02, -2.3919e-02, -8.4349e-02,  1.2668e-01,  1.6038e-02,
         3.2405e-02, -8.7279e-02, -2.3334e-01, -5.0459e-01, -2.5402e-02,
        -1.5028e-02, -1.0482e-01, -2.3804e-02,  5.2777e-02, -1.7074e-01,
        -1.7128e-02, -2.3572e-01,  1.3275e-01,  1.5830e-03, -1.0041e-01,
        -6.1741e-03, -2.0771e-04, -4.8105e-02, -6.3022e-01, -3.4109e-03,
        -3.4051e-02,  6.5480e-03, -7.7986e-02, -3.5925e-01,  9.5804e-04,
        -3.6480e-02,  2.9613e-01, -2.7287e-02, -1.2916e-01,  6.7983e-03,
        -2.7308e-02,  1.0745e-02,  2.0623e-02, -2.1826e-02, -7.9278e-03,
         6.3436e-03, -1.2585e-01,  1.1123e-01, -5.6832e-01, -2.0528e-02,
        -8.3898e-03, -3.5993e-01, -9.2567e-02, -6.9060e-04,  1.0748e-01,
         1.5236e-02, -2.1227e-01, -8.1760e-02,  5.7090e-02, -3.3292e-02,
        -6.4671e-01,  1.9065e-02,  4.2341e-01, -2.6390e-01, -3.8551e-01,
        -2.5325e-01, -1.1397e-02, -8.0033e-03, -7.7164e-02, -1.1262e-01,
         3.1399e-02, -7.3204e-01, -1.5146e-02, -1.3287e-01, -8.5634e-02,
         1.1536e-03, -1.3963e-02, -4.0713e-02,  7.5415e-02,  2.0427e-02,
         1.3696e-03, -5.0972e-02, -3.1474e-02, -2.9834e-03, -3.4760e-02,
        -1.6422e-01, -3.6001e-01, -7.6426e-03, -2.6646e-02, -8.1064e-02,
        -1.6008e-02,  5.4077e-03,  4.4369e-02,  4.2658e-02, -1.3005e-01,
        -4.4280e-04, -1.5099e-01, -8.6385e-02,  4.6585e-03, -1.9548e-01,
        -4.6745e-02,  3.0023e-01, -4.4203e-03, -4.4811e-03,  1.0301e-01,
        -3.2726e-02, -7.1175e-01, -4.2548e-01, -5.0321e-01, -1.6094e-02,
         7.4141e-02, -5.2027e-02,  3.4160e-01, -7.4109e-02, -1.4478e-01,
         1.7623e-01,  4.8715e-02, -1.8017e-02, -5.9783e-02,  9.9468e-02,
         6.7708e-03, -2.3123e-01, -3.8229e-02, -1.1519e-02, -1.8957e-01,
        -6.3824e-02, -2.4129e-02, -1.9111e-02, -1.2111e-01, -4.1331e-01,
        -2.6614e-02,  1.4569e-01, -1.0002e-01,  6.7911e-03, -2.2337e-01,
        -4.6964e-01, -3.3673e-02, -1.1248e-01,  1.5478e-02,  9.5447e-02,
        -3.0058e-02,  2.4041e-03, -2.0254e-01,  6.1819e-02, -1.6452e-01,
         5.1832e-03,  8.5462e-03,  3.9157e-01, -5.0556e-03, -2.1925e-01,
        -5.6424e-04, -1.3217e-01, -7.3838e-02, -9.8705e-03, -2.6353e-02,
         2.1988e-01, -1.6349e-01, -9.0543e-02, -3.7286e-01,  1.0186e-01,
        -2.8254e-02,  1.5821e-02,  6.1284e-02, -2.2349e-02, -8.7876e-03,
         1.0415e-01, -1.6775e-01, -5.7935e-02, -1.8112e-01,  4.1542e-03,
        -4.0639e-02,  1.0249e-01]), 'model.features.5.2.block.1.1.running_var': tensor([4.2045e-02, 1.1032e-02, 2.9096e-02, 2.9749e-02, 4.3620e-03, 5.0047e-02,
        3.9607e-01, 4.7589e-03, 2.8043e-01, 7.8336e-03, 4.5304e-02, 9.5267e-02,
        1.5627e-02, 7.0780e-02, 1.8835e-02, 1.7779e-04, 6.6420e-03, 2.3799e-02,
        3.8882e-02, 1.7935e-03, 6.0964e-02, 1.3575e-01, 2.2498e-02, 2.1458e-01,
        3.6600e-01, 1.9121e-01, 4.2590e-02, 1.7791e-01, 2.7020e-02, 1.3869e-02,
        4.5354e-03, 3.8221e-02, 5.1194e-02, 1.2033e-02, 2.8287e-03, 4.9940e-02,
        6.3756e-01, 2.4074e-02, 1.4059e-01, 1.5900e-01, 1.1096e-02, 1.1937e-03,
        1.2352e-01, 1.0029e-03, 1.7856e-03, 7.3624e-03, 1.2869e-01, 3.2273e-03,
        4.6913e-01, 1.5636e-01, 4.9315e-02, 7.7690e-01, 3.0553e-01, 3.3667e-02,
        1.3595e-01, 5.0098e-02, 6.3924e-03, 2.6986e-01, 2.3498e-01, 9.5112e-03,
        3.2295e-02, 3.3323e-02, 1.6771e-03, 9.7022e-02, 3.0772e-03, 1.6707e-03,
        8.1049e-02, 3.5495e-03, 1.6761e-02, 4.9117e-02, 1.5415e-01, 2.5105e-02,
        8.4391e-03, 6.2520e-03, 6.3092e-01, 8.8161e-03, 7.0588e-02, 1.6505e-02,
        6.6817e-03, 5.2310e-02, 1.5498e-02, 7.1960e-03, 1.4047e-02, 1.7955e-01,
        2.1594e-01, 7.8358e-03, 3.6733e-02, 8.6012e-03, 3.7671e-01, 7.2788e-03,
        7.4382e-02, 8.7968e-03, 2.8156e-03, 2.6033e-02, 3.1235e-02, 9.7530e-02,
        6.9861e-03, 2.8529e-04, 3.1823e-03, 9.2127e-02, 6.5263e-02, 9.0745e-02,
        3.7930e-03, 1.2663e+00, 2.3712e-01, 9.4028e-02, 1.4309e-02, 7.6770e-03,
        2.9395e-02, 6.6360e-04, 2.3548e-01, 9.4539e-02, 5.8722e-02, 3.0891e-01,
        3.6217e-01, 4.7758e-01, 7.8856e-03, 2.6128e-01, 4.7074e-01, 1.2024e-01,
        8.5290e-03, 3.1625e-03, 6.7627e-02, 1.1857e-02, 1.1165e-01, 1.1243e-02,
        1.9877e-01, 3.5392e-01, 1.6133e-01, 1.9029e-01, 1.1532e-02, 1.8493e-02,
        2.2776e-02, 1.7752e-01, 2.4566e-01, 1.1683e-02, 1.5760e-02, 7.6277e-03,
        1.4708e-02, 2.4693e-02, 3.6274e-02, 2.4562e-01, 7.1638e-01, 6.9386e-01,
        6.0562e-02, 1.2819e-01, 4.6175e-02, 9.7739e-03, 1.5196e-02, 9.2676e-03,
        7.3187e-03, 8.0570e-03, 2.4108e-03, 6.7098e-03, 2.8345e-04, 4.0428e-02,
        3.7517e-02, 6.0789e-02, 7.6409e-03, 1.9127e+00, 3.0964e-02, 5.3612e-03,
        1.8360e-02, 1.7133e-01, 2.4129e-02, 2.5516e-01, 1.1299e-02, 6.9870e-02,
        2.7428e-02, 1.2481e-03, 5.0699e-03, 2.9556e-02, 9.8245e-02, 3.9812e-02,
        1.1557e-02, 2.2614e-02, 1.0280e-01, 9.8104e-03, 2.3253e-02, 1.5003e-03,
        1.5313e-02, 5.7193e-03, 3.3785e-02, 5.3469e-03, 4.6286e-03, 3.4835e-02,
        5.7553e-02, 8.9728e-03, 2.8617e-02, 1.6491e-02, 2.9882e-04, 5.0077e-02,
        6.3788e-03, 7.5669e-02, 7.8526e-02, 1.9187e-04, 9.0769e-03, 4.4381e-04,
        1.2748e-02, 2.9027e-03, 4.1762e-02, 3.8090e-03, 7.6307e-02, 6.7779e-03,
        3.5339e-03, 5.8830e-03, 1.3866e-02, 2.3476e-02, 1.5713e-01, 2.8465e-01,
        1.0835e-02, 1.1070e-02, 1.4913e-01, 3.3664e-02, 6.9271e-02, 1.1195e-02,
        1.4942e-02, 1.8623e-01, 1.4128e-03, 7.8883e-03, 2.2679e-04, 5.9511e-03,
        9.4737e-03, 3.5228e-01, 8.7325e-02, 6.0819e-03, 1.7122e-02, 1.4547e-01,
        4.1199e-02, 1.7061e-02, 1.9652e-03, 5.0809e-02, 2.3149e-02, 9.4337e-02,
        1.6695e-01, 1.0014e-02, 1.3016e-01, 1.3606e-02, 1.6218e-04, 1.1687e-01,
        3.9127e-03, 2.3772e-02, 1.3909e+00, 1.2247e-01, 2.3231e-01, 1.8320e-04,
        2.1219e-01, 1.1075e-02, 2.1236e-01, 6.0298e-02, 4.2132e-04, 2.0719e-02,
        6.3727e-02, 8.6707e-03, 1.0364e-02, 1.2088e-01, 4.6519e-02, 1.0922e-01,
        9.8711e-03, 1.0947e-01, 2.1096e-02, 6.8802e-04, 7.5469e-03, 5.4464e-02,
        7.1927e-03, 1.9859e-03, 5.5445e-02, 1.7669e-02, 6.5647e-02, 1.2051e-01,
        4.1702e-03, 2.9743e-02, 2.1836e-01, 1.3310e-02, 3.9962e-01, 4.6268e-02,
        3.5937e-02, 3.0750e-03, 2.3930e-02, 2.9027e-03, 2.0349e-03, 9.5024e-04,
        2.4725e-01, 2.3634e-02, 6.3102e-03, 3.3227e-01, 1.7831e-01, 4.1995e-03,
        1.5190e-01, 2.7235e-02, 5.1812e-02, 8.2848e-03, 1.0756e-02, 1.4834e-02,
        1.2193e-01, 8.9620e-03, 1.7257e-01, 1.0927e-01, 3.5725e-02, 4.8138e-02,
        3.0437e-02, 2.7576e-03, 3.6268e-01, 1.8475e-01, 9.9675e-02, 5.1055e-03,
        2.0694e-03, 1.5346e-01, 1.1373e+00, 8.9009e-03, 1.0046e-01, 3.8337e-02,
        4.3154e-01, 4.6709e-02, 1.8385e-03, 2.3632e-02, 2.1052e-01, 6.3425e-03,
        2.3308e-03, 7.3692e-03, 1.6605e-02, 4.4296e-03, 2.7973e-02, 1.6290e-03,
        3.6506e-02, 1.3337e-02, 3.5432e-02, 2.2983e-01, 1.0408e-02, 6.1529e-03,
        2.0963e-02, 2.3064e-02, 6.2903e-03, 7.2297e-03, 9.7608e-02, 8.0104e-02,
        1.0992e-02, 6.4178e-03, 4.0883e-01, 6.3541e-03, 6.8975e-01, 1.3285e-02,
        1.0743e-01, 1.0485e-01, 3.1485e-01, 5.9725e-02, 1.1790e-01, 2.0574e-02,
        1.1676e-01, 3.8569e-03, 2.7403e-01, 1.6282e-02, 1.2879e-01, 9.0430e-03,
        3.5905e-02, 1.2031e-02, 1.3994e+00, 2.7410e-02, 2.0737e-02, 2.4022e-03,
        2.0378e-02, 3.7465e-03, 1.1023e-01, 2.5634e-02, 1.3674e-01, 5.2463e-03,
        4.6660e-01, 9.7526e-02, 5.4891e-02, 2.9580e-03, 1.9606e-02, 5.7306e-02,
        1.2645e-02, 2.5734e-02, 3.2693e-01, 8.1316e-03, 3.6477e-03, 9.7999e-02,
        5.6132e-03, 1.0635e-02, 2.3329e-02, 7.6828e-03, 4.4605e-02, 1.1877e-02,
        2.4704e-03, 1.2668e-01, 5.4748e-04, 3.1045e-03, 1.6826e-02, 2.1823e-01,
        2.0840e-03, 6.3037e-02, 6.3719e-03, 5.6965e-02, 1.2074e-01, 3.1992e-02,
        1.2931e-01, 2.2448e-01, 2.2941e-02, 3.1957e-01, 9.2705e-02, 2.4252e-03,
        1.6218e-01, 1.6222e-02, 5.5654e-02, 7.8067e-03, 1.0144e-02, 9.1957e-03,
        1.4191e-02, 2.5781e-01, 2.1991e-02, 2.0571e-02, 3.5300e-03, 1.4446e-02,
        3.9003e-02, 4.4918e-02, 6.4139e-03, 1.1371e-02, 3.9396e-03, 3.6129e-01,
        3.7080e-03, 1.0271e-02, 4.8684e-02, 4.5130e-01, 9.1054e-03, 2.2685e-02,
        2.2577e-01, 3.8400e-04, 8.2248e-02, 1.4021e-01, 3.2108e-03, 1.1607e-01,
        2.5517e-03, 1.1962e-02, 3.4018e-03, 3.2571e-02, 1.3907e-01, 1.6125e-01,
        1.3068e-01, 9.6569e-02, 1.8119e-02, 2.4743e-03, 1.0145e-02, 1.0948e-01,
        9.2027e-03, 5.7073e-02, 3.2299e-02, 6.9551e-02, 2.4347e-02, 1.1348e-01,
        8.0821e-03, 1.0431e-02, 9.1929e-02, 1.7179e-02, 2.6609e-03, 8.0635e-02,
        1.1792e-01, 9.8605e-04, 4.3063e-02, 9.1457e-03, 5.3642e-02, 1.2433e-02,
        1.0426e-02, 1.4730e-03, 4.2141e-02, 9.8622e-03, 3.9922e-01, 5.1521e-01,
        1.0130e-01, 7.5188e-02, 5.5412e-03, 1.1816e-01, 2.0248e-01, 1.1642e-02,
        8.0884e-02, 3.4544e-03, 4.6673e-03, 3.5117e-03, 1.4283e-02, 2.6691e-01,
        2.0544e-03, 1.2697e-02, 4.3991e-02, 3.3720e-02, 2.6937e-01, 4.5388e-03,
        7.3505e-02, 6.4418e-02, 1.9156e-02, 7.0438e-01, 2.1938e-02, 7.5168e-02,
        2.9149e-03, 2.5305e-03, 6.2255e-03, 2.6393e-02, 2.9412e-01, 7.6890e-03,
        2.8086e-03, 1.0599e-02, 3.2352e-02, 8.5015e-02, 8.5229e-03, 1.0831e-02,
        8.2889e-01, 1.1346e-01, 7.5687e-03, 1.6711e-02, 1.3378e-01, 8.5747e-02,
        1.3455e-01, 1.4041e-02, 1.0482e-01, 4.0512e-01, 7.6011e-03, 5.1472e-02,
        2.6130e-03, 6.1779e-03, 8.3472e-02, 5.0204e-03, 1.6102e-02, 9.8504e-02,
        3.0592e-01, 2.2808e-02, 1.2783e-03, 3.8981e-02, 1.0684e-03, 4.7522e-03,
        1.0139e-01, 2.0240e-02, 1.4350e-02, 3.9691e-02, 2.3485e-02, 1.1778e-01,
        2.2728e-02, 1.6177e-02, 1.8282e-01, 5.9620e-03, 6.7466e-03, 2.2104e-03,
        4.2306e-02, 5.8817e-03, 8.1855e-02, 3.9838e-01, 6.6755e-03, 3.6616e-02,
        2.1304e-03, 7.9761e-02, 5.1566e-01, 2.4692e-02, 5.5912e-02, 1.8928e-01,
        1.7718e-02, 2.9986e-02, 3.6311e-01, 6.9288e-02, 3.1685e-01, 6.3022e-03,
        1.8544e-02, 2.0106e-02, 2.7645e-01, 1.7040e-02, 2.0626e-01, 3.0044e-01,
        1.5917e-01, 2.3513e-01, 3.9803e-02, 8.6139e-04, 6.6749e-03, 4.7120e-02,
        3.4651e-02, 1.6205e-01, 2.2422e-03, 7.9805e-03, 7.9037e-02, 1.5648e-02,
        4.6978e-03, 1.7078e-01, 9.7683e-04, 3.1622e-02, 3.0570e-02, 3.9342e-02,
        1.8958e-01, 1.4244e-02, 2.7899e-02, 5.5171e-02, 2.8377e-01, 1.0076e-02,
        3.5725e-02, 1.6239e-03, 7.1255e-03, 6.0276e-02, 5.2028e-02, 9.6126e-02,
        2.3488e-02, 6.9473e-04, 6.4497e-03, 2.1278e-03, 6.2419e-02, 8.3304e-03,
        9.2090e-03, 3.8435e-01, 1.2028e-02, 1.6962e-02, 5.3265e-02, 3.0937e-02,
        1.0627e-01, 3.0138e-01, 2.6227e-01, 1.5865e-02, 1.9926e-01, 4.1748e-03,
        2.1151e-01, 7.6954e-03, 5.4098e-03, 2.1141e-01, 1.1812e-01, 9.8207e-03,
        1.3618e-02, 1.3638e-01, 3.4627e-02, 1.4220e-01, 1.1260e-02, 2.3060e-01,
        4.6159e-02, 1.8139e-02, 4.6027e-02, 4.7447e-03, 1.2744e-02, 1.8817e-01,
        6.7579e-03, 9.5705e-02, 1.7126e-03, 8.3636e-03, 6.7701e-02, 3.8863e-01,
        3.2635e-02, 5.8185e-03, 1.1597e-01, 7.8982e-02, 2.9588e-02, 4.5550e-02,
        2.0144e-02, 1.7158e-03, 9.5765e-02, 2.6829e-02, 3.4625e-02, 2.4567e-01,
        6.8706e-02, 2.0783e-01, 1.5642e-02, 1.0263e-01, 3.1087e-03, 1.3162e-03,
        3.6766e-03, 1.3573e-01, 1.1336e-02, 1.2461e-02, 5.2597e-01, 1.2581e-02,
        9.3742e-02, 8.3342e-02, 1.6597e-01, 4.0839e-02, 1.7581e-04, 6.9592e-03,
        1.9881e-01, 2.2398e-02, 2.9925e-03, 4.8623e-02, 3.2417e-02, 2.3220e-03]), 'model.features.5.2.block.1.1.num_batches_tracked': tensor(703214), 'model.features.5.2.block.2.fc1.weight': tensor([[[[ 0.0657]],

         [[-0.0347]],

         [[-0.0169]],

         ...,

         [[ 0.0211]],

         [[-0.0452]],

         [[ 0.0101]]],


        [[[ 0.0227]],

         [[ 0.2194]],

         [[-0.0202]],

         ...,

         [[ 0.0086]],

         [[ 0.1194]],

         [[ 0.0028]]],


        [[[ 0.0418]],

         [[-0.0404]],

         [[ 0.0078]],

         ...,

         [[ 0.0028]],

         [[-0.0458]],

         [[ 0.0871]]],


        ...,


        [[[ 0.0194]],

         [[ 0.0136]],

         [[ 0.0220]],

         ...,

         [[ 0.0751]],

         [[-0.0126]],

         [[-0.0181]]],


        [[[ 0.0065]],

         [[ 0.1058]],

         [[-0.0667]],

         ...,

         [[-0.1410]],

         [[-0.0776]],

         [[-0.0126]]],


        [[[ 0.0432]],

         [[ 0.1532]],

         [[ 0.0119]],

         ...,

         [[ 0.0169]],

         [[-0.0891]],

         [[ 0.0090]]]]), 'model.features.5.2.block.2.fc1.bias': tensor([0.5971, 0.9075, 0.4748, 0.7500, 0.5356, 0.5252, 0.8311, 0.4566, 0.4051,
        0.8115, 0.7509, 0.8990, 0.4009, 0.6593, 0.8506, 0.5930, 0.7703, 0.4918,
        1.0356, 0.6813, 1.6016, 0.7870, 1.2082, 0.4707, 0.2142, 1.1931, 0.6882,
        0.2890]), 'model.features.5.2.block.2.fc2.weight': tensor([[[[-0.1196]],

         [[-0.0115]],

         [[ 0.0120]],

         ...,

         [[ 0.0630]],

         [[ 0.0641]],

         [[ 0.1644]]],


        [[[-0.0929]],

         [[ 0.0231]],

         [[ 0.0332]],

         ...,

         [[-0.0466]],

         [[-0.1029]],

         [[-0.0267]]],


        [[[-0.0294]],

         [[-0.0525]],

         [[ 0.0193]],

         ...,

         [[ 0.1104]],

         [[ 0.1336]],

         [[-0.0556]]],


        ...,


        [[[-0.1322]],

         [[-0.0311]],

         [[ 0.0188]],

         ...,

         [[ 0.7397]],

         [[-0.0260]],

         [[-0.2208]]],


        [[[ 0.0890]],

         [[-0.2523]],

         [[ 0.0306]],

         ...,

         [[-0.0608]],

         [[-0.0295]],

         [[-0.1329]]],


        [[[-0.0246]],

         [[ 0.0395]],

         [[ 0.0531]],

         ...,

         [[-0.0207]],

         [[-0.0530]],

         [[-0.0437]]]]), 'model.features.5.2.block.2.fc2.bias': tensor([ 3.1117e-01, -3.6390e-01, -1.6333e-01,  9.0398e-01, -5.6902e-01,
        -1.3181e-01,  3.8440e-01,  3.7962e-01,  3.2831e-01, -1.5448e-01,
        -7.7910e-01, -1.2117e-01,  5.4633e-01, -8.3125e-01, -2.5749e-01,
        -1.6427e-01, -1.3024e+00, -1.5639e+00, -8.2742e-01, -2.3112e-01,
        -1.6047e+00, -1.1240e+00,  1.1388e-01,  4.2098e-01,  1.9059e-01,
        -1.7300e-01,  2.7578e-01, -8.2383e-02, -5.9448e-02, -3.3645e-01,
        -8.6787e-01, -2.3080e+00,  1.5434e+00, -4.9115e-01,  7.4523e-01,
        -2.0397e-01,  3.1439e-01, -2.8133e-01, -2.6769e-01, -1.8523e-01,
         2.0069e-01,  3.9659e-01, -4.8508e-01,  1.9819e-01,  2.8595e-01,
        -2.4463e-01,  2.2391e-02,  1.3596e-01, -2.7501e-01,  1.0168e-01,
        -5.7496e-01,  1.3414e-01,  8.5657e-01, -5.2898e-01, -3.1618e-01,
        -1.8756e+00,  4.4729e-01,  2.4133e-02, -1.4160e-01, -9.4246e-01,
        -2.1446e-01, -2.9323e-01, -5.6181e-02, -7.6305e-01, -3.0244e-01,
        -8.5310e-01, -4.8647e-03, -9.4564e-02, -1.3070e+00, -4.3438e-01,
         5.5621e-01, -5.4325e-04, -9.3070e-01,  6.5587e-01, -4.9199e-01,
        -7.4876e-01, -6.6980e-01, -1.0431e+00, -2.6802e-01, -3.0644e-01,
         4.0636e-01,  7.8958e-02,  1.2449e-01, -6.9129e-01,  7.4444e-01,
        -1.0888e+00, -1.3922e-01,  5.4338e-03, -1.8485e+00, -7.3055e-01,
         2.8053e-01, -1.5811e+00, -2.2041e-01,  5.3552e-01, -5.2439e-02,
        -5.8000e-01, -6.9639e-01, -1.3143e+00, -1.4203e+00, -4.4573e-01,
        -5.7259e-01,  4.0015e-01, -2.5519e-01,  5.6794e-01,  1.6615e-01,
        -8.5175e-01, -6.5952e-01, -2.6565e-01, -7.6537e-01, -1.1757e+00,
         7.7742e-01, -1.4012e+00, -8.9957e-01,  5.6189e-02,  1.2173e+00,
        -1.2259e+00, -1.5278e-01, -1.3160e+00, -1.8492e-01,  7.1981e-02,
        -8.7572e-01, -4.7841e-01, -8.2394e-01, -1.3727e+00, -2.5927e-01,
         2.7564e-01, -2.2243e-01, -8.2163e-01,  2.7398e-02, -6.5517e-01,
        -3.8263e-01, -1.5195e+00, -1.3209e-01,  4.2590e-01, -9.7473e-03,
        -1.7476e+00,  6.6460e-01,  5.5632e-01, -5.6506e-01, -2.1078e-01,
        -4.7425e-01,  4.4125e-01,  1.8930e-01, -1.7434e-02, -7.6427e-01,
         3.3717e-01, -3.1307e-01, -3.6897e-01, -9.0042e-01, -6.6194e-01,
        -1.5353e+00,  1.0733e-01, -1.9306e+00, -2.1228e-01,  1.2935e-01,
         1.4117e-01, -1.4900e+00, -3.9310e-01,  8.3506e-02,  2.0791e-01,
        -7.3024e-01, -4.8595e-01, -1.0444e+00, -1.8045e+00, -4.6932e-01,
         3.6810e-01, -2.5116e-01, -7.1878e-01,  6.4506e-02, -4.8868e-01,
         1.0597e-01, -3.0970e-01, -1.0715e+00, -2.5440e-01, -9.0371e-01,
         1.0820e-01,  1.4041e-01,  2.7060e-01, -1.2156e+00,  1.2517e-01,
        -3.9079e-01, -1.3001e-01,  1.2520e-01,  3.8652e-01, -3.7910e-01,
        -2.5957e+00,  4.8579e-01, -1.1191e-01, -2.3243e+00,  1.6719e-01,
        -2.7522e-01, -3.5019e-01, -7.2205e-01, -5.3344e-02, -1.3248e+00,
         3.1510e-01, -7.0317e-01, -4.3677e-03, -9.6361e-02,  2.2213e-01,
        -9.6811e-01, -3.6691e-01, -4.3268e-01, -3.9885e-02, -9.8365e-01,
        -4.9601e-01, -1.0027e+00,  8.0955e-01, -1.0737e-01, -5.3367e-01,
        -6.8700e-01, -2.2451e-01, -9.5312e-01, -4.6999e-02, -1.7140e+00,
        -1.1493e+00, -3.8431e-01,  2.8735e-01, -1.5243e+00, -2.7070e-01,
        -4.2244e-01,  3.2125e-01, -1.4023e+00,  3.8525e-03, -1.1482e+00,
        -4.9432e-01,  2.1458e-01,  1.7807e-01, -1.1872e-01, -1.0842e+00,
        -2.6072e-01,  3.8730e-01, -5.2222e-01, -5.9270e-01, -1.2972e-01,
         1.9309e-01,  3.7672e-01, -3.5498e-01, -1.2481e+00,  1.9673e-01,
        -2.9995e-01,  2.7031e-01,  1.6517e-01,  4.9873e-01, -1.0284e-01,
         1.7352e-01, -6.7955e-01, -7.2673e-01, -2.4641e-01, -1.4350e+00,
        -9.2053e-01, -2.9089e-01, -5.0601e-01, -1.9019e+00, -6.0747e-01,
         4.4881e-01,  2.2526e-01, -3.7423e-01, -1.4288e-01, -1.2292e+00,
         1.6745e-01,  8.3524e-02,  9.8427e-01, -1.6793e+00, -1.6323e+00,
        -1.9132e-01, -8.3654e-01, -1.8850e+00, -8.2418e-01, -1.0775e+00,
        -4.1303e-01,  2.4008e-03, -1.4656e-01, -7.3609e-01, -4.8969e-02,
        -3.1241e+00, -6.4370e-01, -9.4233e-01,  1.2267e-01,  3.2772e-01,
        -2.2036e-01,  2.8527e-01,  4.4040e-01,  4.7396e-01,  1.3579e-01,
         8.9294e-01, -1.3231e+00, -2.1300e+00,  4.7523e-02, -3.1790e-01,
        -1.8488e-01, -6.7340e-01, -9.5513e-01,  3.3055e-01, -1.4610e+00,
        -2.1022e+00,  7.9166e-02,  6.9157e-01,  1.3356e-01, -1.0087e+00,
        -3.0448e-01, -2.4395e+00,  1.4269e-01,  7.4419e-01,  5.0697e-01,
        -1.1757e+00,  1.2225e-01, -1.9548e+00,  2.3888e-01, -1.4325e+00,
        -1.0956e+00,  6.1856e-01, -7.3375e-01, -7.1893e-01, -4.1820e-01,
         2.0230e-02, -4.4214e-01, -1.0015e-01, -4.7459e-01, -5.1884e-01,
        -2.5565e-02,  1.1422e+00,  1.3730e-01, -5.1250e-01, -2.5766e-01,
         1.2807e-01, -6.6894e-01, -4.7972e-01, -2.8734e-01, -4.0457e-01,
        -1.0718e+00, -1.9798e+00, -1.7580e-02, -1.6340e-01, -3.5452e-01,
        -3.8459e-01, -4.0157e-01,  3.2315e-01,  3.0773e-01,  6.5331e-01,
         3.0385e-01,  5.2579e-03, -1.0735e+00, -6.6008e-01,  8.3381e-01,
        -1.4523e+00, -1.1793e-01,  4.0475e-01,  3.1284e-01, -1.1162e+00,
        -2.5493e-01, -1.9846e+00, -2.2726e+00, -3.3029e-01, -7.5271e-01,
        -7.7793e-01,  4.7253e-01, -1.9136e-01, -3.8479e-01, -2.6139e-01,
        -1.0404e-01, -2.0912e+00, -2.3763e-01, -1.0782e+00,  4.7016e-02,
        -8.7017e-01,  3.1843e-01,  2.3302e-01,  1.2526e-01, -2.7417e-02,
        -1.1584e+00,  2.0284e-01, -1.3829e+00,  2.3339e-01,  3.8523e-01,
        -1.1922e+00,  6.1177e-02,  8.2903e-03,  1.3599e-02,  5.5720e-01,
        -1.0771e+00, -8.3964e-01, -3.5107e-01, -7.0768e-01, -8.2478e-01,
        -1.5433e-01, -2.0037e-02,  4.4987e-01, -1.6206e+00, -1.2339e+00,
        -2.3217e+00,  2.4284e-01, -8.6153e-01,  2.8381e-01, -3.7910e-01,
         3.8635e-01,  5.1355e-01,  2.4285e-01, -9.1157e-01, -1.9464e-02,
        -2.2927e+00, -2.6830e-02, -1.2441e-01, -7.8345e-02, -1.4139e+00,
         3.3706e-01,  3.8719e-01, -2.0000e+00,  7.2294e-01,  3.4570e-01,
         1.1822e-02, -1.1815e-01, -1.0601e+00, -1.8681e+00,  9.2767e-03,
        -5.3811e-01, -1.0009e+00, -1.8254e-02,  5.1226e-01,  1.1434e-01,
        -7.1840e-01, -4.7090e-01, -1.0414e+00,  3.3718e-01, -1.1293e-01,
        -1.3843e+00,  4.3959e-02, -1.7118e-01,  4.5193e-01, -4.6376e-01,
        -1.6497e-01,  2.5944e-02, -2.5240e-01, -2.1221e+00, -1.2935e+00,
        -1.6557e-01, -3.9199e-01,  4.0944e-01,  3.4156e-01, -1.2971e+00,
         5.3391e-01, -6.4206e-02, -1.2726e+00, -5.0303e-01, -5.4598e-01,
         2.9901e-01,  2.8053e-01, -4.0691e-01, -2.8096e-01,  4.5223e-01,
        -7.4835e-01,  4.1286e-01, -3.8487e-01,  5.9123e-01, -1.6202e-01,
         3.7027e-02,  2.0057e-01, -4.6930e-01, -4.8364e-01, -4.1060e-01,
        -6.0555e-01, -5.6193e-01, -6.7930e-01, -1.1092e+00,  1.1146e-01,
        -7.0107e-01, -1.8988e-01, -7.3182e-02, -3.3133e-01, -3.7134e-01,
        -1.7902e+00, -4.1478e-01,  1.6761e-02, -6.9319e-01,  5.4508e-01,
        -1.4306e+00, -8.1234e-01, -4.7032e-01, -6.7907e-01, -3.1790e-01,
        -3.4155e-01, -8.0569e-03, -1.9558e+00, -1.2095e+00, -2.5348e-01,
        -3.8232e-01, -9.0876e-01,  9.3454e-02, -6.7422e-01,  8.1699e-02,
        -6.0617e-01, -4.5049e-01,  1.8928e-01, -1.0792e-01, -1.2798e+00,
        -4.7471e-01, -6.6567e-01,  1.6924e-01, -1.2058e+00, -8.5795e-01,
        -5.0306e-01,  3.4133e-01, -2.4731e-02, -4.5676e-01, -9.7694e-02,
        -2.1748e+00, -1.3115e-01, -7.5832e-01, -6.2492e-01,  5.4700e-02,
        -5.0534e-01, -6.0336e-01,  2.1114e-01,  4.9135e-01, -1.2095e-01,
         1.9974e-01, -9.8325e-01, -5.3789e-01,  2.7924e-01, -1.3445e+00,
        -7.6468e-01, -1.7202e-01, -9.7714e-01, -6.7274e-01, -1.6034e+00,
        -3.8244e-01, -2.4924e-01, -4.9674e-01, -2.1596e-01,  2.1855e-01,
        -3.8697e-01,  1.4001e-01, -1.8482e+00, -4.5591e-01, -1.6307e-01,
         3.4196e-01, -1.3726e+00, -3.7359e-01, -1.4251e+00,  7.5571e-02,
        -6.3674e-01, -4.6869e-01, -5.5659e-01,  2.2015e-01, -8.4713e-01,
        -7.9044e-01, -8.4575e-01,  5.1721e-01,  1.9458e-01, -7.9583e-01,
         4.3977e-01,  6.4817e-01,  6.0345e-03,  1.8925e-01, -4.8483e-01,
        -1.2666e+00,  5.7984e-02, -2.6412e-01, -5.2148e-01, -1.5473e+00,
         7.3471e-01, -5.1449e-01,  2.5296e-01, -4.2077e-01,  3.5836e-01,
         9.3497e-01, -2.0257e-01,  2.0890e-01,  2.3061e-01, -1.2570e-02,
         4.6751e-02, -8.5899e-01, -4.0314e-01, -1.5269e+00, -3.1770e-02,
        -4.9669e-01, -1.0068e+00, -3.4035e-01, -1.1501e+00,  3.8331e-01,
         6.5245e-02, -9.2060e-01,  3.0317e-01, -5.9434e-01,  3.4082e-01,
        -4.8908e-01, -6.9027e-01, -9.9229e-01,  2.5371e-01,  1.9332e-01,
         1.1465e-01,  1.9306e-01,  5.4085e-01, -1.2770e+00, -9.2144e-01,
         3.0664e-01, -1.6974e+00, -1.5050e-01, -4.0156e-01, -1.5831e+00,
        -2.7539e-01, -2.1652e+00, -3.6818e-01, -7.7807e-01, -3.8864e-01,
        -5.7556e-01, -1.0086e+00,  5.1196e-02, -4.6696e-01, -1.4708e+00,
        -7.8366e-01, -5.3314e-01, -1.4095e+00, -3.3570e-01, -8.3194e-01,
        -4.9964e-01, -2.8395e-01, -1.3298e-01, -5.4822e-01, -2.1022e-02,
        -2.2751e-01,  1.5709e-01, -1.5275e-02,  7.1016e-01, -5.2401e-01,
        -6.9587e-01,  8.7014e-02, -1.0324e+00, -3.6244e-01,  3.0993e-01,
        -1.1455e+00, -1.0135e+00, -1.4672e-01,  4.0621e-01, -1.1396e+00,
         1.4404e-01, -2.4920e-01, -1.6769e+00, -3.2451e-01, -5.6221e-01,
        -3.3148e-01,  4.2027e-01, -5.4921e-02, -8.9607e-01, -3.7241e-01,
        -3.7601e-01, -1.2081e+00, -1.4984e+00,  1.8600e-01, -2.0944e-01,
        -4.2066e-01,  6.5148e-01,  4.8297e-01, -7.0040e-01, -2.3206e-01,
        -8.8519e-01, -1.3308e+00,  4.6343e-01,  6.2464e-01, -3.6387e-01,
        -7.3299e-01,  3.3340e-01,  3.1262e-01,  5.8491e-02, -1.0514e+00,
         4.4429e-01, -4.7672e-01, -7.3936e-01, -9.8234e-01, -1.1618e+00,
        -1.4269e+00,  5.8651e-01]), 'model.features.5.2.block.3.0.weight': tensor([[[[-0.0406]],

         [[ 0.0039]],

         [[-0.1351]],

         ...,

         [[-0.0562]],

         [[ 0.0762]],

         [[-0.1012]]],


        [[[ 0.0667]],

         [[ 0.0931]],

         [[ 0.0235]],

         ...,

         [[ 0.1255]],

         [[-0.0468]],

         [[-0.0757]]],


        [[[ 0.0933]],

         [[ 0.0063]],

         [[-0.1377]],

         ...,

         [[-0.1318]],

         [[ 0.1660]],

         [[-0.0219]]],


        ...,


        [[[-0.0756]],

         [[-0.0624]],

         [[ 0.1070]],

         ...,

         [[ 0.0604]],

         [[-0.0410]],

         [[-0.0806]]],


        [[[ 0.1534]],

         [[-0.0086]],

         [[-0.0649]],

         ...,

         [[-0.0198]],

         [[ 0.0781]],

         [[ 0.0950]]],


        [[[-0.0355]],

         [[-0.0079]],

         [[ 0.0216]],

         ...,

         [[-0.0358]],

         [[-0.0191]],

         [[ 0.0917]]]]), 'model.features.5.2.block.3.1.weight': tensor([1.3452, 1.8410, 0.8778, 0.8562, 1.6521, 1.5502, 0.9374, 1.7009, 0.8743,
        1.4327, 1.2066, 2.3490, 2.6902, 0.7906, 1.9256, 1.0947, 2.1955, 2.6190,
        0.8585, 2.6977, 0.7451, 1.8300, 2.3693, 1.0326, 2.4332, 0.8138, 1.8042,
        1.6852, 1.2813, 1.6521, 1.6142, 1.7224, 1.1968, 1.0946, 1.5705, 1.5263,
        1.4323, 1.2855, 1.8412, 0.7905, 1.5913, 1.9607, 1.7278, 1.2599, 1.2595,
        1.5951, 1.0860, 2.2722, 1.6403, 1.7575, 1.0842, 2.1981, 2.3564, 0.8421,
        0.8790, 1.1229, 1.5870, 0.8884, 2.3331, 1.7360, 2.6301, 2.0439, 1.5424,
        0.7246, 2.4427, 0.4106, 1.0203, 2.2051, 2.3145, 1.1420, 0.7158, 2.4698,
        0.8821, 2.7261, 1.4161, 1.2151, 3.9586, 2.2437, 1.0547, 0.7198, 1.8536,
        1.8758, 2.0536, 2.4443, 3.6512, 1.6692, 2.9122, 0.9471, 2.2971, 1.6536,
        1.5083, 1.7211, 1.4683, 2.2923, 2.1609, 1.0585, 1.8747, 2.3245, 2.3787,
        1.9075, 1.4649, 0.8996, 0.6591, 0.8450, 2.0105, 2.0605, 2.0080, 1.3051,
        0.8689, 2.5459, 0.8472, 0.7584]), 'model.features.5.2.block.3.1.bias': tensor([-1.2131e-01,  2.3305e-01, -1.4161e-01, -3.9299e-02, -3.9531e-01,
        -3.7836e-01, -2.9336e-01,  2.0179e-01, -3.1867e-01,  2.3757e-01,
         2.2439e-01, -1.7117e-02,  2.4402e-01, -3.6240e-01, -3.0284e-01,
         6.8039e-01, -3.3903e-01,  7.8798e-01,  1.2058e-01,  7.0774e-01,
        -4.4378e-01,  2.2106e-01, -3.6038e-01,  3.4731e-02,  4.0333e-02,
         2.3411e-01,  3.4950e-01,  3.9221e-01,  1.3853e-01,  4.1698e-01,
        -1.4566e-01,  3.9540e-03,  6.1204e-01, -1.0559e-01, -2.0531e-01,
         3.0353e-02, -7.6566e-02, -1.7834e-01,  8.0503e-02, -3.9223e-01,
         6.8099e-03,  6.8263e-01,  1.0369e-01,  1.2837e-01, -6.6522e-02,
         2.1612e-01,  1.0389e-01, -1.0687e-01, -2.2137e-01,  1.2336e-01,
         3.6445e-01,  4.2015e-01, -3.6123e-01, -2.4097e-01, -8.5168e-03,
        -6.1888e-02, -1.6187e-01, -1.2175e-02,  8.8089e-03, -1.1974e-01,
         2.7575e-01,  4.7612e-01, -2.0612e-01, -1.8976e-01,  1.0754e+00,
        -3.4792e-01,  7.6372e-02,  1.6928e-01,  2.3626e-01,  1.8053e-02,
        -1.7730e-01, -4.9670e-01, -1.0120e-01,  1.1973e-01, -9.5571e-02,
        -2.9753e-01, -1.3509e+00,  8.1273e-01, -2.6668e-01, -2.4984e-01,
         4.2505e-02, -2.3536e-01,  1.3081e-02, -1.0371e-01,  2.1980e-01,
         1.4451e-01,  9.7058e-01,  1.5068e-01,  2.7363e-01, -2.8412e-02,
         2.5725e-01, -3.0838e-01, -4.0946e-01, -4.1738e-01,  4.6023e-01,
        -6.5622e-02, -9.0793e-02, -9.2721e-01, -6.3230e-01, -2.6148e-01,
        -2.3273e-01, -3.2758e-01,  8.5049e-02,  2.4876e-03, -1.2286e-03,
        -9.5961e-02, -2.2672e-01, -2.9185e-01,  1.0707e-01,  2.0972e-01,
        -4.9877e-01, -4.9660e-02]), 'model.features.5.2.block.3.1.running_mean': tensor([-0.2111, -0.0192,  0.0628, -0.1350, -0.1232, -0.1011,  0.2208,  0.1308,
         0.0101,  0.1404,  0.1267,  0.0018, -0.2997, -0.1913, -0.0758, -0.0841,
        -0.0249,  0.4359,  0.1317,  0.2924, -0.1933,  0.3018,  0.1392, -0.0166,
        -0.0334,  0.3673,  0.3898,  0.0273, -0.0187, -0.1597, -0.1706,  0.0513,
         0.0930,  0.0894, -0.1900, -0.0787, -0.0537, -0.2379, -0.0111, -0.0923,
         0.2800,  0.1525, -0.1094,  0.2110,  0.0980,  0.0146, -0.0379, -0.0273,
         0.2063,  0.0138,  0.1607,  0.0163, -0.1452,  0.0836, -0.0315, -0.0242,
        -0.1339, -0.0190,  0.1847,  0.0085, -0.1874,  0.0196,  0.1645,  0.0080,
         0.1549, -0.1565,  0.1303, -0.2394,  0.0375, -0.1365, -0.2138,  0.1725,
        -0.0389, -0.1785, -0.1202,  0.0236, -0.4160,  0.0226, -0.3585,  0.0232,
         0.0419, -0.0875,  0.2654, -0.0090, -0.1798, -0.3303,  0.2686, -0.0255,
         0.1481, -0.0730,  0.1329, -0.0048, -0.0666, -0.0836,  0.0170, -0.0133,
        -0.0842, -0.1498,  0.0720,  0.1162, -0.1747, -0.0040, -0.0862,  0.1428,
         0.0014, -0.0532, -0.2354,  0.0833,  0.0523, -0.2049, -0.2836, -0.0177]), 'model.features.5.2.block.3.1.running_var': tensor([0.1680, 0.2055, 0.1313, 0.1702, 0.2948, 0.1678, 0.1672, 0.1989, 0.1943,
        0.2275, 0.2345, 0.1994, 0.3258, 0.2669, 0.1396, 0.2706, 0.2664, 0.2430,
        0.1807, 0.4552, 0.1542, 0.2846, 0.2769, 0.1765, 0.3487, 0.2367, 0.1374,
        0.2400, 0.2601, 0.1615, 0.2319, 0.1859, 0.1439, 0.1694, 0.1910, 0.2047,
        0.3125, 0.2250, 0.1805, 0.2338, 0.1754, 0.3367, 0.2024, 0.2436, 0.3272,
        0.1099, 0.2500, 0.2999, 0.2507, 0.2546, 0.1763, 0.3664, 0.2386, 0.2168,
        0.1643, 0.2677, 0.3068, 0.1517, 0.3583, 0.2291, 0.3025, 0.3257, 0.1793,
        0.1933, 0.3678, 0.1391, 0.1349, 0.2852, 0.1986, 0.2092, 0.1165, 0.2897,
        0.2397, 0.4894, 0.2555, 0.1199, 0.7600, 0.2943, 0.1411, 0.1790, 0.1623,
        0.1952, 0.2662, 0.2527, 0.9206, 0.2457, 0.5044, 0.1830, 0.2660, 0.3118,
        0.1657, 0.3497, 0.1907, 0.2483, 0.2363, 0.2994, 0.1539, 0.2277, 0.2969,
        0.1784, 0.2154, 0.2528, 0.3594, 0.1330, 0.2113, 0.1784, 0.1502, 0.2440,
        0.1593, 0.2848, 0.1839, 0.2070]), 'model.features.5.2.block.3.1.num_batches_tracked': tensor(703214), 'model.features.6.0.block.0.0.weight': tensor([[[[-3.5958e-04]],

         [[ 2.0501e-01]],

         [[-4.8389e-02]],

         ...,

         [[ 7.1254e-02]],

         [[ 9.8073e-02]],

         [[-1.7018e-01]]],


        [[[-3.1825e-02]],

         [[-7.3944e-02]],

         [[ 7.0965e-02]],

         ...,

         [[ 5.5811e-03]],

         [[-3.2699e-02]],

         [[ 2.2294e-02]]],


        [[[-5.1779e-03]],

         [[-1.8521e-01]],

         [[ 1.5884e-02]],

         ...,

         [[ 1.1454e-01]],

         [[-1.4586e-01]],

         [[-2.2784e-01]]],


        ...,


        [[[ 6.2700e-02]],

         [[ 7.7662e-02]],

         [[-2.7083e-01]],

         ...,

         [[-2.9949e-02]],

         [[ 1.7532e-01]],

         [[ 6.2443e-02]]],


        [[[-3.6129e-02]],

         [[-1.2050e-01]],

         [[-1.3068e-01]],

         ...,

         [[-6.6806e-02]],

         [[-1.7795e-01]],

         [[-3.9415e-01]]],


        [[[-9.7747e-02]],

         [[-4.1530e-03]],

         [[ 8.8069e-03]],

         ...,

         [[-1.8925e-01]],

         [[-5.2051e-02]],

         [[ 1.3692e-01]]]]), 'model.features.6.0.block.0.1.weight': tensor([ 0.7664,  0.4277,  2.4154,  0.9091,  0.8915,  1.4484,  0.8064,  0.5915,
         0.9375, -0.1128,  1.0996,  1.0261,  1.2366,  0.7957,  0.8447,  0.7542,
         0.9000,  0.7635,  1.6902,  0.6268,  0.7815,  1.9776,  0.6873,  0.7310,
         1.9094,  0.8119,  1.1628, -0.5353,  1.4423,  0.8695,  1.0010,  1.0905,
         0.7784,  0.9071,  1.7319,  0.7437,  0.8337,  0.7600,  0.6901,  0.7177,
         0.7490,  1.2965,  0.9384,  0.9592,  0.7590,  1.3521,  0.7995,  0.8115,
         2.5166,  0.6302,  0.8054,  0.7842,  0.7341,  1.3787,  0.3669,  0.6639,
         0.7918,  0.7420,  0.5912,  0.6575,  1.7512,  0.6985,  0.5871,  0.6659,
         0.8023,  2.0787,  0.8210,  0.9355,  1.1111,  0.0472,  0.6964,  1.3647,
         1.4884,  0.8904,  0.1908,  0.9764,  0.8763,  0.5701,  0.7395,  0.7811,
         0.8036,  1.1052,  0.7639,  0.7782, -0.0301,  1.4897,  0.7956,  0.7322,
         0.7488,  0.7396,  0.9865,  0.7428,  0.4048,  0.9079,  0.7195,  2.1178,
         0.9843,  0.9908,  0.8116,  0.6465,  0.8200,  0.9329,  0.8249,  0.6967,
         0.0529,  0.8430,  0.8271,  0.9837,  0.7651,  0.8636,  0.6840,  0.7835,
         0.6510,  0.8271,  1.2423,  0.8741,  0.6590,  1.2091,  0.8464,  0.8163,
         0.7385,  1.0644,  2.5965,  1.3578,  0.7807,  1.3126,  0.9161,  0.6578,
         0.6392,  0.7506, -0.0825,  1.0446,  0.9224,  0.8488,  1.3510,  1.2580,
         0.9517,  0.8770,  1.2956,  1.7365,  1.1985,  1.2594,  1.4133,  1.0298,
         0.8801,  0.7226,  0.9230,  0.4575,  0.5534,  0.7192,  0.7436,  0.9225,
         0.9723,  1.0220,  1.0745, -0.3472,  0.9023,  1.3953,  0.7396,  0.7760,
         0.6963,  0.7748,  0.7487,  1.1889,  1.5547,  1.1107,  0.6425,  0.9252,
         0.6608,  0.8354,  0.5944,  0.6531,  1.5653,  0.7607,  0.8116,  0.9206,
         0.6516,  1.7029, -0.0679,  0.7480,  0.5108,  3.4294,  0.9675,  0.7527,
         0.0406,  0.6974,  0.7738,  0.8194,  1.2354,  0.8767,  1.1399,  0.9247,
         0.8122,  1.1677,  0.7052,  0.8416,  2.8731,  2.0111,  1.9810,  1.5456,
         0.6871,  0.7924,  0.9319,  0.7091,  0.6209,  0.5650,  1.0574,  0.9260,
         1.2410,  0.7797,  0.7469,  0.8582,  0.7817,  0.8053,  0.7631,  1.0803,
         0.7810,  1.0787,  1.7342,  0.7276,  2.2359,  1.3752,  0.9873,  0.5797,
         0.6331,  0.5711,  0.8986,  1.5740,  0.7439,  1.5164,  0.7995,  0.6878,
         1.1443,  0.9828,  1.0774,  0.7166,  1.3225,  0.7318,  0.7441,  0.8464,
         0.9920,  1.4452,  1.3877,  1.0595,  0.7985,  1.1569,  0.8877,  0.7559,
         0.8230,  4.7635,  0.8520,  0.7899,  0.9635,  1.9103,  0.8776,  0.4497,
         0.6429,  0.8330,  0.8020,  0.7667,  1.4137,  0.7573,  2.6297,  1.2238,
         1.4468,  1.0343,  0.7611,  1.1283,  2.4459,  0.9456,  0.7360,  0.7178,
         1.9545,  1.0612,  0.6025,  0.0784,  1.2797,  0.8033,  0.6700,  1.3103,
         1.0952,  1.0482,  1.9365,  0.5826,  1.7499,  1.0716,  1.3561,  0.1928,
         2.2778,  0.8956,  0.7658,  0.0498,  0.5690,  0.0610,  0.7353,  0.8458,
         0.7759,  0.9286,  1.0528,  0.8009,  1.0821,  3.1431,  0.5548,  2.1248,
         0.6922,  0.9254,  2.2184,  0.7777,  0.7988,  0.6614,  0.6077,  1.8053,
        -0.0742,  0.8222, -0.6653,  1.2723,  1.5437,  1.7292,  0.6551,  0.7491,
         1.2175,  0.8787,  0.5667,  1.1491,  1.5272,  1.1228,  3.1007,  0.8570,
         0.8521,  0.7410,  0.5016,  0.8701,  0.9931,  0.7077, -0.7134,  0.9914,
         0.7450,  0.6647,  0.5783,  0.9083,  1.2950,  1.3535,  0.8766,  0.6958,
         0.8691,  0.7243,  0.8441,  0.6604, -0.8558,  0.7674,  0.5965,  0.4441,
         2.1410,  0.8504,  0.9263,  0.7588,  0.9557,  0.2606,  1.0782,  0.6203,
         0.8828,  1.0057,  0.7984,  0.6700,  2.4723, -0.6495,  0.8534,  0.8909,
         0.2320,  0.8772,  0.9000,  0.6494,  0.0599,  0.9647,  0.6187,  1.1092,
         1.0312,  0.6864,  0.7339,  0.7831,  0.8263,  0.9271,  0.8301,  1.1510,
         0.7982,  0.8537,  0.7476,  0.8128,  0.6722,  0.6654,  3.0713,  0.6601,
        -0.5361, -0.0497,  0.7088,  0.9159,  0.6679,  0.6337,  0.8129,  0.7264,
         0.7762,  0.9241,  0.9068,  1.6920,  0.6601, -0.5306,  0.5204,  1.0921,
         1.0731,  2.2777,  1.1659,  0.4665,  1.2304,  1.2375,  0.8440,  0.1412,
         0.5260,  0.7083,  0.7290,  0.8127,  0.6041,  0.8045,  0.6098,  0.9007,
         0.8854,  0.6203,  1.7209,  1.6173,  1.0672,  0.9591,  0.8677,  0.7624,
        -0.0678,  2.2616,  0.2197,  0.7672,  0.8966,  1.8606,  1.6776,  1.1008,
         0.7312,  0.9765,  0.6245,  0.8635,  0.3597,  0.7546,  0.6179,  0.7722,
         0.0471,  0.9880,  0.7584,  0.8177,  0.6541,  0.7997,  0.8699,  0.8692,
         0.1522,  1.6350,  0.7019,  0.7864,  0.0458, -0.0670,  0.8077,  0.7673,
         0.7057,  1.0422,  0.8914,  1.0381,  1.1863,  0.5910, -0.0433,  0.0580,
         0.5561,  0.2667,  0.7401,  0.7381,  0.7026,  0.6902,  1.1469,  2.2914,
         0.0365,  0.5427,  1.3017,  0.6189,  0.6878,  0.7018,  0.8745,  0.9836,
         0.9788,  1.3358,  0.7980,  0.7874,  0.6795,  0.6772,  1.2553,  0.0518,
         1.0746,  1.4462,  0.5411,  1.1617,  1.1869,  0.3402,  0.8386,  0.7612,
         0.7689,  0.8878,  1.2575,  0.7727,  1.2749,  1.6674,  0.9607,  0.8147,
         0.8228,  0.7938,  0.7136,  1.6725,  1.0678,  1.0126, -0.6276,  1.0656,
         0.9081,  0.6761,  0.7501,  0.5368,  0.9181,  0.8930,  0.7856,  1.2689,
         0.8923,  1.0006,  1.4448,  1.2841,  0.8336,  0.8540,  0.9393,  0.9493,
         0.7654,  2.6870,  0.7513,  0.7234,  1.1288,  1.3306,  1.1386,  0.7906,
         0.7702,  1.4960, -0.0279,  0.7384,  0.7697,  0.8346,  0.7110,  0.7954,
         0.8263,  0.8541,  0.9544,  0.1604,  0.7977,  0.1505,  0.9284,  0.6505,
         0.9098,  0.8990,  1.0890,  0.7226,  0.6750,  0.5906,  0.6239,  0.8612,
         1.2192,  0.8491,  0.0355,  1.0162,  0.8317,  0.7657,  0.7325,  0.0783,
         0.9917,  1.0385,  0.0245,  0.6911,  0.7394,  0.6703,  0.7137,  0.9664,
         0.9775,  1.0742,  0.9392,  0.7364,  0.8799,  0.7133,  1.0345,  0.2352,
         0.7585,  0.8791,  1.1126,  0.4929,  1.1560,  1.3642,  0.7100,  1.9020,
         0.7664,  0.8266,  0.9242,  0.9826,  0.7525,  0.7290,  0.6508,  1.6286,
         0.7666,  2.0060, -0.0569,  0.6365,  0.7544,  0.7397,  0.6794,  0.9786,
         0.6615,  0.8698,  0.7945,  0.8726,  0.6069,  2.0714,  1.2875,  1.4006,
         0.8857,  1.2608,  1.0041,  0.7090,  0.8425,  0.8349,  1.3817,  0.7031,
         1.2948,  0.9097,  2.8915,  1.1428,  0.6751,  0.8251,  0.8541,  0.6150,
         0.9272,  0.8360,  1.1438,  0.8206,  1.4991,  1.1855,  0.8589,  0.9740,
         0.7886,  0.6426,  0.8003,  0.1096,  1.1446,  1.0552,  0.8920,  0.1970,
         0.9515,  1.4381,  0.7289,  0.7901,  1.2974,  0.1163,  0.6357,  1.0375,
         1.0268,  0.8072,  1.4444,  0.8105,  0.7818,  1.1129,  0.6562,  0.9681]), 'model.features.6.0.block.0.1.bias': tensor([-1.1598e+00, -4.3714e-02,  7.7945e-01, -1.7911e+00, -1.6337e+00,
        -8.8231e-01, -1.4151e+00,  6.7519e-01, -1.8666e+00,  4.0581e-02,
        -1.5928e+00, -9.4723e-01, -1.7740e+00, -1.3291e+00, -1.3348e+00,
        -1.5249e+00,  1.1514e-01, -1.4435e+00, -1.4428e-02, -1.3099e+00,
        -1.2718e+00,  5.7891e-01, -1.3770e+00, -1.1920e+00, -9.7030e-01,
        -1.1977e+00, -6.1653e-01, -7.2047e-01, -2.4432e+00, -1.3965e+00,
        -1.4487e+00, -1.7710e+00, -1.6811e+00, -1.8102e+00,  5.8890e-01,
        -1.4595e+00, -1.9990e+00, -1.1461e+00, -1.3358e+00, -1.0044e+00,
        -7.3587e-01, -3.2588e+00, -1.6645e+00, -1.5531e+00, -1.5382e+00,
        -1.4348e+00, -1.5947e+00, -1.3052e+00, -6.5764e-01, -1.4465e+00,
        -1.7093e+00, -1.4095e+00, -1.1469e+00, -1.1577e+00,  1.3308e-01,
        -1.2684e+00, -1.7559e+00, -1.2007e+00, -1.4041e+00, -1.4659e+00,
        -9.1827e-01, -1.3407e+00, -1.2756e+00, -1.4012e+00, -1.7430e+00,
        -1.1363e+00, -1.1414e+00, -4.4719e-01, -1.9303e+00,  1.0596e-02,
        -1.4545e+00,  2.6245e-01, -2.9330e+00, -1.4968e+00,  2.0897e-01,
        -1.5489e+00, -6.4452e-01, -1.2890e+00, -1.8101e+00, -4.8083e-01,
        -1.0803e+00, -1.1052e+00, -1.1743e+00, -1.2602e+00, -3.2120e-02,
        -1.4037e+00, -1.4321e+00, -1.1371e+00, -1.1216e+00, -1.5544e+00,
        -1.5011e+00, -1.1862e+00,  1.8791e+00, -1.8733e+00, -1.2770e+00,
         1.4895e-01, -9.1935e-01, -1.4582e+00, -1.1688e+00, -1.3372e+00,
        -1.4681e+00, -2.0215e+00, -1.5740e+00, -1.2723e+00,  4.2374e-03,
        -1.4152e+00, -1.1021e+00, -1.7954e+00, -9.7997e-01, -1.5381e+00,
        -1.4419e+00, -7.9997e-01, -1.3963e+00, -1.6769e+00, -9.9650e-01,
        -1.8743e+00, -1.2597e+00, -1.1231e+00, -1.3585e+00, -1.4661e+00,
        -1.5062e+00, -4.2111e-01,  2.5499e-01, -1.1703e+00, -1.3239e+00,
        -1.4831e+00, -1.5806e+00, -1.5649e+00, -1.3139e+00,  1.3294e+00,
         6.6594e-02, -1.1726e+00, -1.6878e+00, -1.6641e+00,  1.4156e-01,
        -1.2905e+00, -1.5763e+00, -8.7645e-01, -1.2880e+00, -9.2903e-01,
        -1.4025e+00, -2.3230e+00, -5.9303e-01,  9.8034e-01, -5.5096e-01,
        -1.4191e+00, -1.5399e+00, -9.7761e-02, -1.3888e+00, -1.2451e+00,
        -1.3404e+00, -1.7680e+00, -1.4139e+00,  9.5752e-01,  2.9512e-02,
        -2.1931e-01, -1.7934e+00, -8.7159e-01, -1.5091e+00, -1.3001e+00,
        -1.3152e+00, -1.5861e+00, -1.6780e+00, -1.8833e+00, -7.9150e-01,
        -1.7813e+00, -1.2234e+00, -1.7224e+00, -1.1770e+00, -1.6425e+00,
        -1.4310e+00, -1.5661e+00,  8.3246e-01,  1.2363e+00, -6.8363e-01,
        -1.4561e+00, -7.8020e-01,  2.0166e+00,  2.3476e-02, -1.4308e+00,
        -9.0759e-02, -6.0231e-01, -1.6144e+00, -1.5413e+00,  2.4024e-02,
        -1.4928e+00, -1.1544e+00, -1.4554e+00, -1.2210e+00, -7.1066e-01,
        -1.4348e+00, -2.1262e+00, -1.4332e+00, -2.5869e+00, -1.3861e+00,
        -1.3843e+00, -1.8732e-01,  1.4489e-01, -8.4438e-01, -9.2003e-01,
        -1.4243e+00, -1.3968e+00, -1.0049e+00,  1.9977e+00, -1.3761e+00,
        -1.3308e+00, -1.7412e+00, -1.8087e+00,  2.5117e-01, -8.2881e-01,
        -1.3364e+00, -1.1012e+00, -1.4673e+00, -1.4234e+00, -1.5752e+00,
         1.2570e+00, -1.7536e+00,  1.7139e-01, -6.1629e-02, -1.0107e+00,
        -6.8242e-01,  1.3748e-02, -8.6133e-01, -1.4299e+00, -1.2296e+00,
        -1.3265e+00, -1.6038e+00, -5.0505e-01, -1.4355e+00, -5.3834e-01,
        -1.8745e+00, -1.4908e+00, -3.5671e-01, -1.3288e+00, -1.9302e+00,
        -9.9322e-01, -1.7776e+00, -1.6935e+00, -1.2915e+00, -1.1205e+00,
        -1.3954e+00, -1.7287e+00,  5.0484e-01, -7.4414e-01, -1.2356e+00,
        -1.5037e+00, -8.2700e-01, -1.3546e+00, -1.4360e+00, -1.3477e+00,
        -1.1159e+00, -1.3431e+00, -1.8147e+00,  5.7731e-02, -1.5664e+00,
        -2.8991e-01, -1.4752e+00, -1.3316e+00, -1.4617e+00, -1.1862e+00,
         7.6750e-01, -1.9239e+00, -2.2459e-01, -1.2623e+00, -8.2455e-01,
        -2.4496e+00, -1.2769e+00, -4.8626e-01, -6.0014e-01, -1.6663e+00,
        -1.3110e+00, -1.4092e+00, -9.7688e-02, -1.5849e+00, -1.5548e+00,
        -1.5381e-02, -1.4014e+00, -1.3679e+00, -1.2144e+00,  1.2117e-03,
        -1.9496e+00, -2.1254e+00, -3.4149e-01, -1.3268e+00,  4.9215e-01,
        -1.4655e+00, -1.1284e+00, -1.2602e-02,  4.3534e-01, -2.3980e+00,
        -1.6271e+00,  8.8396e-03, -1.3309e+00,  3.2334e-02, -1.3427e+00,
        -1.3629e+00, -1.3271e+00, -1.5241e+00, -1.4360e+00, -1.4875e+00,
        -1.9886e+00, -6.0549e-01,  2.5593e-01, -1.0319e+00, -1.6022e+00,
        -3.1995e-01, -3.2061e-01, -1.3623e+00, -1.6530e+00, -1.4285e+00,
        -1.0381e+00, -7.6267e-01, -1.9777e-02, -1.3885e+00, -1.0030e+00,
        -7.7829e-01,  2.4685e-01, -7.4659e-01, -1.3031e+00, -1.2289e+00,
        -1.1249e+00, -1.3792e+00, -1.2123e+00, -1.8887e+00, -1.3050e+00,
        -2.0554e+00,  1.0826e-01, -1.2378e+00, -1.7920e+00, -1.5331e+00,
        -1.0080e+00, -1.1020e+00, -2.1544e+00, -1.4697e+00, -8.7916e-01,
        -1.2177e-01, -1.3991e+00, -1.1402e+00, -9.2469e-01, -1.5683e+00,
        -1.9931e+00,  3.5587e-01, -1.8267e+00, -1.5430e+00, -1.7268e+00,
        -1.7696e+00, -1.5991e+00, -1.2560e+00, -7.4782e-01, -1.4867e+00,
        -1.1335e+00,  1.2419e+00, -4.3174e-01, -1.3800e+00, -1.8035e+00,
        -1.8278e+00, -1.5859e+00,  2.7155e-01, -1.4937e+00, -1.1973e+00,
        -1.3692e+00, -1.7571e+00, -1.1729e+00,  1.4132e+00, -1.0576e+00,
        -6.9301e-01, -1.1889e+00, -1.2131e+00, -4.1825e-02, -1.7925e+00,
        -9.3079e-01, -1.4829e+00,  6.1313e-02, -1.3664e+00, -1.1485e+00,
        -1.2611e+00, -1.2302e+00, -1.3635e+00, -1.2014e+00, -1.5459e+00,
        -1.9521e+00, -1.0228e+00, -1.6797e+00, -1.3340e+00, -1.0561e+00,
        -1.3626e+00, -1.4658e+00, -1.5320e+00, -1.2174e+00, -1.4740e+00,
        -2.9675e-01, -1.4569e+00, -5.1135e-01, -1.6193e-02, -2.2530e+00,
        -1.5698e+00, -1.4699e+00, -1.2640e+00, -1.5384e+00,  4.9961e-01,
        -1.8839e+00, -1.2295e+00, -1.0488e+00, -9.9402e-01, -1.4130e+00,
        -9.8673e-01, -1.1067e+00, -6.4757e-01, -1.3775e+00, -4.7699e-01,
        -6.0744e-01, -1.0180e+00, -2.9113e+00, -1.3755e+00, -1.5082e+00,
        -1.8000e-03, -9.7378e-02, -1.6749e+00, -1.1757e+00, -1.4911e+00,
        -1.2065e+00, -1.5457e+00,  1.7667e+00, -1.1928e+00, -1.4790e+00,
        -1.3978e+00, -3.5281e-01,  1.7192e-02, -1.4506e+00,  1.2439e+00,
        -1.3715e+00, -1.4697e+00,  1.4584e-02, -5.8014e-01,  1.0741e-01,
        -1.3921e+00, -1.7358e+00, -8.7583e-01,  4.2598e-01, -9.5446e-01,
        -1.5435e+00, -1.6060e+00, -1.0739e+00, -1.5024e+00,  1.2915e-01,
        -1.1299e+00, -2.7849e-01, -1.4400e+00,  2.6475e-02,  6.3570e-01,
        -1.2335e+00, -1.4124e+00, -1.3568e+00, -1.1439e+00, -1.4971e+00,
        -1.6805e+00,  9.1699e-02, -1.7457e+00, -1.4661e+00, -1.3568e+00,
         6.1919e-03,  1.6356e-02, -1.7462e+00, -1.1665e+00, -1.6513e+00,
        -1.5199e+00, -1.6166e+00, -1.0824e+00, -1.3844e+00, -1.2777e+00,
         6.5299e-02,  3.1620e-03, -7.6405e-01,  2.4742e-01, -1.4226e+00,
        -1.0582e+00, -3.1645e-01, -1.5472e+00, -1.3322e+00,  2.5037e-01,
         1.4047e-02, -1.0507e-01, -1.3467e+00, -1.2945e+00, -1.5150e+00,
        -1.6526e+00, -1.4087e+00, -1.7052e+00, -1.5765e+00, -1.8673e+00,
        -9.4442e-01, -1.4033e+00, -1.5940e+00, -1.5639e+00,  4.6367e-01,
         6.0258e-03, -1.7349e+00, -4.9332e-01, -1.2028e+00, -1.9449e+00,
        -1.9851e+00, -5.7238e-02, -2.0266e+00, -1.2840e+00, -1.3515e+00,
        -1.7500e+00, -1.9034e+00, -1.4170e+00,  1.2902e+00, -6.6684e-02,
        -1.4167e+00, -1.2865e+00, -1.6170e+00, -1.3095e+00, -1.4463e+00,
        -1.4273e+00, -2.1320e+00, -1.5927e+00, -1.5430e+00,  1.6660e+00,
        -1.4446e+00, -5.3114e-01, -1.5373e+00,  1.5689e-01, -1.5115e+00,
        -1.8459e+00, -1.4108e+00, -1.5562e+00, -3.1145e-01,  1.9504e+00,
        -7.3849e-01, -4.7727e-01, -1.8995e+00, -8.0883e-01, -8.9370e-01,
        -1.7804e+00, -1.2748e+00, -1.2700e+00, -1.4342e+00, -1.1984e+00,
        -1.9086e+00, -1.6438e+00, -1.7836e+00, -1.4300e+00, -1.2884e+00,
        -1.9363e+00,  5.5623e-02, -1.7862e+00, -1.3881e+00, -1.5795e+00,
         1.2028e-01, -1.6838e+00, -1.1347e+00, -1.4295e+00, -1.8238e+00,
         4.9012e-01, -1.2372e+00,  1.4892e-01, -1.4716e+00, -1.4752e+00,
        -1.6843e+00, -1.3245e+00, -1.7858e+00, -1.6021e+00, -1.5254e+00,
        -1.1166e+00, -1.1956e+00, -1.2837e+00,  1.0803e+00, -1.4861e+00,
        -3.8722e-02, -1.1925e+00, -1.7690e+00, -1.6705e+00, -1.5999e+00,
        -3.2391e-02, -6.7449e-01, -6.9899e-01,  3.4196e-02, -1.3544e+00,
        -1.2330e+00, -1.2003e+00, -1.1926e+00, -1.6537e+00, -1.5245e+00,
        -4.9907e-01, -9.8631e-01, -1.4771e+00, -1.3343e+00, -1.1345e+00,
        -1.0027e+00,  4.3937e+00, -1.3522e+00, -1.6100e+00, -1.3204e+00,
         1.5740e+00, -1.7522e+00,  3.5997e-01, -1.4596e+00, -6.1042e-01,
        -1.4500e+00, -1.5290e+00, -2.1433e+00, -1.4577e+00, -1.5681e+00,
        -1.5742e+00, -1.5977e+00, -1.1516e+00, -1.4123e+00, -3.0967e-01,
         2.8150e-02, -1.3080e+00, -1.8552e+00, -1.7020e+00, -1.3050e+00,
        -1.3408e+00, -1.5188e+00, -1.6837e+00, -1.3666e+00, -1.5921e+00,
        -4.7874e-01,  5.4191e-01, -1.6929e+00, -1.9175e-01, -1.4829e+00,
        -1.2466e+00, -1.3992e+00, -1.3935e+00, -1.4172e+00, -2.0519e+00,
        -3.2154e-01, -1.4570e+00,  7.1504e-01, -5.8076e-01, -1.0675e+00,
        -1.3922e+00, -1.5950e+00, -1.0595e+00, -1.0702e+00,  4.5758e-01,
        -3.6327e-01, -1.2558e+00, -1.9065e+00,  3.9898e-01, -1.0577e+00,
        -1.8026e+00, -1.5733e+00, -1.9263e+00, -1.5192e+00, -1.3213e+00,
        -1.7166e+00,  4.8074e-02, -1.0150e+00, -9.7107e-01,  1.1944e+00,
         1.1067e+00, -1.6109e+00, -1.3390e+00, -1.4238e+00, -1.4355e+00,
         4.6481e-01,  1.9615e-01,  5.4000e-01, -1.4878e+00, -1.6024e+00,
        -1.3664e+00,  1.3299e+00, -1.5160e+00, -1.4156e+00, -6.5431e-01,
        -1.1314e+00, -1.4628e+00]), 'model.features.6.0.block.0.1.running_mean': tensor([-7.5424e-01, -6.1276e-01,  4.8034e-01, -1.0829e+00, -1.4202e+00,
        -5.0750e-01, -7.5548e-01, -3.8215e-02, -1.9402e+00, -5.5630e-01,
        -1.2259e+00, -1.0086e+00, -1.1765e+00, -8.5164e-01, -7.9441e-02,
        -3.9018e-01,  9.8279e-01, -9.2838e-01, -1.3359e+00, -2.1600e+00,
        -1.0691e+00,  3.1597e-01, -8.5252e-01, -9.2607e-01, -3.6658e-02,
        -4.7548e-01, -1.0180e+00,  1.6617e-01, -2.5645e+00, -1.1080e+00,
        -4.0416e-01, -1.5697e+00, -1.2162e+00, -5.4294e-01, -9.8205e-01,
        -6.5559e-01, -1.1544e+00, -5.1975e-01, -8.9267e-01, -2.0635e-01,
         4.3183e-02, -3.2956e+00, -2.2731e+00, -2.2988e+00, -1.7041e+00,
        -1.0846e+00, -4.2476e-01, -9.6584e-01, -2.7306e-01, -8.4333e-01,
        -1.5826e+00, -5.2439e-01, -1.2085e+00, -9.4055e-01, -7.5714e-01,
        -1.6699e+00, -1.6661e-01, -5.3262e-01, -6.5076e-01, -6.1289e-01,
        -6.6945e-01, -1.0616e+00, -7.8833e-01, -8.6642e-01, -8.0383e-01,
        -1.4080e+00, -8.0202e-01, -1.4715e+00, -2.4200e+00, -3.0623e-01,
        -1.7560e+00,  2.3902e-01, -3.1796e+00, -1.1458e+00,  6.3607e-01,
        -2.2310e+00, -1.2337e+00, -1.9550e+00, -8.6852e-01, -8.9283e-01,
        -7.9252e-01, -1.2865e+00, -1.0109e+00, -9.6654e-01,  2.7987e-02,
        -1.7810e-01, -6.3940e-01, -1.0495e+00, -9.6907e-01, -1.9780e+00,
        -3.8781e-01,  1.9471e-01, -6.5390e-01, -1.7933e+00, -6.3026e-01,
         3.0360e-01, -9.9654e-01, -5.5419e-01,  1.0876e-01, -1.0344e+00,
        -2.1632e+00, -2.0602e+00, -8.0645e-01, -8.5983e-01,  5.1539e-01,
        -3.9348e-01, -6.3389e-01, -1.6352e+00, -3.4456e-01, -9.5130e-01,
        -3.4920e-01, -1.7722e+00, -1.5859e+00, -2.3091e+00, -3.6694e-01,
        -1.4903e+00, -8.8175e-01, -8.5280e-01, -2.0094e+00, -5.5641e-01,
        -1.3936e+00, -7.6817e-01, -9.3028e-01, -1.5714e-01, -7.6078e-01,
        -1.9007e+00, -1.9308e+00, -5.7334e-01, -1.1674e+00, -5.0955e-01,
        -6.1226e-01, -3.2825e-01, -1.2845e+00, -1.3268e+00, -5.1218e-01,
        -1.1632e+00, -1.6515e+00, -4.2123e-01, -3.7989e-01, -4.7533e-01,
        -3.9177e-01, -2.0915e+00, -3.8449e-01, -1.5951e-01, -1.2136e+00,
        -1.5148e+00, -1.1292e+00, -3.6894e-01, -8.2263e-01, -8.4652e-01,
        -1.1053e+00, -8.3472e-01, -2.1146e+00, -1.6466e-01, -7.6840e-01,
        -1.1836e+00, -7.6926e-01, -1.0055e+00, -1.5318e+00, -9.3780e-01,
         6.9457e-02, -1.6147e+00, -1.0630e+00, -3.2070e-01,  3.1992e-01,
        -1.8604e+00, -4.1503e-01, -1.0465e+00, -1.8187e+00, -1.3950e+00,
        -5.7841e-01, -8.3839e-01, -4.9748e-02,  9.0239e-01, -1.9965e+00,
        -1.3702e+00, -1.8896e+00, -1.3755e-01, -8.9145e-03, -9.5552e-01,
        -7.5850e-03, -3.7077e-01, -6.9093e-01, -1.2306e+00, -2.3169e-01,
        -1.5681e+00, -1.8764e+00, -1.2859e+00, -1.1089e+00, -1.0132e+00,
        -2.2014e+00, -2.2643e+00, -1.5922e+00, -2.1471e+00, -1.1907e+00,
        -6.1546e-01, -6.7838e-01, -1.4978e-01, -8.5579e-01,  3.9944e-01,
        -7.1675e-01, -8.2925e-01, -1.1492e+00,  1.9021e-01, -1.2963e+00,
        -7.0111e-01, -1.8979e+00, -1.8001e+00, -3.7876e-01, -1.5954e+00,
         3.8156e-01, -6.6501e-01, -1.9497e+00, -7.2672e-01, -4.3876e-01,
        -4.2751e-01, -1.1644e+00, -1.2234e+00, -1.6350e-01, -5.0405e-01,
        -8.5100e-01,  9.6942e-01, -4.6797e-01, -4.4742e-01, -4.5388e-01,
        -5.3719e-01, -7.7090e-01,  2.9453e-01,  1.9985e-01,  4.0360e-01,
        -1.7043e+00, -1.4780e+00, -3.5668e-01, -1.8876e+00, -7.7768e-01,
        -5.2890e-01, -5.8329e-01, -1.3701e+00, -3.3716e-02, -1.0573e+00,
        -1.3126e+00, -2.2398e+00, -3.3893e-01,  2.4576e-01, -1.5502e+00,
        -1.2358e-01, -5.8379e-01, -1.1098e+00, -6.0286e-01, -3.0276e-01,
        -2.3387e-01, -5.0605e-01, -2.0148e+00, -5.9016e-02, -1.4350e+00,
        -1.8903e+00, -4.0455e-01, -1.5592e+00, -6.6407e-01, -1.0767e+00,
         4.9414e-01, -2.4663e+00, -1.0219e+00, -8.3842e-01, -7.8022e-02,
        -1.3365e+00, -1.6383e+00,  7.1747e-01, -2.3030e-01, -1.1432e+00,
        -7.3632e-01, -4.6006e-01, -2.0398e-01, -1.7296e+00, -1.0200e+00,
         1.8602e-01,  1.2753e-01, -6.4126e-01, -7.5635e-01, -2.9563e-01,
        -1.8130e+00, -1.7723e+00, -1.0549e+00, -9.2019e-01, -3.3196e-01,
        -9.6941e-01,  1.0350e-01, -9.2059e-01, -3.7240e-02, -2.1796e+00,
        -1.1321e+00, -2.0165e-01,  3.7171e-01,  4.7242e-02, -4.9172e-01,
        -2.2939e-01, -1.0498e+00, -6.2177e-01, -6.9663e-01, -1.4783e+00,
        -2.1752e+00, -2.8610e-01, -8.3707e-01, -1.2178e-01, -4.3216e-01,
        -7.4109e-01, -7.1775e-01, -2.1724e+00, -1.6478e+00, -1.5881e+00,
        -7.3607e-01, -5.9673e-02, -6.3792e-01, -1.0618e+00,  7.1462e-01,
        -8.6976e-01, -1.4533e+00, -2.5410e-01, -7.6985e-01, -9.0333e-01,
        -1.4975e+00,  3.0888e-01, -6.5570e-01, -2.2857e+00, -6.9643e-01,
        -2.4932e+00, -6.3940e-01, -7.4537e-01, -1.2165e+00, -1.1275e+00,
        -1.4200e+00, -1.2688e+00, -1.6350e+00, -4.6348e-01,  6.4535e-01,
         3.0976e-02, -7.4331e-02, -8.1499e-01, -6.4106e-01, -4.2410e-01,
        -9.6610e-01, -4.2613e-01, -1.1947e+00, -1.1187e+00, -2.2618e+00,
        -1.7662e+00, -1.4081e+00, -8.3164e-01, -1.1658e-01, -5.3436e-01,
        -6.0692e-01, -4.8803e-01, -3.6654e-01, -1.5911e+00, -1.6097e+00,
        -1.3684e+00, -2.1243e+00,  4.8530e-01, -2.2360e-01, -9.8906e-01,
        -1.3032e+00, -8.0075e-01, -5.3423e-01,  1.7828e-01, -5.4639e-01,
        -6.9465e-01, -7.0650e-01, -6.7821e-01, -1.2260e+00, -1.6293e+00,
        -1.6768e-01, -2.3743e+00,  7.2486e-01, -1.0900e+00, -3.4576e-01,
        -9.8412e-01, -5.8279e-01, -1.2477e+00, -8.5652e-01, -2.7678e+00,
        -1.8661e+00, -1.4543e+00, -1.4408e+00, -5.6206e-01,  2.8389e-01,
        -3.8637e-01, -1.1397e+00, -8.0720e-01, -3.3920e-01, -5.1016e-01,
        -7.0533e-01, -6.3416e-01, -6.3784e-03, -5.2113e-01, -1.0649e+00,
        -8.8091e-01, -1.5709e+00, -1.5924e+00, -1.6853e+00, -6.2122e-01,
        -1.2910e+00, -1.4026e+00,  9.1450e-02, -6.2548e-01, -1.6333e+00,
         1.3574e+00, -8.5093e-01, -1.0257e+00, -1.0241e+00, -3.9090e-01,
        -6.8742e-02, -4.2439e-01, -2.1949e+00, -8.1658e-01, -5.3169e-01,
        -7.8668e-01, -1.1171e+00, -1.6059e+00, -6.9996e-01, -6.7053e-01,
         4.6546e-02, -9.7831e-01, -1.3510e-01, -9.5538e-01, -6.0930e-01,
        -4.1154e-01, -2.1029e-01, -3.7293e-01, -1.6677e+00,  5.0435e-01,
        -1.5498e+00, -3.4364e-01, -7.6427e-01, -3.9933e-01, -5.1738e-01,
        -9.4927e-01, -1.4991e+00, -7.8474e-02, -1.7971e+00, -6.3728e-01,
        -4.0742e-01, -1.0028e+00, -5.0521e-02, -1.2164e+00, -4.8047e-01,
        -3.6259e-01, -1.1870e+00, -6.9972e-01,  7.5908e-01, -6.4685e-01,
        -1.6406e+00, -1.0574e+00, -3.7149e-01, -4.9509e-01, -7.1380e-01,
        -1.1397e+00, -7.4142e-01, -4.7535e-01, -8.8796e-01, -1.0684e+00,
         4.6402e-01, -9.6603e-01, -1.1029e+00, -1.9852e+00, -5.2941e-01,
        -3.0220e+00, -1.6675e+00, -1.2720e+00, -6.2434e-01,  1.8505e-01,
        -1.3701e+00,  1.0745e+00, -1.4627e+00, -9.3900e-03, -5.2793e-01,
        -2.2144e+00, -8.4032e-01, -1.0630e-01, -1.1307e+00, -3.7659e-01,
         1.0512e+00,  2.6545e-01, -8.5985e-01,  1.5882e-02, -1.1613e-02,
        -8.5046e-01, -1.0862e+00, -1.2300e+00, -8.2530e-01, -3.2076e-01,
        -3.6918e-01, -8.7969e-01, -3.8803e-01, -3.6096e-01, -8.8223e-01,
        -1.5348e-01, -9.8756e-01, -2.6555e-01, -8.2777e-01, -1.6679e+00,
        -1.1995e+00, -4.6395e-01, -2.1639e+00, -1.7916e+00, -9.8041e-01,
        -1.1181e+00, -2.1774e+00, -4.0398e-02, -4.8268e-01, -7.8201e-01,
        -1.7005e+00, -8.8243e-01, -5.2641e-01, -1.4346e+00, -1.2800e+00,
        -4.8133e-01, -1.8539e+00, -1.0381e+00,  9.3436e-01,  9.4308e-01,
        -9.7345e-01, -1.4383e-01, -2.4469e-01, -1.1137e+00, -7.0444e-01,
        -1.9369e+00, -1.0497e+00, -2.1278e+00, -3.7661e-01,  1.2592e+00,
        -1.0775e+00, -2.0301e-03, -1.1529e+00, -8.7389e-01, -9.5168e-01,
        -2.2235e+00, -8.1119e-01, -5.9210e-01, -2.1796e+00, -1.2967e+00,
        -1.1798e+00, -1.7906e+00, -1.2718e+00, -5.7594e-01, -1.5812e+00,
        -6.8980e-01, -3.0854e-01, -1.6834e+00, -9.5848e-01, -6.2573e-01,
         9.4877e-01, -1.5083e+00, -3.8574e-01, -1.3651e+00, -1.2357e+00,
        -6.6798e-01, -1.6983e+00, -5.7654e-01, -1.5527e+00, -8.1357e-01,
        -1.5673e+00, -1.8272e+00, -1.1693e+00, -1.0410e+00, -1.8763e+00,
        -1.4853e+00, -5.6700e-01, -4.9614e-01,  5.8647e-02, -7.5862e-01,
         2.2629e-02, -6.3560e-01, -4.3426e-01, -1.8658e-01, -5.8710e-01,
        -3.2024e-01, -2.0297e-01, -6.5386e-01, -3.4257e-01, -5.8315e-01,
        -1.4974e+00, -7.4465e-01, -9.6819e-01, -9.4069e-01,  1.6057e-02,
        -7.9751e-02, -7.8288e-01, -1.6051e+00, -9.0789e-01,  6.4593e-02,
        -1.3271e+00, -2.1090e+00, -2.4857e+00, -8.6024e-01, -1.2037e+00,
        -1.4200e+00, -1.4651e+00, -8.3481e-01, -6.4628e-01, -1.7265e-01,
        -3.3557e-01, -1.5505e+00, -3.1685e+00, -3.4486e-01, -1.5646e-01,
        -1.5983e+00, -7.9832e-01, -7.2158e-02, -1.1057e+00, -7.0348e-01,
        -1.3616e+00, -1.5351e+00, -7.6301e-01, -1.1825e+00, -6.8619e-01,
        -1.0634e+00, -5.1300e-01, -1.4761e+00, -1.7476e+00, -1.9500e+00,
        -2.0262e+00, -4.1388e-01, -2.2919e+00, -1.7068e+00, -1.2669e-01,
        -8.3281e-01, -1.7268e+00, -8.8828e-01, -1.7102e+00, -1.4035e+00,
        -5.5046e-02, -4.2515e-01,  2.3843e-01, -1.3380e+00, -9.1790e-01,
        -7.2473e-01, -6.4240e-01, -1.3370e+00, -5.9954e-01, -3.2920e-01,
        -1.5665e+00, -6.0131e-01, -1.0994e+00, -5.6498e-01, -4.3453e-01,
        -2.2164e+00, -1.6840e+00, -1.9779e+00, -1.0896e+00, -1.0070e+00,
        -1.2911e+00,  1.4437e+00, -1.0544e+00, -5.8780e-03,  4.5405e-01,
         3.6215e-01, -4.7869e-01,  3.9354e-01, -1.4066e+00, -1.8506e+00,
        -2.6132e-01,  5.2936e-03,  1.7558e-01, -1.5114e+00, -7.4631e-01,
        -2.9343e+00, -5.9683e-01, -1.5698e+00, -3.4310e-01, -5.1413e-01,
        -1.8732e-02, -1.4945e+00]), 'model.features.6.0.block.0.1.running_var': tensor([ 90.1840,  51.8367, 125.6475, 108.4093,  69.1274,  39.9889, 108.7167,
         26.3961,  83.8283,  76.1726, 128.0501,  88.8134,  57.2561, 115.3277,
         52.6108, 111.2166,  65.4568,  49.8682,  54.9119,  95.9934, 109.1426,
        119.7329,  96.5225,  77.2105,  54.9470,  69.4321,  67.2087,  66.9904,
        178.2914,  70.2226,  59.5392,  61.7826,  64.5973,  97.3097,  67.6011,
        114.4682, 140.1998,  73.7360,  42.2054, 110.2955, 109.0402,  91.2044,
         78.9547,  79.9109,  82.9614,  54.2406,  91.4095,  68.0916,  62.3402,
         73.7363,  60.9318, 148.1066, 122.8540,  44.0264,  37.1968, 119.4358,
        120.3145,  79.3398,  74.4592,  94.7797,  76.6159,  63.8885,  59.4415,
         89.2313,  92.2620,  62.4074,  95.3090,  57.2309,  64.8826,  67.8748,
         50.5997,  67.0378,  72.7973,  92.5382,  38.3688,  98.6154,  58.8979,
         72.3319,  86.7385,  56.0146,  83.1579, 106.1659, 112.9067,  62.7428,
         37.6659,  30.5221, 130.6342, 103.8308,  90.9110,  86.1640,  73.1776,
         87.0595,  22.6953,  94.8581,  98.7045,  69.2794,  80.7775,  81.1218,
         99.2674,  69.2831,  86.5447, 100.9173, 107.5781,  81.2772,  43.8839,
         68.5377,  75.9179,  54.2559,  99.2987,  91.0551,  44.4074,  42.0382,
         83.5610, 101.4708, 100.9818, 112.2509,  69.9829,  77.0642,  61.9518,
         53.2388, 111.3878,  83.7532,  34.3753,  87.7688,  94.8232,  56.3550,
         60.4690,  83.2668,  66.0033,  41.6977,  23.5037, 108.4067,  75.6044,
         53.3424,  52.6058,  68.2689,  56.2734, 103.8203,  59.0205,  53.4356,
         32.4026,  65.6457,  40.3660,  32.2035,  51.4120, 119.9800,  87.3124,
         26.5207,  70.5000, 110.5085,  81.6745, 110.3090,  47.5632,  47.9314,
         63.7667,  59.7821, 118.3015,  49.3808,  94.3809,  50.7585,  76.9553,
         90.4937, 123.0937,  79.3129,  30.1842,  73.7501,  60.0494, 100.3102,
         98.5494,  56.8906,  66.6277,  63.0238,  86.4490,  48.1147,  60.3516,
         78.5587,  51.1483,  38.9959,  38.3958,  48.9234,  51.2605,  43.9137,
         91.5768,  85.3556,  42.6784,  91.2094,  72.4298,  74.5458,  83.1235,
         68.4997,  68.4411,  85.5867,  86.8389,  83.2166,  95.1555,  79.3000,
         42.8158,  55.8466, 115.6298,  46.0181,  88.4857, 180.7335,  85.6432,
         28.7752,  68.4886,  62.8594,  93.8042,  62.0425,  47.5086,  58.8134,
         99.7627,  63.2161,  89.3195, 140.3064, 108.7235,  58.6437,  90.3478,
         48.1876,  95.8681,  79.0068,  70.4720,  70.4139,  72.6848,  89.6288,
         56.8697,  57.7456,  50.5130,  44.2952, 111.7927,  31.0933,  91.7159,
        129.1844,  74.2608,  82.0004,  68.9321, 151.1209,  43.4690,  82.8586,
         59.7320,  72.5609,  82.4283,  55.4230,  65.7972,  56.1334,  70.6354,
         90.4296,  96.6209,  71.5585,  75.2269,  20.5388, 131.1549, 112.0553,
         71.0474,  50.3219, 111.9334,  42.7855,  81.4097, 172.6131,  85.0163,
         80.7728,  34.6032, 133.6922,  62.2244,  49.2964,  85.4492, 101.3032,
         76.5004, 121.3408,  47.3975,  98.3000,  87.1264, 106.3521,  82.6798,
         82.4192, 110.6625,  28.6658,  88.7432,  89.5388, 120.3166,  45.4905,
         57.9360,  83.1342,  68.7705,  71.2424,  59.5638,  96.0130,  54.0191,
         44.0332,  50.2299,  61.8885,  95.6130,  39.2093,  65.8735,  36.9874,
        103.0439,  81.3933,  79.8811,  88.8046,  73.4221,  75.8691,  92.5773,
         42.2490,  55.2593,  39.7271,  97.7488,  56.6730,  87.9069,  81.0579,
         90.4084,  87.9392, 111.6182,  99.7558,  28.9960, 123.9514,  43.0138,
         69.9605,  55.3757,  68.9129,  99.0847, 140.0676, 177.5227,  75.2042,
         87.4793,  87.1373,  81.2835,  62.7704,  56.7182,  77.3439,  69.5487,
        104.2283,  57.7395,  75.3458,  99.6898, 107.4061, 104.7916,  37.5950,
         76.8067,  93.2148,  97.4240,  87.1201,  94.2152,  62.7962,  58.0116,
         49.5522,  60.7645,  46.0544,  63.6864,  55.1324,  59.0218,  84.7535,
        118.2463,  84.7500,  89.5783,  83.2406,  49.7304,  70.7888, 112.3690,
         49.8207,  68.0472,  98.8626,  85.3473,  84.6248, 129.0031,  39.2020,
         53.1097,  76.5265,  81.6634,  90.8813,  41.2386,  59.1499,  64.4934,
         53.7181,  44.0225, 108.3565, 160.4911,  77.6692,  89.0354,  92.2944,
        125.4014,  97.5752,  61.9070,  83.2548,  92.6512,  58.9023,  75.2562,
         84.4692,  79.0730, 113.1088,  73.0108,  82.3856,  55.7026,  69.7516,
         67.3302,  62.9243,  58.0866, 141.0712,  76.8224,  68.9757,  84.8586,
         50.5147,  89.5921,  52.8554,  83.4443,  79.9993,  57.3943,  75.4548,
        111.6703,  53.5808, 109.1451,  66.8824,  96.9782,  55.8600,  70.9270,
         45.8231,  77.5536,  44.3689,  41.1014,  80.8149,  97.1613,  99.5511,
        115.8557,  74.9347,  39.7598,  75.1832, 102.3755,  80.6530,  35.8670,
         30.3065,  69.8794,  76.8713,  73.5629, 112.0446,  39.0897,  64.5278,
         83.8491,  52.1373,  56.9675,  45.6786,  44.5239,  84.9478,  60.0051,
        123.0928,  78.2773,  89.0695,  35.5080,  60.2235,  81.0133,  97.3619,
         56.8975,  53.7861,  91.2568,  81.6675,  73.0350,  80.0265,  83.2258,
         93.9727,  33.0514,  25.8394,  60.6154, 125.3219,  36.1737,  49.7754,
         95.5217, 142.3450, 112.0228, 102.6756, 124.6193,  78.2641,  52.9793,
         83.1813,  47.4946,  76.3059,  60.0992,  45.4874, 138.8281, 144.5481,
         77.9792, 109.7253,  86.8406,  53.5957,  82.8347, 114.4585,  75.7023,
         85.6419, 125.3717,  42.5923,  69.1536,  74.9458, 116.7620, 135.7741,
         83.9258,  69.8632,  76.4727,  98.5975,  56.0054,  41.3333,  98.5694,
         61.6605,  62.2319,  72.9446,  78.1777,  36.0557,  81.9333,  98.9598,
         72.8824,  74.7655,  95.7162,  91.2560,  92.7000,  68.5627, 154.2051,
         85.3352, 121.7542,  88.7364, 132.2150,  40.9008,  93.0301,  61.8971,
         48.7135,  55.0604, 133.8835,  74.5779, 105.4382,  52.5996, 131.3957,
         80.7975,  61.3244,  73.8601, 102.0821,  41.1268,  60.5711,  58.3738,
         96.9172,  78.4668, 108.1255,  55.4210,  74.6795,  43.2511,  87.0059,
        110.5045,  77.8141,  48.0550,  80.1763,  91.3420, 101.7543,  68.2911,
         37.2092,  45.8834, 119.6682,  97.4010,  46.1447,  61.4722,  78.7103,
         97.4459,  73.2629,  60.0081,  80.3957,  41.6584,  77.0382,  95.0218,
         94.0441, 107.0889,  97.1700,  82.5422,  78.1494,  99.0952,  94.0444,
         94.0597,  33.7902,  76.0621,  33.6045, 122.5520,  82.2106,  47.8289,
         56.2785,  55.0849,  84.0291,  50.3780,  51.8045,  81.2900,  79.3430,
         78.5772,  96.7107,  72.5981,  74.9090,  65.8966, 120.8943,  74.5849,
         88.4155,  80.6688,  68.4539,  57.4737,  90.1875, 140.1940,  66.7265,
         42.0868,  43.3511,  62.3504,  69.7171,  67.4353,  75.7167,  79.5040,
         62.1025,  66.5843,  39.6200,  66.5443,  65.3039,  68.1092,  85.7628,
         52.3415,  44.5709,  97.4916, 110.0111,  47.8104,  98.1596,  92.4454,
         58.6553, 103.3049,  98.0994,  94.5554,  64.1086,  27.9815,  76.8555,
         82.6623, 114.6763,  64.2016,  89.9667,  87.4260,  61.9082,  64.2514,
         60.5148, 117.8936,  56.3102,  81.1182,  47.5497,  94.7108,  47.4060,
         65.4269,  78.4276,  40.6089,  91.4539,  71.5087,  49.8846,  75.8238,
         47.3902,  75.8310,  89.3403,  74.8740,  99.9175,  63.6753,  67.3906,
         54.2315,  63.1146,  86.6076,  40.4594,  26.6548, 104.9489,  59.5566,
         83.1935,  96.1021,  53.8344,  59.4090,  46.5330,  66.8526, 102.2155,
        132.1675,  50.0608,  70.0157,  92.1618,  35.8342, 124.5600,  88.8269]), 'model.features.6.0.block.0.1.num_batches_tracked': tensor(703214), 'model.features.6.0.block.1.0.weight': tensor([[[[ 0.0431, -0.0078, -0.0359, -0.0058, -0.0098],
          [ 0.0212, -0.0124,  0.0603,  0.0036,  0.0379],
          [-0.0069,  0.0882,  0.1635,  0.1857,  0.0411],
          [ 0.0100,  0.0478,  0.2634,  0.2118,  0.0941],
          [-0.0005,  0.0207,  0.1391,  0.1575,  0.0421]]],


        [[[ 0.0167,  0.0765,  0.1997,  0.2061,  0.0950],
          [-0.0289,  0.1004,  0.2511,  0.2486,  0.0639],
          [-0.0798,  0.0360,  0.1306,  0.0976, -0.0037],
          [-0.0015, -0.0169, -0.1087, -0.0842, -0.0336],
          [-0.0088, -0.0786, -0.1607, -0.1897, -0.0797]]],


        [[[-0.0888, -0.0327, -0.1010, -0.1057, -0.0603],
          [-0.0114, -0.0176, -0.1167, -0.1147, -0.0172],
          [-0.0639, -0.1227, -0.1300, -0.1215, -0.1266],
          [-0.0781, -0.0951, -0.1399, -0.1577, -0.1235],
          [-0.0535, -0.0181, -0.1421, -0.1563, -0.0937]]],


        ...,


        [[[ 0.0125,  0.0367,  0.0794,  0.0921,  0.0566],
          [ 0.0026,  0.0405,  0.0160,  0.0155,  0.0422],
          [ 0.0656,  0.0055, -0.1794, -0.1804,  0.0022],
          [ 0.0306, -0.0641, -0.2669, -0.2508, -0.0460],
          [ 0.0226, -0.0017, -0.1367, -0.1367, -0.0531]]],


        [[[-0.0180, -0.0224, -0.0489, -0.0438, -0.0156],
          [-0.0375,  0.0079,  0.0883,  0.0726,  0.0156],
          [-0.0191,  0.0802,  0.2723,  0.2659,  0.0642],
          [-0.0380,  0.0711,  0.2793,  0.2678,  0.0345],
          [ 0.0138,  0.0370,  0.1825,  0.1266,  0.0388]]],


        [[[ 0.0535,  0.0284,  0.0553,  0.0585,  0.0798],
          [ 0.0285, -0.0394, -0.1156, -0.1044, -0.0465],
          [ 0.0695, -0.0294, -0.1691, -0.1757, -0.0357],
          [ 0.0241, -0.1046, -0.1827, -0.2192, -0.1020],
          [ 0.0043, -0.0162, -0.1146, -0.1242, -0.0165]]]]), 'model.features.6.0.block.1.1.weight': tensor([0.8780, 0.8728, 2.9048, 0.6632, 0.6760, 0.7074, 0.7620, 0.7840, 0.6886,
        2.2587, 0.5361, 0.6662, 0.8014, 0.7235, 0.5619, 0.8612, 0.7230, 0.6377,
        0.7427, 0.7720, 0.8151, 1.6792, 0.7256, 0.7450, 1.1188, 0.5322, 0.7911,
        1.5294, 0.8266, 0.8354, 0.5830, 0.7550, 0.7829, 0.7987, 2.0894, 1.1016,
        0.7985, 0.8443, 0.6468, 0.6163, 0.6874, 1.0579, 0.7283, 0.7861, 0.7529,
        0.6986, 0.8131, 0.7622, 1.8306, 0.7927, 0.7571, 0.7942, 0.6023, 0.6891,
        1.8083, 0.7641, 0.8324, 0.5181, 0.7735, 1.0082, 1.3518, 0.6675, 1.2193,
        0.8418, 0.7870, 1.3513, 0.5445, 0.8530, 0.7312, 1.2554, 0.7719, 1.8754,
        1.5571, 0.7258, 1.9867, 0.7245, 0.7990, 0.9122, 1.0163, 0.8530, 0.5716,
        0.6003, 0.5937, 1.1189, 1.6971, 0.8875, 0.7474, 0.6883, 0.5265, 0.7574,
        0.4753, 0.9532, 1.7815, 0.8384, 1.7210, 1.6316, 0.7838, 0.5353, 0.5276,
        0.7871, 0.6852, 0.7554, 0.8238, 1.0179, 1.9369, 0.5738, 1.3141, 1.3302,
        0.5535, 0.6073, 0.7486, 1.3732, 0.7487, 0.7248, 0.7836, 0.7780, 0.8269,
        0.8212, 0.6745, 0.5192, 0.7766, 1.1457, 1.5003, 1.2159, 0.6927, 0.7459,
        0.7089, 0.7718, 0.7760, 1.5861, 1.7252, 0.5769, 0.9992, 0.6577, 2.0038,
        1.0842, 0.6672, 0.7288, 0.9343, 1.5511, 0.5028, 0.8375, 1.0672, 1.9131,
        0.8273, 0.9178, 0.6785, 1.6291, 0.9192, 0.9353, 0.7488, 0.7049, 1.1147,
        1.1990, 1.7201, 0.8507, 0.7736, 1.4693, 0.7768, 0.5500, 0.4971, 0.7407,
        0.7605, 0.6474, 0.7990, 0.7855, 0.8158, 0.7067, 0.6014, 0.8894, 0.8627,
        0.8682, 1.6434, 1.7773, 0.7775, 0.7200, 1.0613, 1.1145, 1.9962, 0.8306,
        0.8707, 1.5398, 0.5685, 0.7548, 1.5540, 0.8148, 0.8457, 0.7154, 0.8151,
        0.7478, 0.7296, 0.8156, 0.7467, 0.7687, 0.8041, 0.7514, 1.8562, 0.8264,
        1.1778, 0.9393, 0.6909, 0.7983, 0.7560, 2.4996, 0.7575, 1.1936, 0.8915,
        0.9745, 2.0590, 0.7790, 0.8292, 0.7485, 0.6770, 0.7778, 0.8555, 1.1632,
        0.7580, 0.9484, 1.1862, 0.5253, 0.7131, 1.3927, 0.7285, 0.8266, 1.0103,
        0.8546, 0.4940, 1.7637, 0.7553, 1.3557, 0.9634, 0.7110, 1.4787, 0.6781,
        0.7379, 0.6041, 0.9636, 0.7615, 0.6062, 0.5408, 0.9458, 0.8359, 1.1342,
        0.7830, 0.9588, 0.5245, 0.5573, 0.6358, 0.6782, 4.2209, 0.6173, 0.7626,
        0.7076, 1.3788, 0.7726, 1.0070, 0.7755, 0.7973, 0.4306, 0.7417, 2.0523,
        0.7638, 2.0724, 1.0058, 0.6967, 0.9253, 0.8320, 0.7038, 1.5331, 0.7577,
        0.5915, 0.9856, 2.3031, 0.6214, 0.8033, 1.7070, 0.6147, 0.7343, 0.9134,
        1.0112, 1.1892, 0.8086, 1.3709, 1.1927, 1.2869, 0.5439, 0.6317, 1.9371,
        1.6988, 0.9506, 0.7878, 0.9691, 0.7655, 1.8498, 1.0691, 0.5401, 0.6779,
        0.6929, 0.4706, 0.6710, 0.6240, 1.8378, 1.0109, 0.8872, 0.7432, 0.8044,
        1.4024, 0.5136, 0.8195, 0.7318, 1.4663, 1.1928, 1.8598, 0.5195, 4.5861,
        1.0512, 0.9308, 0.7121, 0.7698, 0.9225, 0.8959, 0.5225, 1.2414, 0.8255,
        0.7261, 0.6595, 2.3155, 0.5213, 0.7312, 0.7751, 0.9486, 0.5506, 0.7758,
        0.7787, 1.1498, 0.7820, 0.6624, 0.8023, 3.2184, 0.5617, 0.4997, 1.5245,
        0.7304, 0.8983, 0.6515, 0.8332, 0.6668, 1.1670, 0.9455, 0.8210, 0.8290,
        1.0363, 1.4181, 0.5086, 0.7902, 0.8450, 0.5615, 2.5131, 0.5219, 0.8406,
        0.6361, 0.7248, 0.6565, 1.4662, 1.3609, 0.7582, 0.6929, 0.8852, 0.8100,
        0.8278, 0.8145, 0.8228, 2.4532, 0.4683, 0.8877, 0.6301, 0.8351, 0.8303,
        0.7871, 0.7424, 0.8128, 6.4083, 0.7646, 0.8337, 0.6326, 0.5559, 0.9245,
        1.1048, 0.9378, 0.7760, 1.5806, 0.7277, 1.6569, 1.7498, 0.8029, 0.8494,
        0.7228, 0.8474, 0.6719, 0.9108, 0.7583, 0.5171, 0.6678, 0.8264, 0.8314,
        0.9085, 0.8929, 0.6736, 0.5676, 1.5600, 0.9303, 1.3751, 0.7344, 0.6097,
        0.7291, 0.9567, 0.8190, 0.7965, 0.5812, 0.8585, 0.8304, 0.7988, 1.4657,
        0.5415, 0.5314, 0.8871, 0.5108, 1.0091, 0.7605, 1.5850, 0.5902, 0.7532,
        1.8038, 1.1876, 0.8973, 0.4905, 1.2521, 1.0528, 0.8887, 0.7346, 0.8411,
        0.5445, 0.8754, 0.4984, 1.8622, 0.8162, 0.8019, 0.8384, 1.6052, 1.3178,
        0.5631, 0.8203, 0.8471, 0.5507, 0.7449, 0.8081, 1.9011, 0.7732, 0.8084,
        0.7221, 1.7826, 1.6810, 0.8607, 0.6009, 0.7874, 1.0917, 0.7376, 0.7790,
        0.8161, 0.8752, 1.8955, 1.9219, 1.5574, 1.8954, 0.8060, 0.7769, 1.0323,
        0.8329, 0.4954, 1.2090, 1.7746, 0.6229, 1.1800, 0.6978, 0.8009, 1.1917,
        0.4816, 0.4640, 0.7505, 0.9108, 0.5707, 0.7361, 0.6706, 0.8880, 1.4162,
        1.4754, 0.5730, 1.5757, 1.1898, 1.0128, 0.7496, 0.9820, 0.8591, 0.7228,
        0.8561, 0.7073, 0.7604, 0.8786, 2.2506, 1.2995, 0.8051, 0.4901, 0.9032,
        0.5713, 0.7386, 1.2152, 0.8107, 0.8064, 0.7336, 2.0272, 0.7492, 0.5997,
        0.7527, 0.8721, 0.7744, 0.6916, 0.4662, 1.3747, 0.6290, 2.2086, 0.7883,
        1.2156, 0.7780, 0.6698, 0.6122, 0.8161, 0.7528, 1.5828, 0.7762, 0.5612,
        0.6722, 0.6795, 0.5120, 0.8353, 0.5315, 0.5186, 1.9622, 0.8027, 0.7438,
        0.7771, 1.7635, 0.7405, 0.6467, 0.9072, 1.1414, 1.0726, 0.5348, 1.4504,
        0.8036, 0.7581, 0.6772, 0.5137, 0.7098, 0.8718, 0.7406, 0.9863, 0.7817,
        0.6742, 2.0141, 0.5486, 0.9884, 0.5700, 0.7783, 0.7677, 0.9032, 0.8958,
        0.6390, 0.6725, 1.4980, 0.7544, 0.5102, 0.8377, 0.8078, 0.5204, 0.4604,
        1.3876, 0.9545, 0.6108, 0.5065, 0.5731, 0.9492, 1.4951, 0.7811, 0.7546,
        0.9765, 0.9165, 0.6400, 0.8544, 0.8194, 0.7674, 0.7560, 0.8382, 0.8969,
        0.6133, 0.9220, 0.7815, 0.8594, 1.1299, 0.6490, 1.8145, 1.7098, 0.7945,
        0.8938, 0.7230, 0.7901, 0.5655, 0.8947, 0.7790, 0.7126, 0.8360, 1.3207,
        1.8403, 0.8669, 1.1145, 0.7641, 0.5097, 0.4687, 0.7248, 1.5747, 0.7581,
        0.6934, 0.7475, 1.9394, 0.8287, 0.9939, 0.5906, 0.7648, 0.5298, 0.5301,
        1.3105, 0.6609, 0.5774, 0.6083, 1.4375, 0.7409, 0.6961, 0.7892, 0.7151,
        0.7690, 0.6913, 1.2187, 2.3569, 0.9273, 0.5650, 1.9730, 1.7151, 0.7079,
        0.5316, 0.9251, 0.7449, 1.3117, 1.7695, 0.8534, 0.7848, 0.5544, 0.7300,
        1.4574, 0.7991, 0.8635, 0.5527, 0.9487, 0.4901]), 'model.features.6.0.block.1.1.bias': tensor([ 1.0415,  2.2802,  3.7974,  1.7632,  1.3836,  1.4355,  1.5251,  0.8127,
         1.0072, -2.1047,  2.7074,  1.5319,  1.6258,  1.9104,  2.9503,  1.4812,
         1.8298,  1.2567,  2.9096,  0.5042,  1.6959, -0.1231,  1.3960,  1.6553,
         0.9318,  3.1458,  1.4243,  1.6523,  0.4123,  1.2496,  2.2938,  0.8503,
         1.1892,  1.5719, -1.1313,  2.1924,  1.5335,  1.5097,  0.9348,  3.5696,
         3.8990, -0.1484,  1.2354,  1.1832, -0.1188,  3.0857,  1.3319,  1.0579,
        -0.5100,  1.0259,  0.9480,  1.3165,  3.4619,  1.5767, -1.0828,  1.3906,
         1.5224,  3.6141,  1.1112,  0.5879,  0.3256,  1.5122,  1.2593,  1.4564,
         0.9859,  0.4280,  3.1861,  1.6160,  0.7361, -0.0211,  0.6307, -0.8822,
        -1.3807,  1.0179, -1.8003,  3.6398,  1.7931,  0.0642,  1.0192,  1.8896,
         2.1905,  2.3384,  2.4202,  0.0316, -1.4050,  1.3513,  1.8585,  1.8826,
         2.9950,  0.6381,  2.8048,  0.8539, -1.4696,  1.5525,  1.8736, -0.1432,
         1.4751,  2.8611,  3.1085,  1.3301,  1.5872,  0.3561,  1.3211,  1.6212,
        -1.4005,  3.5746,  1.3560, -0.1419,  3.6399,  1.7111,  0.6739, -1.1454,
         1.2755,  1.0505,  1.3148,  1.1989,  1.1495,  2.1234,  0.8921,  4.3760,
         1.0906,  0.4917, -0.0047,  0.8290,  1.0329,  3.1442,  1.0616,  1.5043,
         1.1895, -0.5014, -1.3560,  3.5096,  0.8219,  1.4010, -0.7773,  1.1258,
         1.5597,  2.3191,  1.7213,  0.0415,  1.9323,  0.5866,  0.7371, -1.0886,
         2.2550,  1.4695,  0.9608, -1.1262,  1.3859,  1.4360,  1.9208,  1.3864,
        -0.7763,  0.3379, -0.3390,  1.0481,  0.9720,  0.3202,  0.8194,  3.0775,
         3.4633,  1.1997,  1.3790,  1.0390,  1.2315,  0.8836,  1.3366,  1.6581,
         4.0498,  0.7655,  0.3886,  0.8587, -0.5176, -1.1158,  3.7135,  1.8579,
        -1.0826,  0.7584, -2.3904,  0.3850,  2.4202, -0.1315,  2.6163,  1.5573,
        -0.4640,  1.0601,  1.5982,  0.7646,  1.4290,  1.2595,  1.5019,  0.5947,
         1.2505,  0.3498,  1.4368,  1.7797, -0.3233,  2.5231,  0.9823,  1.2560,
         1.1290,  1.8898,  1.7795, -2.4754,  1.3498,  1.2630,  2.9555,  0.7310,
        -0.7115,  1.7860,  1.0637,  1.1994,  1.5119,  1.3898,  0.9694,  0.9116,
         0.9353,  0.7951,  0.5187,  3.4706,  1.6211,  0.3241,  1.4121,  1.3017,
         1.4027,  0.3619,  3.2076, -0.2231,  1.4989, -0.0296,  0.3421,  1.5623,
        -0.0219,  2.5679,  0.6860,  2.7421,  1.9740,  0.9754,  1.5892,  2.3554,
        -0.0224,  2.6257,  0.3515,  1.9365,  0.5034,  2.6426,  3.4686,  1.2152,
         1.7532, -1.4700,  3.0167,  1.1225,  1.5864,  0.0145,  2.0951,  2.4441,
         1.3638,  2.0527,  3.3313,  1.4654, -0.5247,  1.3995, -0.6761,  1.0801,
         2.3122,  0.1497,  0.6489,  1.9866, -0.1046,  1.8858,  3.8415,  2.0863,
        -0.8367,  2.5286,  1.1901, -0.9269,  1.9957,  1.7542,  1.5306,  2.0895,
         0.3914,  0.6061,  0.0383,  0.3635, -0.0969,  3.4233,  1.4647, -1.2988,
        -0.4789,  0.3593,  0.9073,  0.7602,  0.7679, -1.4442,  1.2651,  3.1460,
         0.9126,  1.5358,  2.5124,  2.9583,  0.4126, -0.2901,  1.8754,  0.9119,
         1.4934,  2.5824,  0.2489,  3.4746,  0.7521,  1.5749,  1.5461,  0.4689,
        -2.0623,  2.8704,  1.6387,  0.9531,  2.9745,  1.4776,  1.5549,  1.1340,
         1.6868,  2.9664,  1.3981,  0.5629,  1.3588,  0.8739, -0.9653,  2.2625,
         1.4253,  1.3681,  1.0017,  2.9950,  0.6815,  1.4714,  1.5738,  1.5263,
         1.5109,  1.4523,  2.3718,  2.2683,  2.6412, -0.1477,  1.2854, -0.0572,
         1.3305,  0.3106,  1.3163,  0.9464,  0.7563,  1.4268,  1.0683,  0.2798,
         0.3656,  2.8805,  0.5813,  0.6607,  3.3734, -2.0672,  2.0969,  1.3539,
         0.8084,  1.5271,  2.5974,  0.4828,  0.8676,  1.0581,  1.5268,  0.1925,
         2.8331,  1.1322,  1.5066,  1.2034, -3.0973,  2.9287,  0.5697,  2.4580,
         1.2388,  1.4260,  1.4681,  0.1555,  0.9268,  3.0610,  1.8919,  1.3329,
         2.4247,  2.0568,  1.5290,  1.3967,  1.0441,  0.7700, -0.0941,  1.2780,
         1.5760, -1.9697,  0.2138,  1.8456,  0.9829,  1.5515,  1.9829,  0.8674,
         1.0661,  3.0226,  2.0330,  0.9768,  0.9138,  1.0574,  1.5290,  2.3542,
         2.3162, -0.1893,  1.5820,  0.7908,  0.5356,  1.4171,  2.1867,  1.3900,
         2.7877,  0.2653,  2.7612,  1.4454,  1.4820,  0.9184, -0.6053,  3.5645,
         2.8154,  1.3264,  1.3425,  0.9253,  4.2904, -0.5856,  2.7371,  1.9353,
        -1.4437,  0.4674,  2.5514,  3.4875,  0.6267,  0.9988,  1.8949,  1.3152,
         1.1967,  3.3538,  0.8745,  2.9141, -1.2299,  0.9130,  3.1035,  1.5924,
        -1.2222, -0.2572,  2.8536,  0.8532,  1.3128,  3.5485,  1.2478,  0.8264,
        -1.1533,  0.5609,  1.0159,  0.9427, -1.7475, -1.5446,  0.5047,  3.5134,
         1.3479, -0.3952,  1.4443,  2.6746,  1.8549,  1.3061, -1.8385, -1.3056,
         0.5744, -1.8821,  1.6922,  1.5364,  1.7756,  1.1294,  3.9212,  0.6082,
         4.0555,  2.2519,  0.8338,  1.5676,  1.4504,  0.4475,  3.0074,  3.0773,
         1.2481,  1.9256,  2.6087,  0.8924,  1.1816,  1.3574, -0.2197, -0.5720,
         2.3790, -0.1737, -0.0122,  0.8691,  0.1246,  1.1643,  0.3494,  1.9563,
         1.5460,  1.4368,  0.2884,  1.2813, -1.7268,  0.2104,  1.4463,  3.0354,
         0.9775,  2.9123,  1.2376,  0.4956,  0.6048,  1.0411,  0.8851, -1.7502,
         2.1218,  2.3602,  1.1010,  2.2731,  1.4538,  1.5839,  3.3011, -2.2378,
         2.1089, -1.4778,  2.4076,  0.7484,  1.4754,  2.8129,  3.7673,  0.5380,
         0.9423, -0.2285,  1.3457,  3.7888,  3.0233,  2.6150,  2.8171,  1.3747,
         3.3086,  2.2096, -1.3597,  0.7312,  1.1985,  1.3612, -0.5173,  1.1578,
         3.0784,  2.0702,  1.2589,  0.2885,  3.4132, -0.5135,  0.3056,  1.4473,
         0.5965,  3.3161,  0.8619,  0.9926,  0.8479,  0.4488,  1.8278,  2.7318,
        -1.3741,  3.4116,  1.6299,  3.1123,  1.2746,  0.3709,  0.7556,  2.3692,
         3.1260,  2.8337,  1.0086,  1.2156,  3.8348,  1.5563,  1.0881,  3.4808,
         2.8143,  0.2790,  1.4123,  2.8963,  2.9662,  2.8849, -0.1864,  1.8246,
         0.4806,  1.4570,  1.4848,  0.9012,  1.3033,  1.3255,  1.4367,  1.1443,
         1.8970,  1.4781,  0.0833,  2.3321,  0.8999,  0.7889,  1.4246,  0.8135,
         1.9797, -0.4526, -1.6401,  1.1882,  0.9525,  0.8296,  0.7786,  2.7348,
         1.1372,  1.7192,  1.4285,  1.7267, -1.8060, -0.6500,  2.5420,  1.1819,
         1.6544,  2.9333,  2.9619,  0.9195,  1.1063,  0.8226,  1.4224,  1.3830,
        -1.0199,  2.7064,  0.4852,  1.9654,  0.5493,  2.6801,  3.7338,  0.0554,
         2.2533,  2.8823,  0.8752,  0.1577,  2.2858,  2.5839,  1.8736,  0.5463,
         1.9033,  1.3471,  1.0910, -2.6266,  2.0567,  1.7658, -1.1337, -1.3220,
         1.2511,  2.1405,  1.7026,  1.3924,  0.1565, -1.4621,  2.5464,  2.0987,
         3.4569,  1.4401, -0.2750,  1.4554,  1.4071,  2.9971,  1.2065,  2.8488]), 'model.features.6.0.block.1.1.running_mean': tensor([-2.8866e-01,  3.8889e-04, -1.8294e+00, -3.3640e-01, -3.4953e-01,
        -5.0950e-02, -3.4991e-01, -5.5431e-01, -2.5261e-01, -3.2365e-02,
         2.8934e-01,  1.4307e-01, -2.2448e-01, -3.6228e-01,  1.9097e-01,
        -3.7727e-01, -2.1895e-01, -3.0968e-01, -3.3718e-01, -3.1844e-01,
        -3.7260e-01, -1.6323e+00, -3.5538e-01, -3.2984e-01, -2.3620e-01,
         2.6103e-01,  2.5948e-02, -2.3608e-01, -2.2085e-01, -2.5491e-01,
         2.5180e-01, -1.3272e-01, -3.6736e-01, -3.1774e-01, -9.7071e-01,
        -4.5697e-01, -3.1983e-01, -2.5316e-01, -3.6920e-01,  2.6292e-01,
         2.1987e-01, -2.0090e-01, -2.8023e-01, -2.7631e-01, -2.7580e-01,
        -4.2998e-02, -4.0884e-01, -3.3162e-01, -7.0668e-01, -3.4244e-01,
        -2.5390e-01, -3.4700e-01,  3.2981e-01,  1.4713e-01, -1.5822e-02,
        -4.3691e-01, -3.3743e-01,  3.2024e-01, -4.0903e-01, -2.9033e-01,
        -2.1267e-01, -3.7809e-01, -2.7158e-01, -4.3670e-01, -2.8737e-01,
        -2.6730e-01,  3.2596e-01,  5.7965e-03, -3.1315e-01, -7.1989e-03,
        -4.2782e-01, -7.3139e-01, -1.6001e-01, -2.2921e-01, -1.3365e-01,
         2.6887e-01, -6.8960e-03, -2.3949e-01, -3.4182e-01, -1.5295e-02,
         2.4572e-01,  1.7921e-01,  3.2917e-01, -1.9716e-01,  1.5317e-02,
         9.1411e-02, -3.4365e-01, -3.3684e-01,  3.1702e-01, -3.3429e-01,
         2.6568e-01, -3.1018e-01, -2.4393e+00, -3.9981e-01, -3.8847e-01,
        -9.8946e-01,  1.9773e-01,  2.7699e-01,  2.6379e-01, -3.5330e-01,
        -3.1771e-01, -3.0733e-01, -3.7212e-01, -3.6412e-01, -5.3706e-03,
         3.0293e-01, -2.0810e-01, -2.6621e-01,  2.4026e-01, -3.2496e-01,
        -2.9941e-01,  1.1871e-02, -4.5294e-01, -3.4270e-01,  9.7521e-02,
        -3.2844e-01, -3.7608e-01, -2.6205e-02, -3.2953e-01,  3.1944e-01,
        -3.8904e-01, -5.7985e-02, -9.1296e-01,  8.2032e-02, -3.4629e-01,
        -6.1047e-02, -3.0712e-01, -4.0398e-01, -3.1029e-01, -1.1583e+00,
        -2.6203e-02,  1.8435e-01, -4.0215e-01, -3.2143e-01, -6.0188e-01,
         1.4514e-01, -2.7728e-01,  2.2497e-01,  1.5196e-01, -1.0990e-01,
         1.4271e-01, -2.0534e-01, -1.3382e-01, -9.8598e-01,  4.2871e-03,
        -3.2294e-01, -3.3169e-01, -2.0404e-03, -4.5573e-01, -4.2975e-01,
        -4.2300e-01, -3.4498e-01, -3.0528e-01, -8.0629e-01, -3.3098e-01,
        -6.7612e-02, -3.0970e-01, -3.0574e-02, -3.7939e-01,  3.0836e-01,
         3.5466e-01, -4.0192e-01, -3.8105e-01, -2.4795e-01, -1.1886e-01,
        -2.4598e-01, -2.8590e-01, -3.2416e-01,  3.5729e-01, -2.7956e-01,
        -3.3511e-01, -3.4320e-01, -1.0419e+00, -1.1941e+00, -3.3482e-02,
        -2.5485e-01, -2.1445e-01, -1.9638e+00, -1.5985e-02, -2.9162e-01,
        -1.7901e-02, -9.2448e-01,  3.8075e-01, -3.7529e-01, -1.6475e-02,
        -3.8608e-01, -1.5817e-01, -3.1744e-01,  1.4781e-01,  1.4063e-01,
        -2.3408e-01, -2.0356e-01, -2.0726e-01, -2.2331e-01, -4.0451e-01,
        -2.7040e-01, -1.1461e+00,  1.7584e-01, -5.4744e-01, -1.1401e-01,
        -3.5618e-01, -3.4531e-01,  1.7992e-01, -1.8762e+00, -4.0771e-01,
        -4.3338e-01,  2.1512e-01, -2.9501e-01, -3.8518e-01, -9.6128e-02,
        -3.7558e-01, -1.8501e-01, -3.6801e-01, -3.6489e-01, -3.8172e-01,
        -3.0956e-01, -3.3269e-01, -3.9608e-01, -6.2985e-01,  3.0547e-01,
        -5.8274e-01, -4.6719e-01,  1.5536e-01, -4.7084e-01, -3.1136e-01,
        -3.4329e-01,  3.3235e-01, -2.1835e-01, -3.5458e-01, -2.0568e-01,
        -3.0749e-01, -3.6084e-01, -1.3775e-01,  2.0868e-01, -2.0159e-01,
         2.9300e-01,  1.6981e-01, -4.2958e-01, -3.4534e-01,  2.4394e-01,
        -3.0380e-01, -5.7223e-02, -8.6581e-01,  8.4853e-02, -2.3491e-01,
         1.8001e-01,  1.4199e-01, -2.8667e-01, -3.1686e-01, -1.0333e+00,
         2.8288e-01, -3.0778e-01, -1.9477e-01, -7.5349e-01, -4.0087e-01,
        -3.2319e-02, -2.8125e-01, -2.8768e-01,  3.2159e-01, -2.7152e-01,
        -1.1567e+00, -3.1151e-01, -6.7228e-01,  1.8478e-01, -8.1349e-02,
        -2.6794e-01, -2.4526e-01, -4.8129e-02, -7.8167e-01, -3.5512e-01,
         2.9715e-01, -3.1693e-01, -8.1898e-01,  2.2733e-01, -4.7375e-01,
         6.6463e-04,  1.2799e-01, -3.5029e-01, -4.4054e-01, -2.9515e-01,
        -2.8334e-01, -1.8922e-01, -5.0112e-01, -3.6564e-01, -9.8692e-01,
         2.9833e-01,  9.9825e-02,  1.8702e-03, -1.1431e+00, -2.2212e-01,
        -4.0699e-01, -4.1332e-03, -3.8800e-01, -1.4893e-02, -4.0008e-01,
         3.1428e-01, -2.9227e-01, -3.2541e-01,  1.7690e-01,  2.8233e-01,
        -2.6212e-01, -9.7311e-01, -3.5859e-02, -2.7767e-01, -3.7565e-01,
        -3.3461e-03, -7.8003e-01,  3.0094e-01, -3.6432e-01, -4.6705e-01,
        -3.3794e-01, -3.2128e-01,  9.0906e-03,  3.5295e-01, -2.4367e-01,
        -9.7778e-03,  2.9670e-01, -1.7417e-01, -3.8124e-01, -2.2411e-01,
         1.0979e-01,  2.9422e-01, -4.3428e-01, -3.1570e-01,  2.0962e-02,
        -2.3041e-01, -1.4649e+00,  2.9037e-01, -3.4876e-01, -3.7992e-01,
        -4.3511e-01,  2.5470e-01, -2.6085e-01, -3.6673e-01, -2.2360e-01,
        -1.6297e-01, -3.6408e-01, -3.1948e-01, -2.5460e-01,  2.7646e-01,
         2.0356e-01, -5.8571e-01, -2.7206e-01, -2.7354e-01, -3.3892e-01,
        -3.0647e-01, -3.7167e-01, -3.1613e-01, -1.3981e-01, -3.5465e-01,
        -3.8782e-01, -1.2923e+00, -4.9236e-01,  3.0204e-01, -2.8386e-01,
        -3.6498e-01,  3.6186e-01, -2.1853e-01,  2.4588e-01, -3.3160e-01,
        -2.2868e-01, -2.9900e-01,  3.0953e-01, -4.7389e-01, -4.4305e-01,
        -1.9537e-01, -2.5563e-01, -2.4592e-01, -5.0789e-03, -2.8984e-01,
        -7.5485e-02, -4.3200e-01, -4.5918e-02,  2.3304e-01, -3.0987e-01,
         1.7003e-01,  2.2043e-01, -3.9015e-01, -3.1532e-01, -2.5478e-01,
        -3.4304e-01, -1.7798e-01, -4.3027e-01,  2.1472e-01,  2.3853e-01,
         3.2639e-01, -3.3333e-01, -3.5525e-01, -3.6965e-01, -3.9067e-01,
        -1.0432e+00, -4.1000e-01, -1.1328e-01,  8.0367e-03, -2.4904e-01,
        -2.8156e-01, -3.4526e-01, -3.7842e-01, -3.6314e-01, -4.0292e-01,
        -3.7029e-01,  2.3656e-01,  2.5486e-01, -1.1431e-01, -3.8989e-01,
        -3.2566e-01, -3.4354e-01, -1.9394e-02,  2.1359e-01, -4.1909e-01,
         3.5849e-03, -4.4180e-01, -1.5926e-01,  1.5551e-01, -3.7846e-01,
        -4.7000e-03,  1.7328e-02, -3.2399e-01,  3.4087e-01, -3.2394e-01,
        -3.9767e-01, -3.5907e-01, -2.3175e+00,  1.8958e-01,  3.1901e-01,
        -4.1074e-01, -2.7379e-01, -4.7108e-01,  1.4219e-02, -1.5061e+00,
         3.0030e-01, -4.1037e-01, -1.0803e-02, -5.9816e-01, -3.3995e-02,
         2.8413e-01, -3.1458e-01, -1.9111e-01,  2.0105e-01,  1.6822e-01,
        -3.2073e-01,  3.1142e-01, -3.2275e-01,  2.7645e-01,  1.5371e-02,
        -2.4854e-01, -3.0023e-03, -3.1593e-01, -1.2480e-02, -7.6809e-01,
         3.4191e-01, -3.1598e-01, -3.7921e-01,  2.9654e-01, -3.5460e-01,
        -2.8471e-01, -4.8908e-02,  7.1231e-02, -3.4297e-01, -2.7070e-01,
        -5.6960e-03, -9.5528e-03, -3.8679e-01,  3.3051e-01, -3.7596e-01,
        -2.6223e-01, -4.0063e-01, -8.3839e-02,  1.6758e-01, -4.2199e-01,
        -3.7285e-02, -4.3504e-03,  2.3016e-01, -1.9824e-01, -4.0223e-01,
        -3.6148e-01, -1.3326e-02, -3.1888e-01,  1.6903e-01, -7.4543e-01,
        -7.6119e-03, -1.3328e-02,  1.0620e-01, -4.0786e-01, -4.2841e-01,
        -3.8982e-01,  2.5344e-01,  2.9157e-01, -1.8773e-01,  1.2463e-01,
         2.4226e-01, -3.2687e-01, -4.1152e-01, -4.5730e-01, -4.9571e-01,
        -3.6717e-03,  2.9344e-01, -2.1219e-01, -3.1537e-01, -1.9378e-01,
        -2.1117e-01, -2.9778e-03, -2.3966e-01, -2.8822e-01, -3.0235e-01,
        -2.8103e-01, -2.3149e-01, -2.6400e-01, -1.6218e+00, -5.2017e-01,
        -3.2953e-01,  3.7927e-01, -3.6865e-01,  2.9260e-01, -3.8133e-01,
        -2.5766e-02, -2.7726e-01, -1.8682e-01, -3.8982e-01, -2.2368e+00,
        -3.7380e-01,  1.1575e-01, -3.3833e-01,  4.1250e-02, -3.2833e-01,
        -2.9440e-01,  3.1216e-01, -2.1321e-01, -3.5636e-02, -1.8074e+00,
        -2.0292e-02, -1.2787e-01, -3.5176e-01,  4.0564e-02,  1.7228e-01,
        -3.1148e-01, -2.9242e-01, -5.3301e-01, -4.1459e-01,  3.2298e-01,
         2.1938e-01, -1.6562e-02,  2.8552e-01, -3.0036e-01,  3.5341e-01,
         1.0410e-01, -3.5661e-02, -3.1019e-01, -3.3650e-01, -3.7967e-01,
        -2.4446e-01, -4.1960e-01,  3.4745e-01, -3.5674e-01, -2.5827e-01,
        -3.5086e-01,  2.9417e-01, -7.6397e-02, -2.3945e-01, -3.8831e-01,
        -3.5229e-01,  3.0201e-01, -2.8800e-01, -3.7745e-01, -4.0060e-01,
        -3.3037e-01, -3.6189e-01,  2.8489e-01, -1.2346e+00,  2.7220e-01,
         1.4848e-02,  2.4729e-01, -3.0900e-01, -2.6608e-01, -3.4508e-01,
         1.0613e-02, -8.8905e-03, -1.7715e-02, -1.2522e-02, -2.2284e-01,
         3.9874e-01, -4.4079e-01, -3.8980e-01,  3.0212e-01,  2.5812e-01,
        -1.9960e-02,  1.5865e-01,  3.5184e-01,  2.9100e-01,  2.6395e-01,
        -1.7625e-01, -1.4183e+01, -2.4284e-01, -3.5347e-01,  1.9773e-01,
        -2.0654e+00, -2.1009e-01, -6.7163e-01, -3.9056e-01, -3.6309e-01,
        -3.0150e-01, -3.3639e-01, -2.5340e-01,  2.6353e-01, -3.0394e-01,
        -3.8672e-01, -3.3197e-01, -1.1128e-01, -3.5703e-01, -4.4705e-01,
        -1.8539e-02, -3.2325e-01, -3.7512e-01, -3.7255e-01, -3.7840e-01,
         2.1926e-01, -4.0985e-01, -3.8460e-01, -2.5768e-01, -2.8765e-01,
        -1.5058e-01, -9.1797e-01,  2.2735e-01, -2.6470e-02, -3.4391e-01,
         1.7189e-01,  2.8910e-01, -3.1964e-01, -3.3144e-01, -3.7114e-01,
        -1.8303e-01, -3.8340e-01, -9.6493e-01, -4.3429e-02, -4.9372e-01,
         2.0074e-01, -3.2280e-01,  2.6526e-01,  2.2639e-01, -4.5658e-01,
        -8.0236e-03,  2.9542e-01, -2.4492e-01, -4.3474e-01,  8.0913e-04,
         2.5828e-01, -3.2034e-01, -2.8660e-01, -3.8250e-01, -3.6877e-01,
        -2.9661e-01, -4.0001e-02,  1.5977e-01,  1.3442e-01, -2.9837e-01,
        -1.2848e+00, -3.1546e-01,  8.5714e-02, -3.8364e-01, -3.8948e-01,
        -6.3955e-01, -1.1917e-01, -1.0132e-01, -1.1043e-01,  2.8105e-01,
        -3.4095e-01, -1.8585e+00, -3.4690e-01, -2.9189e-01,  1.4402e-02,
        -3.5295e-01,  2.0395e-01]), 'model.features.6.0.block.1.1.running_var': tensor([1.0901e-02, 3.8308e-02, 2.6554e+00, 5.9543e-03, 1.1166e-02, 9.7477e-02,
        6.3744e-03, 1.1964e-01, 4.5154e-03, 2.5250e-03, 1.2440e-02, 2.2066e-02,
        1.3434e-02, 7.4643e-03, 1.9962e-02, 2.2896e-02, 1.0173e-01, 5.1042e-03,
        5.3405e-01, 3.0800e-03, 8.1570e-03, 1.3945e+00, 6.1703e-03, 1.0343e-02,
        3.4302e-01, 8.5489e-03, 9.4132e-02, 1.3677e-02, 1.5789e-02, 1.6289e-02,
        1.0006e-02, 2.5819e-02, 8.6875e-03, 3.0018e-02, 3.5589e-01, 7.6865e-03,
        2.5015e-02, 1.4266e-02, 5.4398e-03, 8.7523e-03, 4.6512e-02, 7.6085e-03,
        7.9022e-03, 1.9623e-02, 2.7060e-03, 5.5076e-02, 6.5854e-03, 9.6987e-03,
        8.5101e-01, 3.8375e-03, 4.4217e-03, 1.1513e-02, 1.5352e-02, 4.9534e-02,
        3.9823e-02, 6.6741e-03, 1.6646e-02, 5.9372e-03, 4.3031e-03, 4.0682e-03,
        2.3468e-01, 3.5614e-03, 4.2776e-03, 7.0364e-03, 1.0851e-02, 4.2017e-01,
        1.1344e-02, 1.1406e-01, 8.3408e-03, 3.4744e-04, 4.9380e-03, 3.0913e-01,
        1.8469e-02, 1.8118e-02, 5.4870e-03, 2.4206e-02, 6.0909e-02, 7.0014e-03,
        4.1530e-03, 8.5676e-02, 1.3445e-02, 3.5221e-02, 8.6172e-03, 7.5629e-03,
        7.0712e-05, 4.9183e-02, 8.4902e-03, 8.6949e-03, 8.2256e-03, 8.4754e-03,
        1.0616e-02, 1.4390e-02, 2.8954e-01, 1.6810e-02, 1.6875e-02, 1.0005e+00,
        2.7088e-02, 3.1107e-02, 2.4238e-02, 3.6211e-03, 6.8592e-03, 4.8366e-03,
        1.1455e-02, 1.1642e-02, 2.9742e-04, 9.7053e-03, 1.3924e-02, 4.1033e-03,
        1.0949e-02, 6.7512e-03, 1.1358e-02, 2.5457e-02, 6.6997e-03, 7.9226e-03,
        6.6486e-02, 1.1165e-02, 6.8564e-03, 1.1849e-01, 4.9423e-03, 7.2309e-03,
        7.4139e-03, 1.2184e-01, 1.0589e+00, 1.0577e-01, 6.7758e-03, 6.6562e-02,
        4.8874e-03, 8.6563e-03, 1.0358e-02, 2.5816e-01, 5.7691e-04, 7.0817e-02,
        9.5836e-03, 3.8635e-03, 2.1634e-01, 7.5255e-02, 8.6271e-03, 4.0694e-02,
        4.7761e-02, 1.3985e-01, 2.2334e-02, 4.2195e-02, 1.9916e-01, 2.7445e-01,
        5.9646e-02, 7.5789e-03, 7.5707e-03, 3.1590e-02, 3.5890e-03, 1.4680e-02,
        7.7998e-03, 7.6836e-03, 1.2168e-02, 4.4249e-01, 1.2660e-01, 1.3482e-02,
        4.1202e-02, 1.1885e-01, 4.0700e-03, 6.4538e-03, 1.2674e-02, 6.4044e-03,
        1.1442e-02, 2.2106e-02, 1.9813e-01, 1.4096e-02, 8.7815e-03, 1.2170e-02,
        5.0888e-03, 3.7987e-03, 2.6934e-03, 3.8585e-03, 5.0036e-01, 2.3559e-01,
        5.7903e-02, 1.1228e-02, 6.8948e-03, 3.0021e+00, 4.4699e-04, 6.4531e-03,
        7.3011e-02, 7.7926e-01, 6.4175e-03, 9.6810e-03, 2.5729e-04, 4.0911e-03,
        1.3128e-02, 4.8833e-03, 6.5182e-02, 2.2319e-02, 1.3199e-02, 1.5330e-02,
        6.3534e-03, 6.8048e-03, 4.9254e-03, 9.6352e-03, 1.3182e+00, 1.3687e+00,
        1.5772e+00, 3.1187e-01, 4.8874e-03, 7.7281e-03, 1.8699e-02, 2.3270e-01,
        3.0073e-03, 4.2767e-03, 4.1187e-02, 5.6708e-03, 2.2900e-01, 3.5680e-02,
        1.2519e-02, 1.8872e-02, 5.0149e-03, 5.5831e-03, 4.3132e-03, 5.6295e-01,
        2.0982e-02, 2.1500e-01, 7.2485e-01, 1.1145e-02, 7.3912e-01, 3.1543e-01,
        1.4489e-02, 4.0318e-03, 6.3660e-03, 5.7525e-03, 6.9668e-03, 2.3848e-01,
        1.2124e-02, 1.9076e-01, 1.5851e-02, 7.3679e-03, 9.3072e-02, 2.5375e-02,
        1.5868e-02, 3.4797e-02, 9.8720e-02, 6.3425e-03, 1.0155e-02, 1.3614e-02,
        1.5924e-02, 9.7030e-02, 4.3192e-01, 5.2871e-02, 2.8528e-02, 5.4058e-02,
        3.7769e-02, 6.9597e-03, 8.0753e-03, 8.8458e-01, 2.4410e-02, 8.7918e-03,
        6.0001e-03, 4.5346e-01, 6.7575e-03, 1.6054e-02, 7.6235e-03, 1.3443e-02,
        4.1258e-03, 1.0694e-02, 8.1204e-01, 8.2634e-03, 4.8987e-01, 3.0032e-02,
        2.2294e-01, 1.1785e-02, 1.4024e-02, 2.1634e-01, 7.5543e-01, 6.9149e-03,
        5.4276e-03, 1.2642e-02, 5.9671e-01, 2.3555e-02, 5.4592e-03, 7.2147e-04,
        9.7402e-02, 6.6564e-03, 1.1471e-02, 2.8153e-01, 9.4426e-03, 2.0713e-02,
        2.9562e-01, 4.9134e-03, 5.0421e-01, 1.1056e-02, 9.0113e-02, 6.0218e-03,
        9.7391e-01, 1.5042e-02, 7.8951e-03, 3.7337e-04, 4.1383e-03, 2.4735e-04,
        9.6868e-03, 1.3861e-02, 7.1278e-03, 1.8614e-02, 2.1283e-02, 1.3633e-02,
        4.5372e-03, 1.3240e+00, 7.4482e-02, 3.7992e-01, 6.8502e-03, 1.4823e-01,
        4.7399e-01, 4.8556e-03, 9.5190e-03, 8.1809e-03, 1.1177e-02, 2.5243e-01,
        4.4043e-04, 8.9082e-03, 9.6803e-03, 1.2302e-01, 1.2346e+00, 2.3279e-01,
        7.2293e-03, 7.2631e-03, 2.3933e-01, 5.6022e-03, 6.5606e-03, 8.7858e-03,
        1.1279e-01, 4.6708e-03, 1.3919e+00, 1.0842e-02, 6.9208e-03, 1.1621e-02,
        1.1096e-02, 1.5154e-02, 2.0188e-02, 2.1899e-02, 2.4900e-02, 1.2084e-01,
        5.9913e-03, 7.0403e-03, 1.8350e-02, 7.7565e-03, 2.0025e-02, 2.0661e-01,
        1.5333e-02, 5.7600e-03, 4.3415e-03, 2.8356e-03, 6.7848e-03, 8.4437e-03,
        4.4446e-02, 6.2528e-03, 1.2104e-02, 1.5418e-01, 5.4729e-01, 1.1187e-02,
        7.0252e-03, 8.1995e-03, 6.2286e-03, 1.4726e-02, 1.8936e-02, 5.6237e-03,
        1.2423e-02, 5.8819e-03, 5.5611e-03, 4.6510e-01, 5.7994e-01, 1.9015e-02,
        1.4286e-02, 1.9126e-02, 8.1584e-03, 1.0831e-02, 1.8856e-02, 5.6363e-03,
        5.6505e-04, 1.8354e-02, 7.6502e-03, 7.4662e-02, 3.2993e-02, 5.4842e-03,
        1.3504e-02, 7.1542e-03, 3.1304e-03, 3.5334e-02, 8.3880e-03, 4.1786e-02,
        3.8790e-02, 5.3090e-03, 7.6313e-03, 1.2978e-02, 6.3843e-03, 3.8847e-03,
        1.1114e+00, 9.3784e-03, 1.5466e-02, 2.0903e-04, 2.5560e-03, 1.1533e-02,
        7.0492e-03, 4.6252e-03, 5.2305e-03, 1.3147e-01, 1.0269e-02, 1.4661e-02,
        2.0221e-02, 1.4135e-01, 5.1308e-03, 6.4763e-03, 6.6230e-03, 7.4282e-02,
        1.8308e-02, 4.5774e-01, 6.3109e-02, 1.1189e-02, 1.8458e-02, 2.9282e-02,
        8.0934e-03, 2.8328e-03, 3.2853e-02, 8.0309e-03, 8.1665e-03, 1.0469e-02,
        1.1158e-02, 5.7904e-03, 2.2917e-01, 2.1681e-02, 1.3766e-02, 7.7396e-03,
        2.1574e-01, 4.9836e-01, 4.1938e-02, 5.5073e-01, 1.2085e-02, 9.0817e-03,
        5.4620e-04, 5.4398e-01, 1.0433e-02, 4.6827e-03, 5.4873e-03, 2.5785e-01,
        8.3247e-01, 4.5006e-02, 8.9777e-03, 1.1435e-02, 8.4865e-03, 3.3741e-03,
        1.6806e-02, 1.6471e-02, 5.3003e-02, 6.6109e-03, 2.1153e-04, 1.5511e-01,
        4.2567e-03, 9.6711e-03, 6.2806e-03, 9.0998e-03, 6.7650e-03, 1.6887e-02,
        2.9011e-03, 2.9315e-02, 3.9971e-03, 2.8653e-02, 2.2313e-04, 4.4312e-04,
        3.7016e-03, 1.2100e-02, 1.3634e-02, 1.5221e-02, 7.2255e-03, 6.0928e-02,
        7.4929e-02, 1.6265e-02, 2.5941e-04, 3.8069e-04, 2.0347e-02, 1.4630e-02,
        1.5096e-02, 8.1541e-03, 6.3883e-02, 3.1573e-03, 1.8942e-02, 2.5162e+00,
        3.3569e-04, 3.5349e-02, 1.1047e-01, 1.0408e-02, 7.2261e-03, 6.6014e-03,
        4.4140e-03, 9.2082e-03, 2.6199e-02, 1.5191e-01, 1.8467e-02, 7.9693e-03,
        3.0452e-03, 4.1317e-03, 2.1486e-01, 4.0651e-04, 1.2521e-02, 2.0354e-01,
        1.0517e-02, 7.9695e-03, 4.3558e-03, 1.1559e-02, 6.2753e-03, 7.8883e-03,
        9.8032e-03, 9.8913e-03, 2.4114e-02, 1.1062e-02, 6.7674e-01, 4.8955e-01,
        1.2723e-02, 7.7463e-03, 1.4147e-02, 7.8285e-03, 8.5056e-03, 1.1295e-01,
        1.6824e-02, 6.5695e-03, 3.7217e-03, 4.5442e-01, 6.4296e-03, 2.4378e-02,
        9.6330e-03, 6.5263e-02, 1.3962e-02, 1.3705e-02, 4.9888e-03, 2.8045e-02,
        5.6675e-02, 7.5996e-01, 4.0592e-01, 2.0036e-01, 1.4169e-02, 3.6586e-02,
        4.1687e-02, 7.1416e-03, 6.3141e-03, 6.6254e-01, 1.0944e-02, 7.9267e-03,
        6.1722e-02, 3.2175e-02, 1.2014e-02, 1.9789e-02, 5.3530e-03, 4.7801e-02,
        1.4317e-04, 2.3064e-03, 5.0681e-03, 4.4672e-03, 1.3643e-01, 6.1409e-03,
        1.2877e-02, 5.8693e-03, 6.7225e-03, 1.2033e-02, 1.2834e-02, 3.1404e-03,
        2.0035e-02, 6.0670e-03, 1.0309e-02, 9.7499e-03, 1.0320e-02, 2.5155e-02,
        5.0826e-03, 5.2540e-03, 8.3018e-03, 1.1751e-02, 2.9250e-01, 1.3219e-02,
        2.1278e-04, 2.5994e-02, 8.0766e-03, 4.2309e-03, 4.0074e-03, 8.4380e-04,
        6.3700e-02, 5.7981e-02, 1.0389e-04, 6.2632e-03, 7.7202e-03, 9.1714e-03,
        8.5502e-03, 1.7771e-02, 2.9347e-02, 7.1891e-02, 5.0699e-02, 1.7184e-02,
        1.0671e-02, 6.8777e-03, 2.2677e-02, 5.9059e+00, 1.1212e-02, 2.8580e-02,
        8.9693e-02, 2.0900e-01, 1.1041e-02, 4.6854e-01, 1.0031e-02, 3.4011e-01,
        9.0888e-03, 1.1630e-02, 7.9269e-03, 1.9382e-02, 6.8185e-03, 3.8236e-03,
        6.9230e-03, 3.2305e-01, 8.4210e-03, 2.3422e-01, 4.0861e-04, 1.1034e-02,
        2.4603e-02, 4.0788e-03, 7.2218e-03, 1.0983e-02, 4.0351e-03, 7.8946e-03,
        1.1704e-02, 1.2947e-02, 1.6514e-02, 5.6010e-01, 9.8820e-02, 5.0849e-01,
        1.1273e-02, 3.1124e-02, 6.2459e-03, 5.0149e-03, 9.2319e-03, 5.3087e-03,
        1.2341e-01, 2.2704e-02, 3.7003e-01, 7.5731e-02, 3.8573e-01, 6.7401e-02,
        3.7528e-03, 1.3630e-02, 1.5213e-02, 9.3118e-02, 4.3913e-02, 1.1029e-02,
        9.9867e-03, 1.0093e-01, 1.6300e-01, 1.6267e-02, 1.0016e-02, 4.3127e-03,
        6.1153e-03, 5.1817e-03, 8.3525e-03, 1.9949e-03, 7.4834e-02, 4.2109e-02,
        5.1111e-01, 4.2594e-02, 2.2576e-02, 1.1015e-01, 1.5985e-02, 7.6196e-03,
        1.8751e-01, 2.7882e-03, 2.1799e-01, 3.0068e-02, 1.1710e-02, 1.3720e-02,
        1.1080e+00, 1.2442e-02, 1.4526e-02, 7.9537e-02, 8.8626e-03, 1.5312e-02]), 'model.features.6.0.block.1.1.num_batches_tracked': tensor(703214), 'model.features.6.0.block.2.fc1.weight': tensor([[[[ 0.0236]],

         [[-0.0316]],

         [[ 0.0061]],

         ...,

         [[-0.0546]],

         [[-0.0228]],

         [[-0.0364]]],


        [[[ 0.0145]],

         [[ 0.0037]],

         [[ 0.1282]],

         ...,

         [[ 0.0202]],

         [[-0.0158]],

         [[ 0.0063]]],


        [[[ 0.0023]],

         [[-0.0055]],

         [[-0.0702]],

         ...,

         [[ 0.0181]],

         [[ 0.0061]],

         [[ 0.0084]]],


        ...,


        [[[-0.0023]],

         [[ 0.0089]],

         [[ 0.0053]],

         ...,

         [[ 0.0158]],

         [[-0.0312]],

         [[ 0.0055]]],


        [[[-0.0019]],

         [[ 0.0099]],

         [[ 0.0214]],

         ...,

         [[ 0.0297]],

         [[-0.0212]],

         [[ 0.0103]]],


        [[[-0.0862]],

         [[ 0.0149]],

         [[-0.0541]],

         ...,

         [[ 0.1278]],

         [[-0.1030]],

         [[-0.0737]]]]), 'model.features.6.0.block.2.fc1.bias': tensor([ 0.6316,  1.5984,  0.4168,  2.2588,  0.7897,  0.9413,  0.6573,  0.1469,
         1.2935,  0.7568,  1.1884,  0.6562,  2.2359,  1.8750,  1.9900, -0.0308,
         1.2235,  0.3738,  0.7120,  0.1230,  0.2293,  0.7459,  0.7209,  2.0092,
         0.0457, -0.3175,  0.5432, -1.6664]), 'model.features.6.0.block.2.fc2.weight': tensor([[[[ 0.0429]],

         [[ 0.0309]],

         [[ 0.0202]],

         ...,

         [[-0.0029]],

         [[-0.0071]],

         [[ 0.1016]]],


        [[[-0.0156]],

         [[-0.0232]],

         [[-0.0389]],

         ...,

         [[-0.0330]],

         [[-0.0071]],

         [[ 0.0386]]],


        [[[ 0.0287]],

         [[ 0.1707]],

         [[-0.0494]],

         ...,

         [[-0.0580]],

         [[-0.0131]],

         [[ 0.0205]]],


        ...,


        [[[-0.0264]],

         [[-0.0176]],

         [[-0.0114]],

         ...,

         [[ 0.0092]],

         [[ 0.0284]],

         [[ 0.2494]]],


        [[[ 0.0357]],

         [[ 0.0500]],

         [[ 0.0560]],

         ...,

         [[ 0.0725]],

         [[ 0.0549]],

         [[ 0.0523]]],


        [[[ 0.0049]],

         [[-0.0187]],

         [[-0.0331]],

         ...,

         [[ 0.0348]],

         [[ 0.0059]],

         [[-0.0454]]]]), 'model.features.6.0.block.2.fc2.bias': tensor([ 0.9370,  2.0410, -0.6514,  1.6242,  1.4752,  1.0520,  1.7071,  1.7018,
         1.5165,  2.4256,  2.3191,  1.7223,  1.9198,  1.5394,  2.2806,  1.2081,
         1.3010,  2.4027,  2.2288,  0.8427,  1.2675,  1.5465,  1.7421,  1.4037,
         1.6436,  2.5482,  1.4738, -0.1159,  1.4038,  0.7574,  2.0376,  1.9523,
         1.2948,  1.0008,  1.9138,  0.7505,  1.3216,  1.4179,  1.8395,  3.0459,
         2.4176,  1.0624,  1.4509,  1.0234,  1.5593,  2.0950,  1.2040,  1.3322,
         1.8665,  1.4878,  1.1562,  1.4517,  2.6019,  2.3686,  1.6960,  1.4752,
         1.1831,  2.4666,  1.3279,  0.3661,  1.3105,  1.5285,  0.4275,  1.1532,
         1.1127,  2.4556,  2.4958,  2.4340,  1.4518,  1.1252,  1.7114,  1.8176,
         0.2604,  1.7423,  1.6588,  2.7077,  1.7374,  0.6000,  0.5607,  2.0730,
         1.9609,  2.2841,  2.6485,  0.4539,  1.9145,  0.8781,  1.8075,  2.0647,
         2.3412,  2.1103,  2.3008,  0.8887,  1.2652,  1.6919, -0.3621,  1.8420,
         1.9020,  2.1918,  2.6187,  1.2938,  1.6994,  1.6347,  1.7427,  0.3881,
         1.4512,  2.6190,  0.0279,  0.2043,  2.6447,  1.7261,  1.5440,  1.3473,
         1.6170,  1.8665,  2.7828,  1.8401,  1.3113,  1.4103,  1.5573,  2.8480,
         1.8613,  2.0763,  1.3639,  2.3414,  1.4829,  2.3444,  1.4843,  1.9413,
         1.7377,  1.9519,  1.5437,  2.8390,  1.4004,  1.3503,  1.6954,  1.9754,
         1.9130,  2.5289,  2.2206,  1.4166,  1.8371,  0.9241,  1.1994,  1.3350,
         1.6171,  1.0566,  1.9902,  1.3985,  0.9510,  1.3531,  1.6534,  1.7516,
         1.4858,  1.7983,  1.6701,  1.0420,  1.9622,  1.8098,  1.1839,  2.4130,
         2.8094,  1.5558,  1.6365,  1.8655,  1.7516,  1.7411,  1.2430,  2.0535,
         3.0307,  0.8581,  1.6552,  1.1197,  2.0040,  1.9374,  2.7636,  1.5471,
         1.4989,  2.1654,  2.2495,  0.9287,  1.5887,  1.6220,  2.7382,  1.8948,
         1.1750,  1.3520,  1.6960,  1.4763,  2.2663,  1.5602,  2.0935,  1.1873,
         0.7908,  1.3179,  1.6571,  1.4238,  1.7291,  2.0303,  3.0829,  2.4049,
         1.8628,  1.4484,  1.8743,  1.5526,  1.2344,  0.2174,  2.9398,  0.9990,
         2.5186,  1.9764,  1.4585,  1.4294,  1.8078,  1.4699,  0.7414,  1.2951,
         1.5738,  1.6876,  1.9024,  2.5960,  2.0647,  1.2727,  1.5855,  1.6676,
         0.4451,  1.3628,  2.6250,  1.3125,  1.6456,  1.4962,  0.8524,  1.4887,
         1.6193,  2.5101,  1.4100,  2.3142,  1.8966,  1.7691,  2.3471,  2.2356,
         1.3131,  2.1933,  1.3054,  0.7606,  0.6207,  2.2673,  2.3685,  1.9950,
         1.7745, -1.2391,  2.9907,  1.5882,  1.7007,  1.4732,  1.8820,  2.5169,
         1.5370,  1.2304,  2.7183,  1.2817,  1.4948,  1.6775,  2.0231,  2.3996,
         2.9606,  1.2539,  1.3164,  1.9225,  2.2989,  1.4187,  3.0212,  1.1493,
         1.9333,  2.9840,  1.7598,  1.3617,  2.1251,  1.5138,  0.9466,  0.5221,
         0.8078,  1.3558,  2.0209,  0.7102,  2.0240,  2.8144,  2.5617,  2.1680,
         2.0049,  1.3256,  1.3116,  1.2878,  1.0644,  1.8217,  0.5612,  2.4983,
         1.3721,  1.8291,  2.6365,  2.8110,  1.8207,  1.3502,  1.5958,  2.6397,
         1.7110,  2.1177,  1.5793,  2.6725,  2.1202,  1.9412,  0.0264,  1.9508,
         1.8348,  2.3576, -1.8303,  2.3334,  2.3476,  1.7314,  1.7878,  1.0325,
         2.7690,  2.6200,  0.6009,  1.1497,  1.3834,  1.4854,  1.0509,  2.3278,
         1.7392,  1.3873,  2.0759,  2.5341,  1.7501,  1.3866,  0.8560,  1.3770,
         1.5893,  2.1713, -1.0342,  2.6237,  2.7082,  1.7474,  1.6555,  1.3800,
         1.2656,  1.2077,  1.7374,  0.2087,  0.5948,  1.4565,  1.4299,  1.6750,
         2.2713,  2.4924,  1.2855,  1.2943,  2.8361,  2.0536,  2.6469,  0.9214,
         1.4609,  1.0765,  2.4257,  1.3086,  2.2144,  1.5359,  1.8915,  1.3556,
         2.4036,  1.7817,  1.4680,  1.7145,  2.0968,  2.2001,  1.7476,  2.8546,
         1.8652,  1.3127,  1.5373,  1.4686,  1.0779, -2.0263,  1.3545,  2.6230,
         2.1475,  2.5245,  0.7935,  0.2762,  0.8299,  1.6110,  2.1967,  1.4350,
        -0.5273,  2.0047,  1.5196,  0.8113,  1.7524,  1.4693,  1.3081,  1.4744,
         2.0607,  2.2120,  2.1067,  1.6164,  1.0541,  0.7031,  1.1643,  1.8120,
         1.8686,  1.4568,  1.8208,  0.5059,  2.4162,  2.0852,  1.5195,  1.4290,
         1.6326,  1.4660,  2.2621,  1.3337,  1.7916,  1.6664,  1.7234,  2.6899,
         2.5833,  1.2821,  2.4321,  1.6216,  2.6977,  2.3364,  2.7994,  1.3282,
         1.6342,  1.9382,  2.5001,  2.9584,  0.4480,  1.5157,  2.0409,  2.4453,
         1.3790,  2.7287,  1.1996,  2.3010,  1.5083,  1.2143,  2.3784,  1.2900,
         1.5859,  2.1851,  2.6478,  1.4560,  1.0925,  2.8705,  1.4629,  1.0918,
         1.0098,  2.1513,  1.0609,  1.9211,  1.6160,  2.0863,  1.0908,  2.7628,
         1.6781,  0.9206,  2.2386,  2.4456,  2.6613,  1.5238,  2.1057,  2.1765,
         1.8972,  1.9411,  1.9695,  1.5618,  1.5605,  1.1547,  2.8888,  2.0994,
         0.4928,  1.9243,  2.1368,  1.9239,  1.4992,  0.5628,  2.5773,  2.5378,
         1.5645,  2.4651,  2.2414,  1.5885,  1.6122,  1.1696,  1.4451,  1.3503,
         2.8013,  2.4409,  0.5330,  0.6785,  1.1162,  1.5241,  1.5219,  1.6966,
         1.1506,  1.2154,  1.3811,  0.8338,  1.6561,  1.9029,  1.8844,  2.7822,
         1.1698,  2.9713,  1.6228,  1.5917,  1.8442,  0.7960,  1.5325,  1.7888,
         1.4492,  2.1250,  1.4444,  2.1803,  1.6422,  2.0171,  2.3487,  0.8539,
         1.8625,  1.9932,  2.2156,  1.6918,  1.6238,  2.0152,  2.5221,  1.0728,
         1.6505,  2.7658,  1.4427,  2.9558,  3.0243,  2.1113,  2.5330,  0.9094,
         2.4756,  2.5940,  1.6428,  0.4866,  1.6891,  1.3495,  1.7475,  1.9102,
         2.0234,  0.6810,  0.2024,  1.7219,  2.4950,  1.3858,  1.2574,  1.5760,
         1.9489,  2.6328,  1.7951,  1.5761,  1.2824,  0.9004,  1.9029,  2.2005,
         1.4922,  2.7726,  1.0871,  2.2609,  1.2360,  1.2526,  0.9990,  1.2780,
         1.9932,  2.3649,  0.0920,  1.3327,  2.8556,  1.6476,  1.2347,  2.8369,
         2.7399,  1.3305,  1.6266,  2.1734,  2.6319,  2.6601,  1.0537,  3.2489,
         1.5035,  1.9470,  2.1095,  1.0976,  0.9176,  1.8995,  1.2397,  2.4888,
         1.3970,  1.5473,  1.5273,  2.3463, -0.0769,  1.4078,  1.5685,  2.2746,
         2.0695,  1.5773,  1.8454,  1.6366,  1.3102,  1.8392,  1.6581,  2.4982,
         0.9177,  1.3775,  1.2069,  1.8385,  1.7953,  0.4713,  2.7362,  1.9679,
         1.4639,  2.8579,  2.5111,  1.6065,  0.3748,  1.5117,  1.1223,  1.6488,
         1.7376,  2.4501,  2.1241,  2.4267,  1.6451,  2.2329,  2.5446,  1.3995,
         2.1820,  2.1453,  1.4121,  1.1049,  2.1178,  2.7038,  1.1427,  1.5981,
         1.3214,  1.5606,  0.2563,  2.2203,  2.3786,  2.0750,  2.0118,  0.8605,
         1.7023,  2.5945,  1.7590,  1.8987,  0.9456,  1.8590,  2.0836,  2.0310,
         2.5268,  1.8966,  2.0186,  1.3674,  0.6351,  2.2280,  1.3385,  2.5137]), 'model.features.6.0.block.3.0.weight': tensor([[[[-0.0628]],

         [[ 0.0291]],

         [[ 0.1470]],

         ...,

         [[ 0.0847]],

         [[ 0.0142]],

         [[-0.0026]]],


        [[[ 0.1963]],

         [[-0.0829]],

         [[-0.0031]],

         ...,

         [[-0.0049]],

         [[ 0.0387]],

         [[-0.0157]]],


        [[[ 0.0514]],

         [[-0.0019]],

         [[ 0.1440]],

         ...,

         [[ 0.0461]],

         [[ 0.1272]],

         [[-0.0866]]],


        ...,


        [[[ 0.0094]],

         [[-0.0130]],

         [[ 0.0813]],

         ...,

         [[-0.0710]],

         [[ 0.0855]],

         [[-0.0934]]],


        [[[-0.0083]],

         [[-0.0301]],

         [[ 0.0356]],

         ...,

         [[ 0.0315]],

         [[-0.0225]],

         [[-0.0337]]],


        [[[-0.0218]],

         [[-0.0939]],

         [[ 0.2044]],

         ...,

         [[ 0.0431]],

         [[ 0.1020]],

         [[ 0.0322]]]]), 'model.features.6.0.block.3.1.weight': tensor([4.0940, 5.6370, 5.5523, 4.1330, 4.0268, 4.4020, 4.1010, 3.8170, 3.9837,
        5.0785, 4.3661, 5.2625, 3.8481, 4.5299, 3.7973, 4.8762, 3.9571, 6.2773,
        4.2011, 3.9367, 4.1604, 5.1060, 4.1151, 4.0110, 4.0033, 3.9464, 4.3571,
        4.2488, 3.9083, 4.0244, 4.2399, 4.4161, 4.1874, 4.1104, 3.9627, 3.8094,
        4.4841, 3.8694, 4.7343, 4.0154, 4.1216, 3.8645, 4.3735, 4.1475, 4.1392,
        4.3926, 4.0047, 4.1065, 4.1670, 4.4099, 5.9912, 4.0780, 4.5677, 4.4804,
        3.5737, 4.0983, 4.3353, 4.0416, 4.3653, 4.2180, 3.8979, 4.3601, 3.7451,
        4.6139, 3.9229, 4.3110, 3.9465, 3.9341, 4.5902, 3.7860, 3.8445, 5.2739,
        4.3424, 3.8210, 3.9163, 3.9841, 3.5674, 4.3449, 5.6003, 4.0389, 5.3763,
        3.7380, 4.0084, 3.9541, 5.4680, 3.8128, 4.0180, 4.4129, 3.7096, 4.3293,
        3.9919, 3.6413, 3.9701, 4.3801, 5.6196, 3.7477, 3.9489, 3.9337, 5.4771,
        4.0576, 4.8263, 4.3744, 6.0790, 3.8514, 3.7932, 3.8456, 3.8289, 4.2713,
        4.1306, 4.3658, 4.1063, 4.1368, 4.0819, 3.8849, 5.6204, 4.9239, 4.4198,
        3.9823, 4.6978, 5.8557, 4.2849, 4.1195, 4.3411, 3.8781, 4.4991, 4.0743,
        3.9968, 4.0609, 4.0264, 4.0803, 3.9687, 3.8149, 6.9301, 4.2006, 3.4092,
        4.1578, 3.7535, 4.2928, 3.7447, 4.0318, 4.1948, 4.0443, 3.6645, 4.4991,
        3.7212, 4.3812, 4.7122, 4.8249, 5.2618, 4.4749, 3.7480, 4.2371, 4.0530,
        4.2090, 6.1139, 4.1966, 6.8179, 4.4626, 4.0141, 4.5128, 4.1476, 3.9238,
        4.1343, 4.3822, 4.4759, 3.6051, 4.1947, 4.3473, 4.6121, 3.6913, 5.6829,
        4.2723, 4.6419, 3.7559, 4.1525, 4.2215, 3.8800, 3.6225, 4.0240, 3.9727,
        4.0312, 4.1017, 4.3212, 4.5249, 5.3162, 4.2506, 4.9316, 4.0607, 3.9447,
        3.9536, 4.0694, 4.2317]), 'model.features.6.0.block.3.1.bias': tensor([-5.2771e-04, -8.7536e-04, -1.6102e-04,  9.1561e-06,  6.7422e-04,
        -1.9178e-04,  4.1903e-04, -3.9908e-04, -7.2674e-04,  2.0202e-04,
         1.3358e-04,  2.3039e-04, -8.0069e-04,  3.2497e-04,  9.5359e-05,
        -9.8417e-05, -5.1120e-04,  6.5861e-04, -5.0877e-05,  3.6849e-04,
         4.3268e-04, -9.2759e-05,  1.6261e-04,  2.5152e-04, -1.2050e-04,
         5.6615e-04, -6.3903e-04, -6.1359e-04,  5.9783e-04,  2.8116e-04,
         3.6722e-04, -2.2479e-04, -1.8930e-04,  6.4165e-04,  2.8545e-04,
         4.2291e-04, -1.2069e-04, -2.9805e-04, -2.3598e-04,  9.9289e-04,
        -5.4385e-04, -3.9725e-04, -4.6246e-04,  8.1580e-04,  2.4028e-04,
         8.8528e-04, -3.8710e-04,  7.0112e-04, -5.9117e-04, -4.3941e-05,
         3.3526e-04, -2.7518e-04, -2.2448e-05, -6.0058e-04,  2.8154e-04,
        -4.4196e-04,  3.0004e-04,  6.0759e-05,  2.2801e-04,  2.1474e-04,
        -1.1351e-03, -5.9247e-04,  9.9384e-05, -1.2674e-04, -1.5164e-04,
        -5.3437e-04, -6.6696e-04,  2.8737e-06,  1.0819e-04,  5.0329e-04,
        -3.3385e-04,  8.6736e-04,  1.6377e-04,  2.8208e-04, -1.9797e-04,
        -1.3359e-04,  1.2615e-04, -6.9937e-04,  2.4988e-04, -8.2275e-04,
         1.2238e-03, -4.5268e-04,  4.0483e-04,  2.0292e-04,  1.9631e-04,
        -2.7847e-04,  5.9226e-04,  3.5665e-04,  1.7708e-04, -4.6238e-04,
         7.5543e-04,  3.7996e-04,  6.5940e-05,  3.9616e-05,  2.2008e-04,
         1.6193e-04, -1.6517e-04, -1.6958e-04, -1.0783e-03,  4.6104e-04,
        -5.4608e-04, -1.2932e-04, -6.9896e-04,  1.1105e-04,  3.2690e-04,
        -4.6855e-06, -1.1569e-04, -4.9407e-04,  3.3727e-04, -9.3581e-04,
        -3.6428e-04, -2.1186e-04,  1.2980e-04,  7.1941e-04,  4.2974e-05,
        -3.8316e-04, -3.7062e-05,  2.1735e-04,  6.0720e-04, -1.7922e-04,
         2.8879e-04,  5.7121e-05, -4.8053e-05, -4.3168e-04,  4.6783e-04,
        -2.6936e-04,  2.8982e-05, -7.4176e-04,  5.5874e-04, -1.0530e-03,
        -2.5355e-04,  2.1478e-04,  9.3108e-05, -4.9234e-04, -2.4938e-04,
        -1.3725e-04, -3.2498e-05,  1.0776e-03, -1.1402e-03, -9.9651e-04,
        -2.8298e-04,  5.5735e-05,  5.6211e-04, -2.1743e-04,  5.5935e-04,
         6.7088e-04,  1.5777e-04,  5.3014e-04, -5.6728e-04, -1.1774e-06,
         7.6727e-05, -1.4340e-05, -9.2507e-04,  3.3142e-04, -2.5898e-04,
        -2.4814e-05,  2.6335e-03,  3.7097e-05, -6.6968e-04, -3.7823e-05,
        -1.6064e-04, -3.1515e-04, -1.9721e-04, -3.4038e-04, -2.3232e-04,
        -6.6998e-05,  3.1676e-05,  3.2179e-04, -1.7437e-04, -5.5868e-04,
         9.8297e-06, -9.3512e-05,  8.0716e-05,  1.7081e-04,  9.9282e-04,
        -1.6958e-04,  1.0685e-04, -1.8599e-04,  3.1915e-04, -6.5429e-04,
         4.9242e-04, -1.5309e-04, -1.1049e-04, -2.0351e-04,  1.0070e-04,
         1.0295e-03, -4.7325e-05, -2.4227e-04, -1.0275e-03,  1.9182e-04,
         1.9040e-06, -2.9648e-04]), 'model.features.6.0.block.3.1.running_mean': tensor([ 4.2904e+00,  9.3301e-02, -2.2623e+00,  4.6233e+00,  4.6943e+00,
         5.6205e-02, -4.7279e-03,  2.7076e+00, -5.6180e+00, -1.3418e+00,
         5.3546e-01,  3.7079e+00, -3.5463e+00,  2.8583e+00, -3.7584e-01,
         3.1914e+00,  2.1289e+00, -3.9363e+00, -1.8239e+00,  8.3019e-01,
        -8.7620e-01,  2.8473e+00, -1.3295e+00, -6.1363e-02, -3.0675e-03,
         2.8796e+00, -7.5550e+00, -1.9553e+00,  3.4425e-01, -4.9013e+00,
         1.4593e+00,  4.0282e+00,  4.3939e+00, -2.7409e+00,  3.6512e+00,
        -1.7498e+00,  5.4655e+00,  9.1874e-01,  1.7865e+00,  2.5710e+00,
         1.4948e+00, -3.5496e+00, -1.5475e+00, -9.2179e+00, -5.5814e+00,
         2.1511e+00,  1.2328e-01, -8.6742e-01, -5.1310e+00,  1.3350e+00,
         1.8286e+00, -8.9961e+00, -2.7455e+00,  5.5999e+00, -5.7043e+00,
         3.8329e+00, -3.3996e+00,  3.8074e+00, -3.1311e+00,  6.7358e+00,
        -3.6565e+00,  3.6408e+00,  2.1115e+00,  3.0143e+00, -2.4875e-01,
        -4.3704e+00, -1.0906e+00,  6.9086e-01, -2.1048e+00, -1.2133e+00,
        -9.3906e-01,  3.2826e+00,  7.1963e-01,  6.7274e+00, -7.9810e-01,
         1.7322e+00, -1.6337e+00,  5.2016e+00, -4.3078e-01, -1.6362e+00,
        -6.1228e+00, -5.6498e+00, -5.5655e+00,  9.8783e-01,  2.7602e+00,
        -1.6753e+00,  2.4780e+00,  2.0284e+00,  2.5573e+00,  5.1552e+00,
         3.1344e+00,  6.2881e-01,  5.1278e+00,  3.0083e-02,  1.2529e+00,
        -3.8975e+00, -2.0304e+00, -1.8670e+00,  2.7482e+00, -2.8177e+00,
         1.0049e+00,  4.3030e+00,  4.7489e+00,  1.0629e+00, -5.2667e+00,
         1.6853e+00,  1.0465e+00, -1.0822e+00,  3.3188e+00, -1.0163e+00,
        -1.1062e+00, -2.2456e+00,  3.1224e+00, -1.6900e+00, -1.5166e+00,
         1.1234e+00, -1.7574e+00, -4.5316e+00,  2.2236e-01, -2.9346e+00,
        -5.4007e+00, -2.6648e+00, -7.8964e+00,  1.3390e+00, -1.0610e+00,
        -3.1744e+00,  5.1059e+00,  9.1779e-02, -2.3968e+00,  3.3065e+00,
         2.2946e+00, -4.5826e+00,  4.4408e+00, -2.5935e+00, -1.2884e+00,
        -4.0089e+00,  2.5859e+00,  6.1671e+00,  2.1034e+00, -2.5899e+00,
        -1.4198e+00,  7.1857e-01, -1.8879e-01,  2.0596e+00,  5.1341e+00,
        -2.4005e+00,  2.8527e+00,  2.6568e+00, -6.5706e-02,  2.6392e-02,
        -1.1032e+00, -3.5099e+00, -7.9255e-01,  4.3015e+00, -2.7322e+00,
        -1.9827e+00, -9.0049e-01,  1.7267e+00, -3.1995e+00, -3.0195e+00,
        -3.0131e+00, -3.6909e+00,  6.3252e-02,  2.1751e+00, -5.2795e+00,
        -6.5776e+00,  2.4505e+00, -6.8009e+00, -2.0470e-01,  3.2112e+00,
         4.0345e-01,  2.0855e+00,  1.3319e-01,  1.3008e+00,  2.5419e-01,
         2.3509e-01,  9.2690e-01,  3.6901e+00, -7.9130e-01,  1.3211e+00,
        -2.8303e+00, -1.2357e+00,  2.7262e+00,  4.0246e+00, -5.5003e-01,
         2.8045e+00,  2.6496e-01,  4.1991e+00,  1.4372e+00,  2.0726e+00,
        -5.4335e+00, -1.9189e+00]), 'model.features.6.0.block.3.1.running_var': tensor([ 5.3062,  8.9265,  8.9977,  4.8139,  3.0495,  4.3604,  4.5484,  3.2580,
         4.4130, 12.3397,  4.6461,  8.5910,  2.9449,  4.6129,  3.3021,  5.6944,
         3.9216, 10.4081,  3.6315,  3.4265,  2.3560,  8.2387,  3.2304,  5.4707,
         5.6052,  5.8563,  4.5022,  5.2140,  2.2896,  5.1297,  4.7009,  3.4646,
         3.5692,  4.2154,  3.2858,  4.0708,  5.5305,  2.8695,  7.9305,  4.1886,
         6.4094,  2.5936,  4.1054,  3.9130,  2.5160,  3.0300,  3.2650,  2.8749,
         5.4054,  4.4345, 15.4432,  4.8876,  5.0144,  2.6103,  2.9778,  3.2746,
         4.4017,  3.0351,  4.7460,  4.4269,  5.1181,  5.0873,  4.6696,  5.1539,
         2.3342,  4.0280,  4.1050,  2.7237,  5.0098,  4.0256,  3.3195, 11.1201,
         4.3519,  3.8810,  4.4378,  5.2424,  3.5889,  4.7013,  9.7175,  6.0441,
         7.1114,  2.7910,  3.0901,  3.4257,  7.1216,  5.2992,  3.7045,  3.7219,
         2.4650,  4.7250,  5.8262,  3.4625,  2.6599,  3.0852, 10.2341,  3.1951,
         3.3435,  3.2359,  6.5596,  3.0412,  7.2043,  4.6168, 16.9933,  3.8660,
         3.0346,  3.0733,  3.9312,  4.7266,  4.6078,  3.4377,  4.9239,  5.9935,
         4.0900,  3.3996,  7.2853,  5.9144,  4.7220,  5.4690,  4.2177, 10.5793,
         4.8525,  4.7032,  3.4410,  2.2593,  4.7505,  5.1134,  3.8622,  4.2367,
         4.2025,  4.3248,  7.1286,  3.6737, 16.4606,  3.2070,  3.8105,  3.9748,
         2.5374,  4.3778,  2.5949,  2.4120,  4.3228,  2.1866,  2.3207,  4.4009,
         3.3460,  5.5460,  6.5993,  5.6239,  5.9408,  3.7234,  4.0912,  3.4264,
         3.7355,  3.4264, 11.0893,  4.2074, 22.0951,  4.0640,  4.8032,  6.1079,
         2.9646,  3.7438,  3.9254,  6.3242,  6.3945,  3.6330,  3.6987,  3.2598,
         8.4982,  3.5756, 14.6449,  5.0220,  7.1924,  3.5587,  4.8088,  2.9988,
         3.6331,  3.3282,  4.4577,  3.0166,  4.4803,  3.0099,  5.0131,  5.9321,
         5.0932,  2.8015,  9.1657,  2.9579,  3.7928,  4.1916,  3.6801,  4.9862]), 'model.features.6.0.block.3.1.num_batches_tracked': tensor(703214), 'model.features.6.1.block.0.0.weight': tensor([[[[-0.0692]],

         [[ 0.0010]],

         [[ 0.0950]],

         ...,

         [[ 0.1540]],

         [[-0.0382]],

         [[ 0.0232]]],


        [[[-0.0824]],

         [[ 0.0297]],

         [[-0.0828]],

         ...,

         [[ 0.0784]],

         [[ 0.0642]],

         [[-0.0740]]],


        [[[ 0.1100]],

         [[-0.0965]],

         [[-0.0136]],

         ...,

         [[-0.0490]],

         [[-0.0257]],

         [[-0.0280]]],


        ...,


        [[[-0.0528]],

         [[-0.0507]],

         [[-0.0859]],

         ...,

         [[-0.1088]],

         [[ 0.0335]],

         [[ 0.1248]]],


        [[[-0.0155]],

         [[ 0.0037]],

         [[-0.0023]],

         ...,

         [[-0.0082]],

         [[-0.0062]],

         [[-0.0639]]],


        [[[ 0.0220]],

         [[ 0.0277]],

         [[-0.0031]],

         ...,

         [[-0.0986]],

         [[-0.0942]],

         [[ 0.0563]]]]), 'model.features.6.1.block.0.1.weight': tensor([2.2567, 0.7739, 0.8059,  ..., 0.5879, 0.9560, 0.8171]), 'model.features.6.1.block.0.1.bias': tensor([-0.8123, -0.9185, -1.1249,  ..., -0.7052, -0.7810, -1.2356]), 'model.features.6.1.block.0.1.running_mean': tensor([-1.7457e-05, -4.3319e-04, -4.7561e-04,  ...,  6.1322e-04,
         2.8947e-04, -5.3672e-05]), 'model.features.6.1.block.0.1.running_var': tensor([22.8616, 61.0437, 23.0006,  ..., 12.4002,  9.2688, 18.8663]), 'model.features.6.1.block.0.1.num_batches_tracked': tensor(703214), 'model.features.6.1.block.1.0.weight': tensor([[[[-0.0303, -0.0165, -0.0364, -0.0257, -0.0356],
          [-0.0008, -0.0228, -0.0570, -0.0332, -0.0534],
          [-0.0135, -0.0293, -0.0636, -0.0478, -0.0851],
          [-0.0060, -0.0220, -0.0322, -0.0211, -0.0263],
          [-0.0456, -0.0251, -0.0381, -0.0225, -0.0740]]],


        [[[-0.0419, -0.0032,  0.0342, -0.0156, -0.0645],
          [ 0.0117,  0.0078,  0.0553, -0.0376, -0.0347],
          [ 0.0637,  0.0570,  0.3127,  0.0290,  0.0611],
          [-0.0149, -0.0237,  0.0588, -0.0168, -0.0085],
          [ 0.0178,  0.0043,  0.0262,  0.0156,  0.0353]]],


        [[[ 0.0197, -0.0022,  0.0031, -0.0355, -0.0115],
          [ 0.0448,  0.0053,  0.1498, -0.0256,  0.0013],
          [-0.0010,  0.0470,  0.2621,  0.0166, -0.0087],
          [ 0.0013, -0.0067,  0.0732, -0.0429, -0.0235],
          [ 0.0129, -0.0081,  0.0326, -0.0252, -0.0023]]],


        ...,


        [[[ 0.0021,  0.0192,  0.0015,  0.0238, -0.0031],
          [ 0.0317,  0.0144,  0.0211,  0.0183,  0.0232],
          [ 0.0115,  0.0440,  0.3042,  0.0464, -0.0085],
          [ 0.0266,  0.0215,  0.0529,  0.0165,  0.0104],
          [ 0.0162, -0.0273,  0.0303,  0.0113,  0.0043]]],


        [[[ 0.0070,  0.0129,  0.0418,  0.0238,  0.0329],
          [-0.0193, -0.0104, -0.0599, -0.0254, -0.0088],
          [ 0.0712,  0.0504,  0.0106,  0.0354,  0.0662],
          [ 0.0479,  0.0459,  0.1231,  0.0296,  0.0303],
          [ 0.0980,  0.0221,  0.1010, -0.0129,  0.0704]]],


        [[[ 0.0255,  0.0238,  0.1534,  0.0403,  0.0387],
          [ 0.0449,  0.0147,  0.0597,  0.0552,  0.0871],
          [ 0.0779, -0.0015,  0.0799,  0.0189,  0.0975],
          [-0.0088, -0.0614, -0.0652, -0.0545,  0.0350],
          [-0.0298, -0.0644, -0.0926, -0.0624, -0.0211]]]]), 'model.features.6.1.block.1.1.weight': tensor([1.9073, 1.7938, 1.9633,  ..., 1.6290, 1.1391, 1.9343]), 'model.features.6.1.block.1.1.bias': tensor([-0.1025, -2.5116, -2.5605,  ..., -2.4801, -0.0156, -0.0721]), 'model.features.6.1.block.1.1.running_mean': tensor([-0.1503, -0.0828, -0.0984,  ..., -0.1052, -0.0462, -0.0638]), 'model.features.6.1.block.1.1.running_var': tensor([0.0460, 0.0086, 0.0019,  ..., 0.0023, 0.0073, 0.0052]), 'model.features.6.1.block.1.1.num_batches_tracked': tensor(703214), 'model.features.6.1.block.2.fc1.weight': tensor([[[[ 0.1091]],

         [[-0.0418]],

         [[-0.1033]],

         ...,

         [[ 0.0045]],

         [[-0.0510]],

         [[ 0.0930]]],


        [[[ 0.0070]],

         [[-0.2054]],

         [[-0.0079]],

         ...,

         [[ 0.2010]],

         [[ 0.0595]],

         [[ 0.0606]]],


        [[[ 0.2045]],

         [[-0.0648]],

         [[ 0.0246]],

         ...,

         [[-0.1588]],

         [[-0.0691]],

         [[-0.1674]]],


        ...,


        [[[-0.0558]],

         [[ 0.0867]],

         [[-0.0173]],

         ...,

         [[ 0.0371]],

         [[ 0.0360]],

         [[-0.1067]]],


        [[[ 0.0806]],

         [[ 0.0648]],

         [[ 0.2797]],

         ...,

         [[ 0.0299]],

         [[ 0.1036]],

         [[-0.0831]]],


        [[[-0.1643]],

         [[ 0.0627]],

         [[ 0.0414]],

         ...,

         [[ 0.0758]],

         [[ 0.1248]],

         [[-0.0428]]]]), 'model.features.6.1.block.2.fc1.bias': tensor([ 0.5506,  0.2815, -0.0367,  0.0856,  0.1222, -0.2046, -0.0851, -0.0920,
         0.6404, -0.5766,  0.0065, -0.3697,  0.7894, -0.4791,  0.1230, -0.1191,
         0.6972,  0.2130,  0.3171,  0.1707,  0.0937,  0.5731, -0.1070, -0.0246,
         0.5171,  0.5469, -0.1634,  0.0410,  1.0695,  0.0268,  0.1358,  0.4643,
         0.5883,  0.2145,  0.6754,  0.4070,  0.2239, -0.0516,  0.1454,  0.5064,
         1.0830,  0.2424,  0.1596, -0.2279,  0.0445,  0.4991, -0.3695,  0.4961]), 'model.features.6.1.block.2.fc2.weight': tensor([[[[ 0.1104]],

         [[ 0.0517]],

         [[-0.0825]],

         ...,

         [[ 0.0891]],

         [[-0.0384]],

         [[-0.1613]]],


        [[[ 0.0280]],

         [[-0.0504]],

         [[-0.1178]],

         ...,

         [[-0.0602]],

         [[ 0.1024]],

         [[ 0.0219]]],


        [[[-0.0508]],

         [[-0.0200]],

         [[-0.0171]],

         ...,

         [[-0.1048]],

         [[ 0.0886]],

         [[-0.0850]]],


        ...,


        [[[-0.0316]],

         [[ 0.1907]],

         [[-0.1304]],

         ...,

         [[ 0.0650]],

         [[ 0.0134]],

         [[ 0.0663]]],


        [[[-0.1278]],

         [[-0.0410]],

         [[ 0.0962]],

         ...,

         [[-0.0715]],

         [[ 0.0604]],

         [[-0.0534]]],


        [[[-0.0047]],

         [[-0.1533]],

         [[-0.1327]],

         ...,

         [[ 0.0354]],

         [[ 0.0069]],

         [[ 0.2112]]]]), 'model.features.6.1.block.2.fc2.bias': tensor([-1.0141,  0.1600,  0.6072,  ..., -0.7380, -0.4673, -1.2110]), 'model.features.6.1.block.3.0.weight': tensor([[[[ 0.0127]],

         [[ 0.0218]],

         [[ 0.0212]],

         ...,

         [[-0.0705]],

         [[ 0.0189]],

         [[ 0.0669]]],


        [[[-0.0763]],

         [[-0.0245]],

         [[-0.0374]],

         ...,

         [[-0.0412]],

         [[ 0.0439]],

         [[ 0.0045]]],


        [[[ 0.0193]],

         [[-0.0855]],

         [[ 0.0203]],

         ...,

         [[ 0.0111]],

         [[-0.0279]],

         [[-0.0523]]],


        ...,


        [[[-0.0849]],

         [[-0.0208]],

         [[-0.0755]],

         ...,

         [[ 0.0209]],

         [[-0.0094]],

         [[-0.0070]]],


        [[[ 0.0433]],

         [[-0.0514]],

         [[-0.0389]],

         ...,

         [[-0.0609]],

         [[ 0.0005]],

         [[-0.0568]]],


        [[[-0.0796]],

         [[-0.1300]],

         [[ 0.0157]],

         ...,

         [[ 0.0300]],

         [[-0.0504]],

         [[-0.0355]]]]), 'model.features.6.1.block.3.1.weight': tensor([1.2283, 0.9884, 1.0741, 1.2557, 1.9601, 1.3966, 1.6439, 1.9455, 2.4887,
        1.2160, 1.4583, 1.0387, 1.7646, 1.3735, 1.5547, 1.1350, 2.0960, 1.1542,
        2.0213, 1.5088, 2.3616, 1.1153, 2.4780, 1.6179, 1.5880, 1.5392, 1.3782,
        1.6264, 1.9845, 1.8873, 1.4910, 1.6871, 1.7552, 1.4263, 1.6707, 1.6822,
        1.5157, 1.7683, 1.2805, 1.4759, 1.4929, 1.5174, 1.2588, 3.2821, 1.5673,
        1.4199, 1.6041, 1.4979, 1.5821, 2.2827, 1.0460, 1.5645, 1.4631, 1.8717,
        1.7474, 1.6087, 1.4057, 1.5531, 2.1855, 1.4709, 1.3895, 2.5228, 1.9809,
        1.2021, 1.5590, 1.5464, 1.8531, 2.4048, 1.0615, 1.7527, 1.6160, 1.1920,
        1.6556, 2.6845, 1.8229, 1.5561, 2.3783, 1.4467, 0.9545, 1.4007, 1.0772,
        1.9681, 2.3010, 1.8020, 1.0264, 1.4924, 2.6368, 1.2745, 2.0577, 1.3128,
        2.0886, 2.3875, 1.7814, 1.3142, 1.0252, 2.1370, 1.4571, 1.6429, 1.0503,
        1.5013, 1.2831, 1.8045, 1.0015, 2.2919, 1.6850, 1.4899, 1.7022, 1.2061,
        1.3685, 1.2669, 1.7521, 1.4381, 1.5073, 2.2979, 0.9998, 1.1016, 1.2768,
        1.7097, 1.3645, 1.0346, 2.7598, 1.8605, 1.4621, 1.8605, 1.2690, 1.6014,
        2.7557, 1.5694, 1.6891, 1.6350, 2.2511, 1.8529, 0.9485, 1.9515, 2.1814,
        2.0803, 1.8712, 1.4024, 1.8592, 1.9920, 1.6578, 2.2286, 1.8528, 1.3519,
        1.7638, 1.4285, 1.1894, 1.1205, 1.0360, 2.5718, 1.5517, 1.5071, 1.7318,
        2.2400, 0.8601, 1.5487, 0.8589, 2.9315, 1.6111, 1.3980, 1.5441, 1.8089,
        1.8282, 1.2986, 1.2984, 1.9041, 1.3172, 4.2395, 1.1368, 2.0867, 1.0095,
        1.9785, 1.2338, 1.8691, 2.7980, 1.5333, 1.6810, 1.8322, 1.5409, 1.8959,
        1.6002, 3.7494, 1.3808, 1.2613, 4.8153, 1.6218, 0.9730, 2.6068, 1.5108,
        1.6813, 2.1738, 1.8793]), 'model.features.6.1.block.3.1.bias': tensor([-3.8761e-02, -3.7821e-01,  1.6974e-01, -2.5125e-01, -5.4232e-01,
         1.1258e-02, -7.4940e-01,  2.6498e-02,  6.6149e-01,  1.4564e+00,
        -4.3358e-01, -8.1720e-02,  3.8964e-01, -1.0588e-01,  2.5073e-01,
         2.4366e-01,  4.1464e-01,  5.3056e-01,  1.0774e-02, -4.6236e-01,
         2.8645e-01, -1.9577e-01,  1.5612e-01,  1.0366e-01, -4.7946e-02,
         4.0635e-01, -2.2554e-01, -2.4824e-01,  3.7741e-01, -6.8505e-01,
         2.0944e-01, -4.9494e-01, -4.9240e-01,  3.7075e-01, -1.7637e-01,
        -7.1492e-02,  4.7130e-01,  2.0545e-01,  4.5460e-01, -1.9155e-01,
         1.7678e-01,  2.1600e-01,  4.4628e-01,  3.1639e-01,  9.7820e-02,
         4.5697e-02,  2.3269e-01,  3.5485e-02,  6.8691e-01, -1.3284e+00,
        -1.1063e-01, -1.9845e-01, -1.9891e-01,  2.1608e-02, -1.0637e+00,
         1.3910e-02,  1.0739e-01,  1.5062e-01, -4.4152e-01, -3.6251e-02,
        -6.1972e-01, -5.1727e-01, -5.4865e-03,  1.5178e-01,  1.6670e-03,
         2.5610e-01,  3.2378e-01, -2.3445e-01, -1.1402e-01, -4.1796e-01,
         2.4106e-01, -9.3368e-01, -3.2428e-01,  7.1332e-01, -3.3171e-01,
        -2.0300e-02,  3.5362e-01,  1.3344e-01, -4.3248e-01, -1.3728e-01,
         1.6585e-01,  3.3705e-01,  1.2734e+00,  1.9060e-01,  8.1240e-01,
         6.5682e-02, -1.1542e+00,  8.0847e-02, -4.6603e-01, -4.3338e-02,
        -1.8458e-01, -2.3551e-01, -9.7411e-02,  1.5950e-01, -4.6970e-01,
        -2.6813e-01,  7.8086e-02, -1.6764e-01, -8.2745e-01,  1.0685e-01,
         1.9877e-01,  3.4562e-01, -5.7149e-01,  3.2852e-01, -9.6310e-02,
        -3.8828e-01, -1.2562e-01,  2.1161e-01, -4.9760e-01,  2.2563e-01,
         2.7370e-02,  1.3004e-01, -7.1514e-01,  5.7062e-01,  1.3578e-01,
         2.3908e-01, -1.0036e-01, -3.2121e-02, -1.9449e-01, -2.9413e-01,
        -5.1813e-01, -2.8903e-02,  5.9103e-01, -8.6203e-02, -1.5406e-01,
        -7.0538e-01,  6.2970e-02, -9.2850e-03, -6.1999e-01,  3.8423e-01,
        -2.5746e-04, -1.9041e-01, -1.0686e-01,  6.7319e-01, -2.7198e-01,
         4.0757e-01,  1.7468e-01,  2.7734e-01,  3.3228e-02,  2.9230e-01,
         3.8103e-01, -6.0994e-01, -8.0375e-01, -2.5442e-01, -4.3750e-02,
        -2.2454e-01,  1.9758e-03,  4.9697e-02, -2.0881e-01, -4.1286e-01,
        -1.0399e-01, -1.8975e-01, -6.6157e-01,  6.0342e-01,  5.7059e-01,
         5.9614e-02, -1.0791e-01,  1.0344e+00,  1.4738e-01, -5.6733e-01,
        -3.3546e-02,  5.4309e-01,  1.1073e-01, -2.4701e-01,  3.5095e-01,
        -6.6190e-01, -2.0603e-01,  1.4931e+00,  1.6095e-01, -5.8809e-01,
         1.4960e-01,  2.0907e-01,  2.9661e-01,  1.3958e-01, -8.0325e-01,
        -4.1534e-01, -1.0845e-01, -2.8994e-03, -6.4396e-01,  5.1008e-01,
        -3.0565e-01,  1.0804e+00, -2.1646e-01, -2.7329e-01,  2.6744e+00,
        -2.4119e-01,  1.1221e-02, -8.4756e-01, -1.6575e-01, -1.0104e+00,
         5.5156e-02, -4.5941e-01]), 'model.features.6.1.block.3.1.running_mean': tensor([ 4.1616e-02,  2.6045e-01, -2.9713e-01, -2.1568e-01, -5.1148e-01,
        -1.5835e-01, -3.6933e-01, -2.1506e-01, -7.2711e-02,  2.0499e-02,
        -2.4740e-01, -2.1430e-01, -3.4013e-02, -7.4202e-02,  2.3213e-01,
         9.1502e-02,  3.5618e-01, -2.4538e-01, -6.7724e-02,  1.3712e-01,
         3.4660e-01, -2.1170e-02, -2.0740e-01,  3.4746e-01, -3.5481e-01,
        -4.4641e-02, -1.1282e-01, -1.2290e-01,  8.7316e-02, -4.2865e-01,
         7.2336e-02, -1.8914e-01,  4.5365e-01, -2.1628e-01,  9.7208e-02,
         2.5120e-01,  2.4073e-01,  1.8055e-01,  6.4335e-02,  1.0107e-01,
         2.7400e-01,  2.7117e-01, -1.3557e-01,  3.1775e-01, -6.5596e-02,
        -1.0298e-01,  1.1870e-01, -4.1231e-01,  1.0940e-01, -3.2444e-01,
        -1.8948e-01,  1.9982e-01, -2.1695e-01,  5.4108e-02, -4.2984e-01,
        -6.5382e-01,  2.7988e-01,  4.2029e-01, -1.2119e-01,  1.2028e-01,
         9.1786e-02,  7.0425e-02, -2.7470e-01, -2.6828e-02, -9.9208e-02,
         5.4357e-02,  4.5096e-01, -9.0734e-02,  4.2380e-02,  6.4020e-02,
        -2.9649e-01, -3.6437e-02, -2.4322e-01, -7.9787e-01,  2.2738e-01,
        -1.5442e-02,  2.4872e-01, -1.9032e-03,  1.9461e-01, -1.5296e-01,
         1.2736e-02,  1.0349e-01,  2.3905e-01, -1.0426e-01,  4.0697e-02,
        -7.1794e-02, -1.8626e-01, -4.6121e-02, -2.3144e-01, -5.1701e-04,
         2.9576e-01, -1.5263e-02, -1.1382e-01,  5.9517e-02, -2.2905e-01,
        -8.0991e-02, -1.2670e-01, -4.3416e-01, -4.0605e-01,  2.8698e-02,
        -5.7122e-02,  1.1171e-01,  1.4772e-01,  3.5444e-01,  3.3547e-03,
        -2.4036e-01,  1.7691e-01,  3.0624e-01, -1.9779e-01, -6.3037e-03,
        -1.6410e-02, -4.0737e-03, -1.6674e-01, -4.2500e-01,  5.3509e-02,
        -3.8389e-01, -4.3484e-02, -2.8804e-01,  2.3070e-01,  2.7732e-01,
        -4.8577e-01, -1.3129e-01,  5.5421e-02, -1.6208e-01, -4.1963e-01,
         2.2614e-02,  1.0646e-01,  1.1785e-01, -1.2857e-01, -4.8160e-02,
        -2.0397e-01,  3.8233e-01, -2.9803e-01,  1.8696e-01,  1.0454e-01,
        -3.6357e-01, -1.5272e-02,  5.0935e-02,  3.3879e-01,  3.4594e-01,
         1.3223e-01, -2.3410e-01, -1.2399e-01, -2.7300e-01, -1.4390e-01,
         1.2037e-01,  6.2346e-02,  2.2712e-01, -7.0460e-02,  5.4414e-01,
        -2.0011e-01,  3.5361e-01,  3.3709e-02, -3.1313e-03,  2.0480e-01,
        -2.4728e-01,  5.9547e-03, -2.7394e-01,  1.9830e-01,  9.1337e-02,
         3.5038e-01,  1.2132e-01, -4.2728e-02, -1.1584e-01, -1.4681e-01,
         1.8319e-01, -1.3629e-01, -5.1338e-01, -6.0870e-03, -2.5859e-01,
        -2.5224e-01, -2.1630e-01,  2.6654e-01,  4.4720e-02, -1.3083e-01,
        -1.2672e-01, -1.4077e-01, -1.3280e-01, -7.4771e-02,  3.9202e-01,
        -4.4244e-01,  4.1641e-01, -7.1338e-02, -1.1020e-02,  4.6775e-01,
         8.2047e-02,  1.3513e-01, -2.8993e-01, -4.8307e-01,  1.6457e-01,
         5.0972e-02, -1.2004e-01]), 'model.features.6.1.block.3.1.running_var': tensor([0.9945, 0.6540, 0.9571, 0.5155, 0.8878, 0.4578, 1.0792, 0.9097, 0.9676,
        0.5231, 0.4879, 0.8166, 0.5907, 0.6016, 0.3466, 0.5660, 0.7272, 0.8012,
        0.5902, 0.3923, 1.1192, 0.8691, 0.6036, 0.8064, 0.6075, 0.6853, 0.8501,
        0.4605, 0.5729, 0.7585, 0.5122, 0.6062, 0.8298, 0.3447, 0.9161, 0.4743,
        0.5407, 0.4979, 1.1653, 0.3959, 0.6855, 0.5586, 0.5836, 1.6021, 0.7148,
        0.6605, 0.5669, 0.5098, 0.7371, 1.6338, 1.1579, 0.3727, 1.1944, 0.7257,
        1.0067, 0.9003, 0.5884, 0.5131, 1.0783, 0.6333, 0.6080, 1.4074, 0.5155,
        0.5004, 0.5431, 0.6305, 0.5805, 0.7142, 0.7302, 0.5816, 0.6712, 1.2106,
        0.7139, 1.2090, 0.9895, 1.1602, 0.6820, 0.6422, 1.4287, 0.3102, 0.6050,
        0.7622, 1.1860, 0.7487, 0.5305, 0.4636, 1.3111, 0.6460, 0.7529, 1.3419,
        0.8025, 0.8961, 0.7142, 0.8321, 0.7945, 1.2810, 0.7777, 0.5807, 0.7667,
        1.0730, 0.5646, 0.6897, 1.3622, 1.4880, 0.5502, 0.6635, 0.6537, 0.5638,
        0.5608, 0.6086, 0.5629, 0.5214, 0.8061, 0.8344, 0.6370, 0.4935, 0.8469,
        0.8560, 0.5188, 0.6634, 2.1394, 0.4967, 0.7689, 0.6596, 0.6755, 0.6654,
        1.0641, 0.5968, 0.9189, 0.4147, 0.8981, 0.6149, 1.5539, 0.8584, 0.7383,
        1.0389, 0.6966, 0.5421, 0.6299, 0.8187, 0.6936, 0.6578, 0.4701, 0.6853,
        0.5112, 0.8445, 1.0541, 0.6190, 0.4307, 1.1013, 0.7972, 0.4287, 0.5664,
        0.7573, 0.9663, 0.6781, 1.3885, 1.4345, 0.6184, 0.7281, 0.6628, 0.5463,
        0.6849, 0.7365, 1.1849, 0.7067, 0.4815, 2.1614, 0.6939, 0.6429, 0.7278,
        0.7520, 0.7256, 0.5576, 1.1627, 0.4088, 0.8669, 0.7093, 0.5463, 0.5095,
        0.5920, 1.8681, 0.6342, 0.6379, 2.8100, 0.8320, 0.7457, 0.9879, 0.5731,
        0.5901, 1.0418, 1.0590]), 'model.features.6.1.block.3.1.num_batches_tracked': tensor(703214), 'model.features.6.2.block.0.0.weight': tensor([[[[-0.0517]],

         [[ 0.0047]],

         [[-0.1484]],

         ...,

         [[ 0.0284]],

         [[ 0.0174]],

         [[ 0.1092]]],


        [[[ 0.0642]],

         [[-0.1350]],

         [[ 0.0091]],

         ...,

         [[ 0.0549]],

         [[ 0.0542]],

         [[ 0.0494]]],


        [[[ 0.0670]],

         [[ 0.0362]],

         [[ 0.0310]],

         ...,

         [[ 0.0178]],

         [[-0.0390]],

         [[ 0.0721]]],


        ...,


        [[[ 0.0449]],

         [[-0.0427]],

         [[ 0.0740]],

         ...,

         [[ 0.0958]],

         [[ 0.0155]],

         [[-0.0700]]],


        [[[ 0.0316]],

         [[ 0.1153]],

         [[ 0.0045]],

         ...,

         [[ 0.0196]],

         [[ 0.0420]],

         [[ 0.0830]]],


        [[[ 0.0031]],

         [[-0.0176]],

         [[-0.0239]],

         ...,

         [[ 0.0245]],

         [[-0.1105]],

         [[ 0.0027]]]]), 'model.features.6.2.block.0.1.weight': tensor([0.5704, 0.3284, 0.1620,  ..., 0.3563, 0.6082, 1.3560]), 'model.features.6.2.block.0.1.bias': tensor([-0.4145, -0.0180,  0.0130,  ..., -0.6341, -0.3679,  0.7659]), 'model.features.6.2.block.0.1.running_mean': tensor([ 0.2187, -0.3230, -0.1019,  ..., -0.1803, -1.0767,  0.1768]), 'model.features.6.2.block.0.1.running_var': tensor([20.1512, 49.5198, 40.8000,  ..., 37.9930, 28.8115, 28.4717]), 'model.features.6.2.block.0.1.num_batches_tracked': tensor(703214), 'model.features.6.2.block.1.0.weight': tensor([[[[ 2.1931e-02,  1.0486e-02,  1.9128e-02, -1.0566e-02,  9.9416e-03],
          [ 3.4439e-02,  9.0238e-03,  4.3133e-02, -7.9060e-03,  2.1220e-02],
          [ 1.0679e-03,  2.7072e-02,  2.9470e-01, -2.5374e-02, -1.3435e-02],
          [ 2.3548e-02, -7.6871e-03,  2.2601e-02, -4.7212e-03,  1.8789e-02],
          [ 1.4646e-02, -9.8846e-03,  2.3629e-03, -4.9017e-03, -6.1523e-03]]],


        [[[ 9.1994e-03,  4.0928e-02,  1.5498e-01,  3.6822e-02,  9.0522e-03],
          [-1.5355e-02,  6.3465e-02,  2.3580e-01,  6.1704e-02, -1.0244e-02],
          [ 6.7854e-02, -1.4797e-02, -1.8143e-01, -2.2188e-02,  6.6717e-02],
          [-5.2419e-02, -4.3848e-02, -1.1097e-01, -5.7718e-02, -6.2774e-02],
          [-3.0603e-02, -4.1362e-02, -5.8627e-02, -5.3556e-02, -4.8400e-02]]],


        [[[ 4.5774e-02,  4.4939e-02,  1.4154e-01,  3.2331e-02,  2.2343e-02],
          [ 2.8576e-02,  3.3259e-02,  1.9479e-01,  5.5079e-02, -2.9290e-03],
          [ 4.8905e-03, -7.0039e-03, -6.2232e-02, -6.3790e-03, -6.1426e-03],
          [ 2.7399e-02, -6.4561e-02, -2.0854e-01, -7.3443e-02, -2.5798e-02],
          [-5.1101e-02, -2.0773e-02, -1.2736e-01, -5.2645e-03, -6.2790e-02]]],


        ...,


        [[[ 6.0341e-02,  3.6992e-02,  6.8959e-02,  4.2488e-02,  8.8109e-02],
          [ 4.0535e-02,  4.9628e-02,  5.6883e-02,  5.6653e-02,  6.7303e-02],
          [ 2.6127e-02, -7.6031e-03, -3.5543e-01,  1.4622e-02,  4.1534e-02],
          [-6.1789e-03, -1.9477e-02, -1.6457e-01,  8.9180e-03,  5.2853e-02],
          [-3.3943e-04,  5.6518e-03, -7.0663e-02,  3.8203e-02,  3.9328e-02]]],


        [[[ 6.1207e-02, -2.8438e-02,  4.4820e-02,  1.2701e-02,  5.2497e-02],
          [ 5.7652e-02,  7.5453e-02, -1.5294e-02,  1.2269e-01,  9.0014e-02],
          [ 4.6511e-02, -4.1275e-02, -3.2606e-01,  9.8461e-03,  9.8449e-02],
          [ 7.0022e-04, -1.7783e-03,  2.6839e-02,  2.1373e-02,  4.7272e-03],
          [ 2.5631e-02, -1.3648e-03, -2.0730e-03,  2.3627e-02,  5.0948e-02]]],


        [[[ 1.8899e-02,  3.1830e-02,  4.4768e-02,  2.0240e-02,  1.7097e-02],
          [-1.7980e-02,  9.7094e-03,  9.0053e-02,  3.1995e-02, -1.5509e-02],
          [-3.5158e-02, -5.7714e-02,  4.6142e-02, -6.8168e-02, -5.8831e-02],
          [-2.2112e-02, -1.2439e-01, -1.8166e-01, -1.4609e-01, -4.1919e-02],
          [ 1.9046e-03, -9.0553e-02, -2.1923e-01, -5.9107e-02, -1.3657e-02]]]]), 'model.features.6.2.block.1.1.weight': tensor([1.1827, 2.1448, 1.9362,  ..., 1.8055, 1.3521, 1.7912]), 'model.features.6.2.block.1.1.bias': tensor([-0.8982, -0.9021, -0.9043,  ...,  0.0792, -0.4667, -0.2544]), 'model.features.6.2.block.1.1.running_mean': tensor([-0.0385,  0.0031,  0.0042,  ...,  0.0036,  0.0005, -0.4128]), 'model.features.6.2.block.1.1.running_var': tensor([0.0070, 0.0122, 0.0013,  ..., 0.0026, 0.0083, 0.2311]), 'model.features.6.2.block.1.1.num_batches_tracked': tensor(703214), 'model.features.6.2.block.2.fc1.weight': tensor([[[[ 0.0181]],

         [[-0.1089]],

         [[ 0.0034]],

         ...,

         [[ 0.0140]],

         [[-0.0810]],

         [[ 0.0276]]],


        [[[-0.0090]],

         [[-0.0031]],

         [[ 0.0462]],

         ...,

         [[ 0.0285]],

         [[-0.0060]],

         [[ 0.0186]]],


        [[[ 0.0602]],

         [[ 0.0227]],

         [[ 0.0488]],

         ...,

         [[ 0.0275]],

         [[ 0.0688]],

         [[ 0.0402]]],


        ...,


        [[[-0.0258]],

         [[ 0.0262]],

         [[-0.0125]],

         ...,

         [[-0.0150]],

         [[-0.0645]],

         [[-0.0769]]],


        [[[-0.0290]],

         [[ 0.0984]],

         [[ 0.1251]],

         ...,

         [[-0.0075]],

         [[ 0.0810]],

         [[ 0.0579]]],


        [[[-0.1552]],

         [[ 0.0341]],

         [[ 0.0477]],

         ...,

         [[ 0.0486]],

         [[-0.0213]],

         [[ 0.0735]]]]), 'model.features.6.2.block.2.fc1.bias': tensor([-0.6991,  1.7258,  0.4322,  0.1686, -0.2234,  0.1380,  0.5014,  0.0049,
         0.1611,  0.3309,  0.4442,  0.3483,  0.9522, -0.4689,  0.2178,  0.8046,
         0.9227, -0.4040,  0.6663,  0.0182,  0.4230,  0.3644,  0.1827,  0.9388,
         0.2086, -0.1463,  0.3373,  0.8400,  0.5852, -0.4967,  0.7976,  0.3194,
         0.5553,  0.6340,  0.4438,  0.2220,  0.1361,  0.2836,  0.5723, -0.1900,
         0.7198, -0.0886,  0.9898,  0.3021,  0.4677, -0.2436,  0.2188,  0.7906]), 'model.features.6.2.block.2.fc2.weight': tensor([[[[-0.0784]],

         [[ 0.0059]],

         [[-0.0540]],

         ...,

         [[ 0.1116]],

         [[ 0.1118]],

         [[-0.1669]]],


        [[[-0.1151]],

         [[ 0.1796]],

         [[ 0.0296]],

         ...,

         [[ 0.0507]],

         [[-0.0521]],

         [[-0.0448]]],


        [[[ 0.1424]],

         [[-0.0547]],

         [[-0.0679]],

         ...,

         [[ 0.0960]],

         [[ 0.0547]],

         [[ 0.0227]]],


        ...,


        [[[ 0.0062]],

         [[-0.1029]],

         [[-0.0346]],

         ...,

         [[-0.0023]],

         [[-0.1664]],

         [[-0.1211]]],


        [[[ 0.0094]],

         [[ 0.0187]],

         [[ 0.0960]],

         ...,

         [[ 0.0901]],

         [[-0.0785]],

         [[-0.0789]]],


        [[[ 0.0124]],

         [[ 0.0397]],

         [[ 0.0604]],

         ...,

         [[-0.1008]],

         [[ 0.0300]],

         [[-0.0710]]]]), 'model.features.6.2.block.2.fc2.bias': tensor([-1.2569, -0.7344, -0.1743,  ..., -0.6501, -0.2516,  0.0891]), 'model.features.6.2.block.3.0.weight': tensor([[[[-0.0691]],

         [[-0.0311]],

         [[ 0.0013]],

         ...,

         [[-0.0388]],

         [[-0.1020]],

         [[-0.0335]]],


        [[[-0.0197]],

         [[ 0.0433]],

         [[-0.0086]],

         ...,

         [[ 0.0198]],

         [[-0.0928]],

         [[-0.0308]]],


        [[[ 0.0558]],

         [[ 0.0473]],

         [[ 0.0356]],

         ...,

         [[ 0.0267]],

         [[-0.0403]],

         [[ 0.0437]]],


        ...,


        [[[-0.0328]],

         [[ 0.0441]],

         [[-0.0169]],

         ...,

         [[-0.0567]],

         [[-0.0126]],

         [[-0.0945]]],


        [[[-0.0604]],

         [[ 0.0202]],

         [[ 0.0699]],

         ...,

         [[-0.0453]],

         [[-0.0392]],

         [[-0.0042]]],


        [[[ 0.0662]],

         [[-0.0749]],

         [[-0.0408]],

         ...,

         [[-0.1362]],

         [[ 0.0489]],

         [[-0.0544]]]]), 'model.features.6.2.block.3.1.weight': tensor([1.2912, 0.9448, 0.9739, 1.3505, 1.7892, 1.4025, 1.5166, 1.9179, 2.3665,
        1.2160, 1.3950, 0.9958, 1.6211, 1.3875, 1.6032, 1.0729, 1.9973, 1.0306,
        1.9805, 1.4858, 2.0674, 1.0536, 2.3041, 1.5978, 1.6023, 1.5484, 1.4108,
        1.5868, 2.0842, 1.7626, 1.4959, 1.6131, 1.6950, 1.3186, 1.5702, 1.6621,
        1.2703, 1.5890, 1.2883, 1.4629, 1.4026, 1.5995, 1.2583, 2.8245, 1.4734,
        1.2981, 1.6013, 1.4084, 1.4767, 2.1690, 1.0386, 1.5456, 1.4144, 1.8372,
        1.7681, 1.5180, 1.3383, 1.5626, 1.9140, 1.5206, 1.4585, 2.5215, 2.0266,
        1.1432, 1.5572, 1.4928, 1.7994, 2.1881, 1.1493, 1.6647, 1.6535, 1.1979,
        1.6141, 2.3441, 1.7390, 1.4708, 2.0971, 1.4068, 0.8534, 1.4754, 1.0118,
        1.8405, 2.2440, 1.8452, 0.9873, 1.5365, 2.5265, 1.2382, 1.9645, 1.2870,
        2.1122, 2.1578, 1.6976, 1.2723, 0.9120, 2.0536, 1.4588, 1.6759, 0.9642,
        1.5030, 1.2036, 1.7877, 0.8743, 2.1419, 1.6638, 1.4620, 1.7011, 1.3501,
        1.4103, 1.2658, 1.6305, 1.4957, 1.5460, 2.1198, 0.9451, 1.0520, 1.1573,
        1.6739, 1.2826, 0.9579, 2.7273, 1.8207, 1.3982, 1.9088, 1.2881, 1.6809,
        2.5817, 1.4806, 1.7327, 1.6082, 2.0635, 1.8264, 0.9003, 1.9513, 2.1086,
        1.9740, 1.8099, 1.3900, 1.6756, 1.9037, 1.5893, 2.1780, 1.7931, 1.2354,
        1.5868, 1.3846, 1.1077, 1.1467, 0.9820, 2.4075, 1.5463, 1.4904, 1.7312,
        2.2083, 0.8153, 1.5658, 0.7957, 2.6672, 1.5057, 1.3703, 1.6616, 1.8718,
        1.8729, 1.2805, 1.2601, 1.8623, 1.3103, 3.6213, 1.2108, 2.0339, 0.8924,
        1.8768, 1.1546, 1.8474, 2.6109, 1.5980, 1.5695, 1.7654, 1.5042, 1.9558,
        1.5161, 3.3160, 1.2329, 1.2753, 4.1430, 1.5563, 0.9145, 2.2966, 1.5123,
        1.6761, 1.9994, 1.7775]), 'model.features.6.2.block.3.1.bias': tensor([-2.2524e-01, -2.7396e-01,  1.3607e-01, -3.7007e-01, -5.6134e-01,
         5.4112e-02, -6.9946e-01,  2.8838e-02,  5.1650e-01,  1.4310e+00,
        -2.2309e-01, -8.1363e-03,  3.4095e-01, -2.6405e-01,  1.4829e-01,
         3.0796e-01,  4.3287e-01,  5.2162e-01,  2.1820e-02, -3.5789e-01,
         1.4299e-01, -1.4130e-01,  2.8830e-01,  3.1050e-01, -4.4791e-02,
         3.9355e-01,  6.6419e-02,  1.7761e-02,  4.1667e-01, -7.1806e-01,
         2.4601e-01, -3.4378e-01, -3.4875e-01,  2.9808e-01,  1.5043e-02,
        -2.7089e-02,  2.5588e-01,  2.2881e-01,  4.8752e-01, -1.8595e-01,
         3.6901e-01,  1.7966e-01,  5.2260e-01,  1.4526e-01,  6.3514e-02,
         8.4363e-02,  1.7702e-01, -2.7634e-02,  6.8035e-01, -1.1513e+00,
        -1.4998e-01,  1.1865e-02, -1.5511e-01,  2.1352e-01, -8.7510e-01,
        -1.7419e-02,  3.7056e-02,  2.2855e-01, -3.0928e-01, -7.4336e-02,
        -6.0180e-01, -7.5140e-01, -3.4832e-03,  1.5856e-01,  1.5680e-01,
         3.2547e-01,  8.3491e-02, -3.4864e-01, -1.4255e-01, -6.4441e-01,
         2.2601e-01, -1.0838e+00, -4.5447e-01,  7.9670e-01, -2.6792e-01,
        -1.0152e-01,  3.2010e-01,  2.0262e-01, -4.2752e-01, -2.1245e-01,
         2.1237e-01,  2.9714e-01,  1.2435e+00,  9.4248e-02,  8.5890e-01,
         1.0393e-01, -1.1059e+00,  1.1513e-01, -6.3387e-01, -2.4959e-02,
        -1.4270e-01, -1.6395e-01, -1.1126e-01,  2.8053e-01, -5.3654e-01,
         1.7229e-01,  2.9633e-01, -2.5000e-01, -7.2803e-01,  1.6555e-01,
         2.8435e-01,  5.0220e-01, -6.0978e-01,  7.7049e-02, -2.9461e-02,
        -5.1018e-01, -1.2013e-02,  2.1110e-01, -5.5246e-01,  1.0966e-01,
         1.1017e-01,  3.6769e-01, -6.4436e-01,  6.1314e-01,  2.7068e-02,
         2.1604e-01,  1.9681e-02, -4.6221e-02, -1.8452e-02, -2.7188e-01,
        -4.1504e-01,  9.5062e-02,  4.1555e-01, -1.8740e-01, -1.2076e-01,
        -3.8929e-01, -1.6634e-01, -5.1134e-02, -5.7647e-01,  1.5673e-01,
        -1.7387e-02,  1.0460e-02, -5.5482e-03,  5.0300e-01, -5.6801e-01,
         4.3287e-01,  2.0805e-01,  1.7739e-01, -7.3583e-02,  1.3276e-01,
         4.0867e-01, -6.3537e-01, -6.2910e-01, -1.8839e-01, -1.6481e-01,
        -2.6956e-01, -1.4663e-01,  8.1077e-02, -2.1855e-01, -5.0412e-01,
        -1.8613e-01, -3.0373e-01, -6.0440e-01,  5.8120e-01,  5.0168e-01,
         8.0796e-02, -1.5584e-02,  1.2809e+00, -7.3159e-02, -5.8572e-01,
         4.7677e-02,  3.6695e-01,  1.5708e-01, -2.5061e-01,  4.4568e-01,
        -6.2511e-01, -1.8754e-01,  1.6749e+00,  8.8251e-02, -6.6889e-01,
         1.5042e-01,  3.2259e-01,  1.8555e-01,  6.3196e-02, -5.6357e-01,
        -2.8369e-01, -1.2647e-02,  1.8256e-02, -5.8622e-01,  1.9874e-01,
        -2.8486e-01,  1.1622e+00, -1.4358e-01, -1.6127e-01,  2.4200e+00,
        -1.7803e-01, -5.8400e-02, -7.0271e-01, -1.7402e-01, -1.0653e+00,
         2.2269e-03, -2.5849e-01]), 'model.features.6.2.block.3.1.running_mean': tensor([-0.0060, -0.4081, -0.0707, -0.2678, -0.2005, -0.0112, -0.2830, -0.2352,
         0.1611,  0.1520, -0.4025, -0.2969,  0.1273, -0.1759,  0.2084,  0.2606,
         0.4160,  0.1178,  0.2476, -0.3983, -0.0017, -0.4426,  0.1119, -0.0220,
         0.0698,  0.0146, -0.3007, -0.1739,  0.2932,  0.1532,  0.1604, -0.0464,
         0.4034, -0.0433,  0.0919, -0.2288, -0.0291,  0.3387,  0.0917, -0.0833,
        -0.1519,  0.2651,  0.0743, -0.2916,  0.1319,  0.2297,  0.3135, -0.2070,
         0.1541,  0.0203,  0.0737, -0.3097, -0.2716,  0.2175, -0.2860,  0.1073,
        -0.0654,  0.2957, -0.1831,  0.0874, -0.1091, -0.2752, -0.6117,  0.0839,
        -0.0334, -0.1106,  0.1748, -0.0472, -0.0517, -0.2411,  0.2481, -0.3838,
        -0.3429, -0.2741, -0.1808, -0.0166,  0.4500, -0.0519, -0.2714,  0.0390,
        -0.2693, -0.0077,  0.2469,  0.1132,  0.2963, -0.0085,  0.0719,  0.0041,
        -0.3515, -0.2689, -0.2049,  0.1325, -0.1013, -0.1288, -0.1907, -0.1256,
         0.4311, -0.1588, -0.2000,  0.0480,  0.0837,  0.5913,  0.2613,  0.6669,
         0.3130, -0.1383,  0.2476,  0.1623, -0.1508,  0.3470, -0.2543,  0.0904,
        -0.0162, -0.0977, -0.1188,  0.0921, -0.2580, -0.4260, -0.0760, -0.1181,
         0.2735, -0.0966,  0.2628,  0.2518, -0.2105, -0.1556, -0.5539, -0.0401,
        -0.3318,  0.0699, -0.2712,  0.0854, -0.3021, -0.0116, -0.2557, -0.0459,
         0.1418,  0.1316, -0.1521,  0.3549, -0.1291, -0.2037, -0.2540,  0.1318,
         0.0879,  0.0413, -0.0218,  0.1077, -0.0190, -0.3560, -0.2517, -0.1257,
        -0.1396,  0.1180,  0.4527,  0.0541,  0.1355,  0.0705,  0.2389, -0.2345,
        -0.2200,  0.2327, -0.0072, -0.3104,  0.2650, -0.0986, -0.1036, -0.0097,
        -0.1055, -0.2429, -0.0094, -0.0175,  0.1163,  0.5411,  0.2745,  0.1545,
         0.1090,  0.0706, -0.0755,  0.1901, -0.1834,  0.2248,  0.0922, -0.1363,
         0.8651, -0.0479, -0.1232, -0.1242,  0.0106, -0.3549, -0.2938, -0.3139]), 'model.features.6.2.block.3.1.running_var': tensor([0.5766, 0.3967, 0.7484, 0.8488, 0.7037, 0.7586, 0.8074, 0.9591, 0.5976,
        0.7106, 0.7859, 0.6466, 0.5890, 0.8471, 0.3774, 0.6332, 0.6104, 0.6323,
        0.7092, 0.4041, 0.7197, 0.8927, 0.8661, 0.5194, 0.8543, 0.8203, 1.1627,
        0.6246, 0.6021, 0.6252, 0.7711, 0.5846, 0.5661, 0.5065, 1.3106, 0.4450,
        0.5023, 0.8406, 1.0402, 0.5752, 0.4966, 0.8141, 0.7235, 0.9432, 0.5021,
        0.3977, 1.1083, 0.4273, 0.9579, 1.2548, 1.1309, 0.5553, 1.1308, 0.9600,
        1.0230, 0.6959, 0.3465, 0.5534, 0.7755, 0.7825, 0.5198, 1.1159, 0.5496,
        0.4313, 0.8051, 0.4707, 0.6970, 0.8422, 0.5839, 0.8549, 0.5407, 1.4557,
        0.7660, 0.7687, 0.8161, 0.9036, 1.0124, 0.8871, 1.4126, 0.5288, 0.8358,
        0.5971, 1.0731, 0.7089, 0.6602, 0.5762, 1.1395, 0.4711, 0.7075, 0.6986,
        1.0099, 0.8391, 0.3581, 0.5584, 1.1741, 0.8794, 0.6348, 0.5085, 0.4819,
        0.5614, 0.4352, 1.2937, 1.0502, 1.0944, 0.3652, 0.8185, 1.0391, 0.5912,
        0.6615, 0.5729, 0.8552, 0.5077, 0.4708, 0.5991, 0.7543, 0.5142, 0.7222,
        0.7083, 0.5264, 0.7315, 0.7099, 0.5257, 0.9309, 0.6125, 0.7170, 0.4768,
        1.1878, 0.7772, 0.3980, 0.4162, 0.7789, 0.5024, 1.1696, 0.4394, 0.8042,
        0.8423, 0.4977, 0.3588, 0.6097, 0.6504, 0.6123, 1.2746, 0.3307, 0.4464,
        0.5873, 0.6026, 0.9400, 0.7753, 0.5839, 0.7381, 0.5274, 0.4971, 0.5501,
        1.0187, 0.7168, 0.4594, 0.9349, 1.1184, 0.4206, 0.6132, 0.7312, 0.5609,
        0.5330, 0.8619, 1.0645, 0.7793, 0.5274, 2.1336, 0.4428, 0.4805, 0.8372,
        0.7489, 0.5543, 0.7400, 1.2013, 0.6348, 0.6955, 0.3992, 0.3759, 0.8862,
        0.6019, 1.5232, 0.6296, 0.5615, 2.6391, 0.7197, 0.5539, 1.0433, 0.7603,
        0.6600, 0.8241, 0.9220]), 'model.features.6.2.block.3.1.num_batches_tracked': tensor(703214), 'model.features.6.3.block.0.0.weight': tensor([[[[-0.0829]],

         [[-0.0172]],

         [[ 0.0153]],

         ...,

         [[ 0.0247]],

         [[-0.0352]],

         [[ 0.0619]]],


        [[[-0.1450]],

         [[ 0.1020]],

         [[-0.1138]],

         ...,

         [[ 0.0897]],

         [[ 0.1020]],

         [[ 0.0447]]],


        [[[ 0.0409]],

         [[ 0.1760]],

         [[ 0.0821]],

         ...,

         [[-0.0330]],

         [[-0.0777]],

         [[-0.0858]]],


        ...,


        [[[-0.0141]],

         [[ 0.0105]],

         [[-0.1004]],

         ...,

         [[ 0.0314]],

         [[ 0.1035]],

         [[ 0.0024]]],


        [[[ 0.0533]],

         [[ 0.0453]],

         [[-0.0215]],

         ...,

         [[ 0.0738]],

         [[-0.0558]],

         [[-0.0394]]],


        [[[ 0.0172]],

         [[-0.0535]],

         [[-0.0356]],

         ...,

         [[ 0.0912]],

         [[-0.0468]],

         [[-0.0875]]]]), 'model.features.6.3.block.0.1.weight': tensor([1.0306, 1.1296, 1.2697,  ..., 1.0662, 0.6257, 0.6120]), 'model.features.6.3.block.0.1.bias': tensor([-0.3248, -1.5997, -1.2768,  ..., -1.4893,  0.2082, -0.5222]), 'model.features.6.3.block.0.1.running_mean': tensor([-1.5833, -2.1002, -1.6713,  ..., -2.0987, -2.0796, -0.8045]), 'model.features.6.3.block.0.1.running_var': tensor([25.0687, 43.3383, 68.7616,  ..., 44.4008, 64.6143, 45.7531]), 'model.features.6.3.block.0.1.num_batches_tracked': tensor(703214), 'model.features.6.3.block.1.0.weight': tensor([[[[ 2.2566e-02,  7.3555e-03,  1.5707e-04,  3.1777e-02, -8.6994e-04],
          [ 1.6479e-02, -2.1923e-02, -3.2082e-02, -3.1548e-02, -3.0505e-03],
          [ 6.4998e-02,  3.6887e-02,  1.8708e-01,  1.1402e-02,  2.5280e-02],
          [ 2.9011e-02,  2.6088e-02,  1.5403e-01, -1.1078e-02,  9.8589e-03],
          [ 4.5150e-02, -5.0277e-03,  3.4061e-02, -1.4605e-02,  2.5810e-02]]],


        [[[ 4.8249e-02,  6.8074e-02,  1.0313e-01,  4.0696e-02,  6.6620e-02],
          [ 6.1422e-03,  5.2177e-02,  5.6245e-02,  3.1082e-02,  9.6468e-03],
          [ 1.3222e-02,  4.2369e-02,  1.3638e-01,  1.9441e-02,  1.5303e-02],
          [ 3.0790e-02,  1.1048e-02,  7.1709e-02, -1.2524e-02,  3.2229e-02],
          [ 2.9085e-02,  3.1865e-02,  1.1848e-01, -2.7915e-02,  4.7137e-02]]],


        [[[-2.0723e-02, -4.2442e-02, -4.0820e-02, -8.0403e-03,  7.1120e-03],
          [-1.0251e-02, -2.3691e-02, -5.6206e-02, -3.4964e-03,  1.2786e-03],
          [-1.3952e-02,  5.3082e-02,  1.2081e-01,  8.4604e-02, -6.0225e-03],
          [-3.5533e-02,  5.7727e-02,  2.2538e-01,  2.8154e-02, -2.3765e-02],
          [ 3.0990e-02,  1.4966e-02,  5.9295e-02,  4.9746e-03,  5.0712e-02]]],


        ...,


        [[[ 3.5111e-02, -1.5439e-02,  4.7972e-02,  1.3574e-02,  1.6579e-02],
          [-4.6812e-03,  2.7653e-02,  1.0192e-01,  5.9317e-02,  1.9683e-02],
          [ 3.9193e-02,  1.7556e-02,  1.6251e-01,  5.5985e-02,  4.3380e-02],
          [-1.0555e-02, -1.8867e-02,  8.4697e-03,  1.5713e-03, -8.3020e-03],
          [ 3.3157e-02, -1.1444e-02, -8.4334e-05,  1.0760e-02,  3.7011e-02]]],


        [[[-2.5919e-02, -3.6024e-02,  7.6203e-02, -3.9294e-02, -3.1767e-02],
          [ 6.0837e-03, -1.8212e-02,  2.7352e-02, -2.4365e-02, -3.6401e-02],
          [-3.4031e-02, -1.1827e-02,  2.3834e-01, -2.4331e-02, -8.3201e-03],
          [ 9.9354e-03, -2.6450e-02,  8.1256e-02,  1.9403e-02,  2.4865e-03],
          [ 5.9185e-03, -1.4798e-02,  1.2225e-01, -7.8555e-03, -2.4505e-04]]],


        [[[ 3.9789e-02, -2.5910e-02, -2.3065e-02, -2.0108e-02,  2.2397e-02],
          [-6.7401e-03, -3.7151e-02,  3.6589e-02, -2.6987e-02, -2.3332e-02],
          [ 3.5361e-03,  5.0372e-02,  2.3151e-01,  5.5969e-02,  9.3630e-03],
          [ 7.6023e-03,  1.7925e-02,  7.0938e-02, -8.1232e-03, -1.3365e-02],
          [ 1.0273e-02,  5.2028e-03,  2.4860e-02, -4.2058e-03,  2.3025e-02]]]]), 'model.features.6.3.block.1.1.weight': tensor([1.2567, 1.5307, 1.0615,  ..., 1.3541, 2.4034, 1.2607]), 'model.features.6.3.block.1.1.bias': tensor([-0.7686, -3.2567, -0.8800,  ..., -1.7342, -2.1595, -1.9217]), 'model.features.6.3.block.1.1.running_mean': tensor([ 0.0261, -0.1035, -0.0561,  ..., -0.0742,  0.0439, -0.0536]), 'model.features.6.3.block.1.1.running_var': tensor([0.0171, 0.0141, 0.0246,  ..., 0.0094, 0.0303, 0.0014]), 'model.features.6.3.block.1.1.num_batches_tracked': tensor(703214), 'model.features.6.3.block.2.fc1.weight': tensor([[[[-0.0464]],

         [[ 0.0281]],

         [[-0.0308]],

         ...,

         [[ 0.0017]],

         [[-0.0311]],

         [[-0.0274]]],


        [[[ 0.0413]],

         [[-0.1299]],

         [[-0.0846]],

         ...,

         [[-0.0750]],

         [[ 0.0180]],

         [[-0.0248]]],


        [[[ 0.0524]],

         [[ 0.0267]],

         [[-0.0332]],

         ...,

         [[-0.0071]],

         [[-0.1997]],

         [[-0.0373]]],


        ...,


        [[[-0.0065]],

         [[ 0.0687]],

         [[-0.0062]],

         ...,

         [[ 0.0636]],

         [[-0.0351]],

         [[-0.0262]]],


        [[[ 0.0050]],

         [[ 0.1264]],

         [[-0.1029]],

         ...,

         [[ 0.0126]],

         [[ 0.1273]],

         [[ 0.0360]]],


        [[[-0.0577]],

         [[ 0.0183]],

         [[ 0.1076]],

         ...,

         [[ 0.0161]],

         [[ 0.0641]],

         [[-0.0108]]]]), 'model.features.6.3.block.2.fc1.bias': tensor([ 1.8626e+00,  5.2051e-02,  1.4718e-01, -1.1415e-01, -8.8029e-04,
        -2.6055e-01,  7.8358e-01,  1.8966e-01,  1.3588e+00,  3.9695e-01,
        -3.2446e-01, -2.3405e-02,  1.5600e+00, -4.4274e-01,  1.2343e-02,
         2.1534e+00,  2.3135e-01,  2.1312e-01,  8.9828e-01,  1.1239e+00,
        -5.6108e-02,  2.6156e-01,  1.5885e+00,  9.5332e-02,  4.9892e-01,
         1.2168e+00,  1.7967e-02, -4.2002e-01, -1.8076e-01,  1.3174e-01,
         2.5379e-01,  5.2481e-01,  1.7373e-01,  5.2666e-01,  1.2863e-01,
         1.8963e-01,  1.5264e+00,  2.6832e-01,  1.8524e-01, -1.4961e-01,
         6.4933e-01,  3.1779e-01,  1.2069e-01, -3.0723e-02,  2.4281e-01,
         1.7706e-01, -1.1902e-02, -1.6833e-01]), 'model.features.6.3.block.2.fc2.weight': tensor([[[[-0.0595]],

         [[-0.0440]],

         [[ 0.0373]],

         ...,

         [[ 0.0100]],

         [[-0.0881]],

         [[-0.0586]]],


        [[[ 0.0583]],

         [[-0.1094]],

         [[-0.0202]],

         ...,

         [[ 0.1891]],

         [[ 0.1098]],

         [[-0.0951]]],


        [[[-0.0466]],

         [[ 0.0243]],

         [[-0.2457]],

         ...,

         [[-0.0604]],

         [[-0.0126]],

         [[ 0.0301]]],


        ...,


        [[[-0.0768]],

         [[-0.0351]],

         [[-0.0650]],

         ...,

         [[-0.0514]],

         [[-0.0815]],

         [[-0.0503]]],


        [[[-0.0246]],

         [[-0.1424]],

         [[ 0.0146]],

         ...,

         [[-0.1523]],

         [[ 0.1200]],

         [[-0.1333]]],


        [[[-0.0397]],

         [[ 0.0822]],

         [[-0.0105]],

         ...,

         [[-0.0691]],

         [[-0.0372]],

         [[-0.0337]]]]), 'model.features.6.3.block.2.fc2.bias': tensor([-1.0361, -1.1429, -0.3015,  ..., -0.2204, -1.2673, -0.3329]), 'model.features.6.3.block.3.0.weight': tensor([[[[ 0.0641]],

         [[-0.0281]],

         [[-0.0894]],

         ...,

         [[-0.0675]],

         [[-0.1562]],

         [[ 0.0067]]],


        [[[-0.0366]],

         [[ 0.0041]],

         [[ 0.0005]],

         ...,

         [[ 0.0164]],

         [[ 0.0653]],

         [[-0.0393]]],


        [[[ 0.0331]],

         [[-0.0252]],

         [[-0.0638]],

         ...,

         [[-0.0231]],

         [[-0.0326]],

         [[ 0.1064]]],


        ...,


        [[[-0.0078]],

         [[ 0.0131]],

         [[-0.0215]],

         ...,

         [[ 0.0213]],

         [[-0.0522]],

         [[-0.1560]]],


        [[[ 0.0552]],

         [[ 0.0039]],

         [[ 0.1137]],

         ...,

         [[-0.0163]],

         [[-0.0471]],

         [[-0.0035]]],


        [[[-0.0241]],

         [[-0.0670]],

         [[ 0.0236]],

         ...,

         [[-0.0070]],

         [[-0.0394]],

         [[-0.0080]]]]), 'model.features.6.3.block.3.1.weight': tensor([1.3820, 0.9182, 1.0057, 1.5298, 1.9064, 1.3946, 1.5603, 1.9591, 2.2089,
        1.3148, 1.5494, 0.9798, 1.6594, 1.3955, 1.7124, 1.1532, 2.0460, 1.0618,
        1.9370, 1.5529, 2.1668, 1.0867, 2.2978, 1.7595, 1.6058, 1.6218, 1.4375,
        1.7017, 1.9829, 1.8793, 1.4303, 1.5976, 1.8737, 1.5126, 1.6355, 1.8154,
        1.3062, 1.5784, 1.3532, 1.6047, 1.4938, 1.5722, 1.2787, 2.4614, 1.5234,
        1.3740, 1.7234, 1.5821, 1.4804, 2.1346, 1.0661, 1.5597, 1.4737, 1.8231,
        1.8784, 1.4955, 1.5067, 1.6938, 1.9464, 1.5535, 1.6732, 2.1828, 2.0234,
        1.2099, 1.6189, 1.5576, 1.8765, 2.1603, 1.2559, 1.7378, 1.8566, 1.1905,
        1.6957, 2.2635, 1.6823, 1.6169, 2.0905, 1.5604, 0.8546, 1.4876, 1.0670,
        1.9924, 2.1881, 1.7702, 1.1225, 1.6258, 2.2387, 1.3144, 2.0206, 1.4030,
        2.1124, 2.0909, 1.8480, 1.3344, 0.9524, 2.0986, 1.5070, 1.7076, 1.0112,
        1.5784, 1.2763, 1.6645, 0.8776, 2.0675, 1.7178, 1.5399, 1.7181, 1.3930,
        1.5495, 1.3279, 1.6271, 1.7162, 1.5856, 2.1553, 0.9674, 1.1268, 1.2548,
        1.7699, 1.4049, 0.9895, 2.5644, 1.8691, 1.4212, 1.7867, 1.2502, 1.7809,
        2.1849, 1.4654, 1.8744, 1.7800, 2.0429, 1.8532, 0.9122, 2.0914, 2.0916,
        1.9170, 2.0559, 1.4568, 1.8302, 2.0252, 1.7748, 2.1441, 1.8315, 1.3423,
        1.7058, 1.3342, 1.1151, 1.1462, 1.0172, 2.2698, 1.7028, 1.5541, 1.7130,
        2.2061, 0.8410, 1.6973, 0.8319, 2.4435, 1.6770, 1.4948, 1.6634, 1.8723,
        1.9344, 1.3451, 1.3822, 1.8568, 1.4411, 3.1059, 1.2742, 1.9840, 0.9445,
        2.0146, 1.2352, 1.8378, 2.2614, 1.6901, 1.8158, 1.8290, 1.5440, 1.9773,
        1.5880, 2.8681, 1.2882, 1.3328, 3.5548, 1.6570, 1.1068, 2.3095, 1.5978,
        1.6934, 1.9759, 1.8292]), 'model.features.6.3.block.3.1.bias': tensor([-0.0976, -0.2546,  0.1828, -0.2097, -0.3677,  0.0655, -0.5528,  0.1861,
         0.5533,  1.0110, -0.1051, -0.0316,  0.2337, -0.3192,  0.0582,  0.1368,
         0.4352,  0.3477, -0.1207, -0.4427,  0.2339, -0.0965,  0.3602,  0.2071,
        -0.0473,  0.3319,  0.2614,  0.0822,  0.3726, -0.3848,  0.2617, -0.1510,
        -0.4002,  0.1911, -0.1902,  0.0106,  0.1651,  0.3297,  0.4280, -0.0528,
         0.2384,  0.0618,  0.3924,  0.1371, -0.0076,  0.0950,  0.1316, -0.0753,
         0.5443, -0.7041, -0.1825,  0.1548, -0.1493,  0.0908, -0.8020, -0.0069,
         0.0535,  0.0636, -0.1850, -0.0986, -0.3206, -0.5976,  0.2183,  0.2002,
         0.1729,  0.1173,  0.0342, -0.1380, -0.1159, -0.4606,  0.0347, -0.7678,
        -0.4996,  1.0121, -0.2903, -0.2406,  0.1981,  0.2200, -0.2283, -0.2531,
         0.0096,  0.4522,  0.9074,  0.1330,  0.6880, -0.0955, -0.9229, -0.0139,
        -0.6473,  0.0288, -0.2562, -0.1959,  0.2215,  0.1461, -0.3351,  0.3429,
         0.2904, -0.0129, -0.5351,  0.1811,  0.3592,  0.4958, -0.4704,  0.0830,
         0.1913, -0.3527, -0.1493,  0.2612, -0.4022,  0.1783,  0.1614,  0.4565,
        -0.3158,  0.5152,  0.0125,  0.0908,  0.0893,  0.0936, -0.1179, -0.2402,
        -0.3339,  0.0878,  0.2308, -0.0699, -0.0837, -0.1524, -0.3780, -0.1203,
        -0.4059,  0.1888, -0.1253, -0.0327, -0.0102,  0.2398, -0.3663,  0.3464,
        -0.1015,  0.1485, -0.0742,  0.2169,  0.5036, -0.3176, -0.5433, -0.0288,
         0.0134, -0.2517, -0.0769,  0.0986, -0.1935, -0.1544, -0.0055, -0.3470,
        -0.3586,  0.5604,  0.3003, -0.0540, -0.0535,  1.1548, -0.1251, -0.5503,
         0.0964,  0.2791,  0.0114, -0.1972,  0.5148, -0.5755, -0.0829,  1.5644,
         0.1870, -0.3538,  0.1727,  0.2369,  0.0914,  0.0754, -0.0732, -0.3167,
         0.0089, -0.0300, -0.3897,  0.2817,  0.0299,  1.1326, -0.2354,  0.0432,
         2.0150, -0.1440, -0.0487, -0.5936, -0.1977, -0.7406, -0.1457, -0.2226]), 'model.features.6.3.block.3.1.running_mean': tensor([ 1.4744e-01, -4.0127e-01,  3.0307e-01, -1.0524e-01, -5.5588e-02,
        -1.7415e-02, -2.5385e-01, -1.9943e-01, -2.7607e-01,  1.1901e-01,
        -1.9721e-01, -2.7869e-01,  2.3616e-01, -3.5282e-01,  1.8584e-01,
         1.3472e-01,  2.6823e-01,  3.6242e-01,  1.2018e-01, -1.6680e-01,
         2.9186e-01, -7.1268e-02,  9.5420e-02,  9.5891e-04,  1.8589e-01,
         1.2841e-01, -2.3839e-01, -1.2853e-01,  6.5492e-02,  1.4847e-01,
         1.8050e-01,  2.1210e-01,  3.9028e-01, -1.9275e-03,  2.2310e-01,
        -1.9411e-01,  2.0964e-02,  1.8206e-01,  8.3598e-02, -3.2252e-01,
        -2.7371e-01, -1.6519e-01, -2.2195e-01,  2.5501e-01,  2.1826e-01,
         1.6608e-01,  2.6851e-01,  1.0494e-01,  4.4484e-01,  9.6451e-02,
        -1.9351e-01,  4.5688e-02, -9.7626e-02, -3.2999e-02, -1.8097e-01,
         5.1006e-02,  8.3036e-02,  2.9822e-01, -5.1022e-02, -2.1354e-02,
        -9.3319e-02, -6.5978e-02, -1.6130e-02,  5.4988e-02, -1.1768e-01,
        -5.7631e-02,  2.5371e-01,  2.9364e-01,  4.1612e-02, -1.3026e-02,
         9.2405e-02, -2.8583e-01,  1.3130e-01, -1.4486e-01, -4.4846e-03,
         2.3659e-01,  5.4828e-02, -4.7517e-02, -3.8840e-01, -2.7839e-02,
        -7.4538e-02, -1.9536e-01, -2.1540e-02,  3.5090e-02,  6.5691e-03,
        -3.8359e-01, -2.2097e-02,  2.4001e-01, -1.5208e-01, -4.1413e-01,
        -2.6286e-02,  2.6566e-01, -1.0564e-01,  1.7741e-03, -1.8943e-02,
        -2.0152e-01,  2.2180e-01, -8.0410e-02, -3.3117e-01, -4.7993e-02,
        -3.7042e-02,  1.1480e-01, -2.0464e-01,  4.4752e-02,  1.0876e-01,
        -1.4069e-01,  2.0120e-01,  1.2081e-02, -9.8409e-02, -3.0474e-02,
        -9.3099e-02,  5.5313e-02, -2.0182e-01,  3.8365e-01, -7.0449e-04,
         7.1560e-02, -2.4112e-01, -7.6154e-02,  1.4700e-01, -2.1945e-01,
         8.3977e-02,  5.8716e-02,  3.2501e-01, -1.8259e-01, -1.8438e-01,
        -2.0051e-01,  1.2602e-01,  1.5525e-02, -2.2408e-01, -2.6561e-01,
        -3.5476e-02,  2.8397e-02, -5.7692e-02,  2.1361e-01, -3.0301e-02,
         2.5339e-02, -4.4676e-02, -2.8218e-02,  3.8937e-01,  4.3789e-02,
         1.9234e-01,  1.6448e-01, -1.2875e-01,  4.2176e-01, -1.1278e-01,
         1.1822e-01, -2.7376e-02,  2.6173e-01,  5.1363e-02, -1.8879e-02,
         1.6236e-01, -6.1827e-02, -7.8885e-02, -1.6905e-01, -2.3776e-02,
         1.5252e-01,  1.4013e-01,  2.4138e-01, -3.4408e-01, -1.4409e-01,
        -3.1159e-01,  4.3741e-02,  4.3262e-02, -1.8952e-01,  3.3035e-01,
         8.2604e-02,  2.6262e-02,  1.8588e-01, -2.9633e-01,  1.2770e-01,
        -5.1705e-02,  1.0959e-01,  2.0264e-02, -2.5024e-02,  8.2068e-03,
        -1.2545e-01, -1.5280e-01, -3.8546e-02,  1.4271e-01,  9.3627e-02,
        -1.2585e-01,  2.7437e-01,  1.3345e-01,  5.3477e-03,  8.0732e-01,
        -9.3221e-02,  1.1667e-01, -2.1825e-01,  1.0011e-01, -1.1986e-01,
        -4.1572e-01, -4.8646e-02]), 'model.features.6.3.block.3.1.running_var': tensor([0.6679, 0.3465, 0.5384, 0.4755, 0.3031, 0.5645, 0.7719, 0.6169, 0.4677,
        0.3570, 0.4651, 0.4279, 0.3878, 0.6950, 0.3666, 0.4324, 0.5685, 0.3772,
        1.0424, 0.2490, 0.3092, 0.6011, 0.3713, 0.3247, 0.8205, 0.5621, 0.7910,
        0.7584, 0.3808, 0.4250, 0.5007, 0.6951, 0.6481, 0.2957, 0.5608, 0.4930,
        0.3501, 0.4314, 0.5007, 0.3168, 0.3530, 0.3668, 0.4521, 0.6432, 0.3210,
        0.2204, 0.3839, 0.2322, 0.4622, 0.6037, 0.7255, 0.3625, 0.9661, 0.3899,
        0.5254, 0.2719, 0.2937, 0.2181, 0.5110, 0.3152, 0.4656, 0.8127, 0.5224,
        0.5271, 0.4986, 0.2912, 0.2349, 0.9334, 0.3128, 0.4924, 0.3890, 0.9452,
        0.4347, 0.5433, 0.7823, 0.5378, 0.2457, 1.0647, 0.7856, 0.3591, 0.5393,
        0.8544, 0.4758, 0.3813, 0.5855, 0.3290, 0.8022, 0.3530, 0.6109, 0.4466,
        0.3420, 0.3210, 0.2332, 0.3528, 0.4805, 0.7129, 0.3647, 0.3493, 0.7722,
        0.3138, 0.4093, 0.4425, 0.7648, 0.4320, 0.3759, 0.4441, 0.6180, 0.5067,
        0.2420, 0.5751, 0.3402, 0.6647, 0.6679, 0.5728, 0.3915, 0.3855, 0.4512,
        0.7290, 0.4171, 0.5444, 0.7711, 0.4634, 0.5405, 0.3593, 0.6534, 0.6376,
        0.7392, 0.3173, 0.4162, 0.4165, 0.6006, 0.5869, 0.8417, 0.3513, 0.6389,
        0.6296, 0.2197, 0.4605, 0.4212, 0.7668, 0.3079, 0.7593, 0.4639, 0.4937,
        0.2866, 0.4889, 0.6756, 0.4450, 0.3640, 0.5660, 0.4218, 0.2885, 0.2382,
        0.7566, 0.4389, 0.3874, 0.6410, 0.7552, 0.3077, 0.2590, 0.5858, 0.3596,
        0.6152, 0.5065, 0.8201, 0.6572, 0.2984, 1.1138, 0.6842, 0.6085, 0.4642,
        0.3867, 0.4019, 0.3144, 0.8107, 0.3689, 0.3189, 0.2635, 0.5757, 0.5172,
        0.2993, 1.1045, 0.4875, 0.5469, 1.8169, 0.6707, 0.7868, 0.5399, 0.3635,
        0.3052, 0.8425, 0.3906]), 'model.features.6.3.block.3.1.num_batches_tracked': tensor(703214), 'model.features.7.0.block.0.0.weight': tensor([[[[-0.0858]],

         [[-0.0479]],

         [[ 0.0105]],

         ...,

         [[-0.0434]],

         [[ 0.0779]],

         [[-0.0084]]],


        [[[-0.0668]],

         [[-0.0406]],

         [[-0.0751]],

         ...,

         [[ 0.1302]],

         [[-0.0583]],

         [[-0.0722]]],


        [[[-0.1219]],

         [[-0.0453]],

         [[-0.0309]],

         ...,

         [[ 0.0231]],

         [[-0.0388]],

         [[-0.0425]]],


        ...,


        [[[-0.0956]],

         [[-0.0185]],

         [[ 0.1923]],

         ...,

         [[ 0.0316]],

         [[ 0.0092]],

         [[-0.0581]]],


        [[[-0.0473]],

         [[ 0.1089]],

         [[ 0.0053]],

         ...,

         [[-0.1613]],

         [[ 0.0674]],

         [[-0.1576]]],


        [[[-0.0092]],

         [[-0.1287]],

         [[ 0.1376]],

         ...,

         [[ 0.0878]],

         [[-0.1016]],

         [[ 0.0003]]]]), 'model.features.7.0.block.0.1.weight': tensor([0.6216, 0.5172, 0.0624,  ..., 0.6318, 0.3662, 0.3580]), 'model.features.7.0.block.0.1.bias': tensor([-0.8688, -0.9165,  0.0151,  ...,  1.9083, -0.2593,  0.6662]), 'model.features.7.0.block.0.1.running_mean': tensor([-2.5153, -3.7608,  2.2051,  ...,  0.4609, -4.4763,  1.0823]), 'model.features.7.0.block.0.1.running_var': tensor([345.0104, 116.1565,  96.2041,  ..., 253.7549,  79.6204, 107.6858]), 'model.features.7.0.block.0.1.num_batches_tracked': tensor(703214), 'model.features.7.0.block.1.0.weight': tensor([[[[-0.0328,  0.0505, -0.0057],
          [ 0.0908,  0.2112,  0.1278],
          [ 0.0116,  0.0913,  0.0293]]],


        [[[ 0.0416,  0.0965,  0.0487],
          [ 0.1206,  0.1586,  0.1543],
          [ 0.0481,  0.0854,  0.0744]]],


        [[[-0.0302, -0.1141, -0.0597],
          [-0.0648, -0.1397, -0.1022],
          [-0.0506, -0.0745, -0.0461]]],


        ...,


        [[[ 0.0789, -0.0313,  0.0699],
          [-0.0446, -0.5325, -0.0407],
          [ 0.0651, -0.0848,  0.0932]]],


        [[[ 0.0278,  0.0913,  0.0247],
          [ 0.1152,  0.1832,  0.1132],
          [ 0.0369,  0.1118,  0.0257]]],


        [[[-0.0190, -0.1318, -0.0375],
          [-0.0733, -0.1605, -0.0840],
          [ 0.0406, -0.0334,  0.0103]]]]), 'model.features.7.0.block.1.1.weight': tensor([1.4800, 1.7068, 2.0622,  ..., 1.1318, 1.5494, 1.4677]), 'model.features.7.0.block.1.1.bias': tensor([-0.4847, -2.2389, -1.8465,  ...,  0.3898, -1.6529, -0.2085]), 'model.features.7.0.block.1.1.running_mean': tensor([-0.0949, -0.1588, -0.0037,  ..., -0.8245, -0.0566, -0.1987]), 'model.features.7.0.block.1.1.running_var': tensor([0.0114, 0.0012, 0.0002,  ..., 0.1039, 0.0028, 0.0078]), 'model.features.7.0.block.1.1.num_batches_tracked': tensor(703214), 'model.features.7.0.block.2.fc1.weight': tensor([[[[-8.0168e-02]],

         [[-1.6854e-02]],

         [[ 1.0686e-01]],

         ...,

         [[ 1.0307e-01]],

         [[-1.7048e-01]],

         [[ 2.0954e-03]]],


        [[[ 2.4760e-02]],

         [[ 1.8777e-02]],

         [[-4.1044e-02]],

         ...,

         [[ 7.9039e-02]],

         [[ 9.7661e-02]],

         [[-1.4308e-02]]],


        [[[-4.4835e-02]],

         [[-9.8230e-02]],

         [[-5.6230e-02]],

         ...,

         [[ 1.2698e-02]],

         [[-1.7862e-01]],

         [[ 6.0127e-02]]],


        ...,


        [[[ 3.6313e-02]],

         [[ 3.6029e-02]],

         [[ 2.0695e-03]],

         ...,

         [[-1.5937e-02]],

         [[-9.2637e-04]],

         [[-9.0639e-02]]],


        [[[-1.5258e-02]],

         [[-1.2310e-02]],

         [[ 4.7039e-02]],

         ...,

         [[ 1.0657e-02]],

         [[ 2.6221e-04]],

         [[-2.7201e-02]]],


        [[[-1.1518e-01]],

         [[-6.4939e-03]],

         [[ 9.6545e-04]],

         ...,

         [[ 1.5136e-02]],

         [[ 3.0054e-01]],

         [[ 1.2088e-01]]]]), 'model.features.7.0.block.2.fc1.bias': tensor([-0.3699, -1.1851, -0.8521, -0.7984, -1.0444, -1.6912, -0.6679, -1.1517,
        -2.1815, -1.2040, -1.0894, -0.3778, -0.8789, -0.6784, -0.6317, -0.7308,
        -0.0495,  2.6035, -1.5027, -0.6439, -0.4619, -0.0573, -1.1006, -0.7797,
        -0.3112, -0.9192, -2.2546, -0.9839, -0.7108, -0.4162, -0.9147, -0.4053,
        -0.2904, -2.1415, -1.4615, -1.1151, -1.2503, -0.7370, -1.0022, -0.8037,
        -0.4403, -0.4989,  0.7608, -0.1479, -1.1980, -0.4735, -1.6273, -0.9215]), 'model.features.7.0.block.2.fc2.weight': tensor([[[[-0.1857]],

         [[-0.1577]],

         [[-0.1438]],

         ...,

         [[-0.0582]],

         [[ 0.0087]],

         [[ 0.0624]]],


        [[[-0.0221]],

         [[ 0.0363]],

         [[ 0.0843]],

         ...,

         [[ 0.0422]],

         [[-0.1132]],

         [[-0.1257]]],


        [[[-0.0283]],

         [[ 0.0783]],

         [[-0.0696]],

         ...,

         [[-0.0203]],

         [[-0.0305]],

         [[ 0.0864]]],


        ...,


        [[[ 0.0244]],

         [[-0.1931]],

         [[-0.2524]],

         ...,

         [[-0.1726]],

         [[-0.2513]],

         [[-0.1738]]],


        [[[-0.0616]],

         [[-0.0456]],

         [[-0.1527]],

         ...,

         [[ 0.1723]],

         [[-0.0258]],

         [[ 0.1205]]],


        [[[-0.0936]],

         [[-0.0724]],

         [[ 0.0273]],

         ...,

         [[-0.1006]],

         [[-0.0032]],

         [[ 0.0116]]]]), 'model.features.7.0.block.2.fc2.bias': tensor([0.5715, 0.7257, 1.3746,  ..., 1.4815, 0.2985, 0.5109]), 'model.features.7.0.block.3.0.weight': tensor([[[[ 0.1164]],

         [[-0.0203]],

         [[ 0.0162]],

         ...,

         [[ 0.1215]],

         [[ 0.0123]],

         [[-0.0465]]],


        [[[-0.0923]],

         [[-0.1099]],

         [[-0.0529]],

         ...,

         [[-0.0842]],

         [[ 0.1684]],

         [[ 0.0082]]],


        [[[-0.1241]],

         [[ 0.1456]],

         [[ 0.0398]],

         ...,

         [[-0.1114]],

         [[-0.0204]],

         [[ 0.1074]]],


        ...,


        [[[-0.0300]],

         [[-0.0326]],

         [[ 0.0776]],

         ...,

         [[-0.0262]],

         [[ 0.1035]],

         [[ 0.0161]]],


        [[[ 0.0133]],

         [[ 0.0410]],

         [[-0.0119]],

         ...,

         [[-0.0493]],

         [[ 0.0378]],

         [[ 0.0214]]],


        [[[ 0.1262]],

         [[-0.1215]],

         [[-0.0821]],

         ...,

         [[ 0.0410]],

         [[-0.0193]],

         [[ 0.0616]]]]), 'model.features.7.0.block.3.1.weight': tensor([2.5376, 2.3889, 2.6569, 2.6220, 2.7358, 2.4527, 2.5907, 2.6275, 2.6905,
        2.6370, 2.6400, 2.5972, 2.5856, 2.5805, 2.6010, 2.7958, 2.5998, 2.6678,
        2.9456, 2.4104, 2.4050, 2.5767, 2.5395, 2.7769, 2.4501, 2.6137, 2.6389,
        2.4777, 2.5473, 2.3497, 2.6419, 2.6720, 2.5217, 2.5913, 2.7234, 2.6682,
        2.5963, 2.6458, 2.5581, 2.6354, 2.5233, 2.5531, 2.4467, 2.6818, 2.4991,
        2.6447, 2.4652, 2.6951, 2.6305, 2.6448, 2.6136, 2.7082, 2.4727, 2.5887,
        2.5681, 2.5679, 2.5504, 2.7180, 2.5226, 2.6199, 2.6259, 2.4890, 2.5409,
        2.5931, 2.6805, 2.5751, 2.4682, 2.5448, 2.5793, 2.5831, 2.8605, 2.6153,
        2.4718, 2.5311, 2.5873, 2.5926, 2.5448, 2.5770, 2.6240, 2.5531, 2.6033,
        2.6018, 2.4563, 2.6058, 2.5757, 2.8093, 2.6084, 2.5697, 2.4801, 2.6447,
        2.4245, 2.6487, 2.5842, 2.6116, 2.5757, 2.4116, 2.4875, 2.2362, 2.5428,
        2.7479, 2.6316, 2.6157, 2.6858, 2.5303, 2.6703, 2.5580, 2.5807, 2.5136,
        2.5608, 2.7102, 2.6059, 2.5999, 2.5800, 2.6850, 2.6011, 2.5328, 2.5262,
        2.4978, 2.7497, 2.5772, 2.5608, 2.5920, 2.5702, 2.5333, 2.7124, 2.6138,
        2.5695, 2.7937, 2.5898, 2.5382, 2.6239, 2.6517, 2.5421, 2.5987, 2.6437,
        2.3897, 2.5339, 2.6723, 2.4681, 2.4899, 2.5649, 2.5180, 2.6278, 2.4840,
        2.4815, 2.7548, 2.4675, 2.6469, 2.6051, 2.5481, 2.6756, 2.6378, 2.5874,
        2.6860, 2.5836, 2.5690, 2.5932, 2.5602, 2.7106, 2.5793, 2.6505, 2.5096,
        2.5566, 2.6988, 2.3589, 2.6308, 2.5476, 2.5103, 2.5331, 2.5076, 2.5642,
        2.5692, 2.5134, 2.7434, 2.6212, 2.5817, 2.4685, 2.6636, 2.5684, 2.5604,
        2.4646, 2.4354, 2.5957, 2.5012, 2.6330, 2.6023, 2.6290, 2.5960, 2.5270,
        2.6864, 2.5260, 2.6436, 2.8821, 2.6069, 2.5758, 2.5968, 2.5672, 2.5939,
        2.8846, 2.6146, 2.5731, 2.4650, 2.3655, 2.8040, 2.5810, 2.5491, 2.6230,
        2.5882, 2.4651, 2.5948, 2.5346, 2.6066, 2.4344, 2.6535, 2.5566, 2.6167,
        2.5369, 2.5612, 2.5618, 2.6408, 2.7886, 2.5708, 2.6349, 2.5082, 2.6297,
        2.6144, 2.4991, 2.3919, 2.4988, 2.5730, 2.5937, 2.6015, 2.7540, 2.6824,
        2.6138, 2.6277, 2.6494, 2.5135, 2.5554, 2.5715, 2.5723, 2.6052, 2.6064,
        2.5877, 2.4822, 2.5406, 2.2441, 2.6282, 2.4005, 2.6110, 2.5790, 2.7759,
        2.5390, 2.4685, 2.5766, 2.6910, 2.5725, 2.6737, 2.8151, 2.5219, 2.6525,
        2.5384, 2.6674, 2.6228, 2.4892, 2.6612, 2.5577, 2.5799, 2.5979, 2.6178,
        2.6145, 2.4949, 2.6023, 2.6218, 2.4643, 2.5510, 2.6343, 2.4185, 2.6642,
        2.7474, 2.5340, 2.6671, 2.5746, 2.4081, 2.4624, 2.6022, 2.6193, 2.3544,
        2.4063, 2.5926, 2.5510, 2.5783, 2.6892, 2.5834, 2.5317, 2.6101, 2.5306,
        2.5837, 2.6480, 2.4978, 2.5090, 2.5023, 2.4913, 2.5104, 2.5372, 2.5136,
        2.5998, 2.6022, 2.4577, 2.5773, 2.5933, 2.5225, 2.5869, 2.5819, 2.4757,
        2.4942, 2.5842, 2.7096, 2.6359, 2.3837]), 'model.features.7.0.block.3.1.bias': tensor([-1.2173e-04,  3.0880e-03,  4.3071e-03,  2.0357e-03, -7.7982e-03,
        -4.2493e-04, -1.4098e-03,  1.6657e-03, -1.8375e-03,  4.2270e-04,
         2.6280e-04, -3.3400e-03, -4.0080e-03,  9.7414e-04,  4.4443e-04,
        -6.7780e-05,  8.8799e-04,  7.6896e-04, -5.4374e-04,  3.6654e-03,
         4.1275e-04,  1.5559e-03, -5.3137e-04,  1.0611e-03,  8.3517e-04,
         2.4385e-03,  9.6529e-04, -3.2969e-03, -7.0165e-04, -1.3441e-03,
        -8.1715e-04,  1.8643e-03, -7.6353e-04, -1.9020e-03,  3.7888e-03,
        -1.9830e-03,  2.4970e-04, -8.4709e-04, -7.9547e-04, -3.0572e-03,
        -3.8553e-05,  1.3840e-03, -1.5236e-03, -3.3914e-04,  1.6859e-03,
         1.4979e-03, -1.8100e-03,  4.5742e-04,  6.4828e-04,  1.0247e-03,
         1.3238e-05, -2.1272e-03,  1.8626e-03, -2.7854e-03, -1.4604e-03,
        -1.1155e-03,  1.8059e-05, -4.0174e-03, -1.3366e-03,  2.6933e-03,
        -3.2561e-03,  4.5130e-04, -5.3681e-04, -5.6541e-04,  1.5712e-03,
        -8.0149e-05,  1.1739e-04,  1.4736e-03, -4.9220e-03, -1.1190e-03,
        -9.0101e-04,  1.3122e-03,  2.5266e-03,  1.4333e-03,  3.1809e-03,
         1.2451e-03, -3.4743e-03, -1.4910e-03, -1.0836e-05,  1.3407e-03,
         1.0829e-03, -4.1250e-03, -1.6475e-03, -3.4762e-04, -2.8226e-03,
        -4.9981e-03,  1.9589e-03, -4.4752e-04, -1.2333e-03,  4.8684e-03,
         2.8910e-04,  7.7106e-04,  1.8914e-03,  2.6604e-04,  9.4639e-04,
        -1.6934e-03, -3.4279e-03,  2.2177e-03, -7.4623e-04, -3.5936e-03,
        -1.6189e-03, -2.5221e-03,  2.2483e-04, -2.9435e-03, -1.5097e-04,
        -1.1642e-03, -8.4788e-04, -6.4510e-03, -4.2911e-04,  1.5856e-03,
         1.1072e-03, -2.8207e-03,  3.4549e-04,  3.2876e-03,  8.5952e-04,
        -1.0210e-03, -6.1216e-04, -2.0846e-03, -1.0276e-02, -6.8725e-04,
         5.5346e-03, -4.1732e-03, -1.3766e-04,  9.6685e-04,  3.5548e-03,
         1.5813e-04,  2.2988e-03, -2.1220e-03, -8.1670e-04, -6.5995e-06,
         1.3083e-03,  5.2772e-05, -4.0918e-04,  1.4160e-03, -7.0704e-05,
        -7.3190e-04,  4.0745e-03,  3.7544e-03,  4.5270e-03,  3.6812e-03,
         1.1068e-03, -3.6911e-03, -6.9955e-04, -1.2023e-03, -4.2247e-04,
         2.6317e-03, -1.0972e-03,  3.4601e-03,  2.3295e-04,  2.2250e-03,
        -6.3464e-04,  1.1264e-05, -2.5972e-03,  3.2054e-03,  6.7746e-04,
         1.7077e-03,  1.8405e-04,  4.2028e-04,  3.2314e-03,  2.2165e-03,
        -1.2678e-04,  1.6797e-03,  1.9313e-03,  4.2396e-04, -8.0283e-04,
         9.5527e-04,  1.4467e-04, -1.9709e-03,  1.5540e-03, -6.2254e-04,
        -3.6056e-03, -5.7509e-04,  3.5121e-03,  5.3536e-03,  1.5237e-03,
        -8.3797e-04, -6.2115e-03,  3.1778e-03, -1.5665e-03,  2.0894e-03,
        -4.7700e-03, -3.5045e-03, -1.1741e-03, -1.8778e-03,  6.1890e-04,
         1.2131e-03, -5.2388e-03,  4.9938e-04, -7.8924e-04,  1.8030e-03,
        -2.6803e-03,  8.8930e-04,  2.3526e-03,  4.4563e-04,  1.8383e-03,
        -5.1513e-04,  2.2105e-03,  1.1644e-03, -1.0554e-02, -7.1872e-03,
         5.8786e-04,  3.7340e-03,  2.0932e-03,  1.4739e-04, -1.3617e-04,
         1.8747e-03,  1.1878e-03,  2.5485e-03, -1.5041e-03,  4.8854e-04,
         2.3268e-03,  1.3666e-03, -1.6788e-03, -1.8042e-05, -7.6842e-04,
         2.2511e-03,  4.4569e-03,  1.5387e-03, -2.6567e-03, -1.3095e-03,
         6.0206e-03, -7.1930e-04,  8.8050e-04, -1.6224e-03, -3.0422e-03,
         1.9731e-03, -6.1100e-04, -3.0563e-04,  3.0000e-03,  1.0562e-03,
        -2.7787e-04, -2.4693e-03, -2.2341e-04, -2.0207e-03, -4.2579e-04,
        -3.7161e-03, -4.2948e-04, -2.0681e-04,  1.2128e-03,  1.9564e-03,
        -2.6408e-03,  6.2177e-05, -4.6068e-04,  3.9575e-04, -2.1724e-03,
        -1.7747e-03,  6.3585e-04,  1.7329e-03, -5.1039e-03,  1.0883e-03,
         1.1523e-04, -7.1615e-03, -7.9748e-04, -1.4075e-03, -1.1412e-04,
        -1.2865e-04,  4.2084e-04, -1.1395e-03, -3.2805e-03,  8.0404e-04,
         2.1837e-03, -2.0036e-03, -1.7589e-03,  4.2856e-04, -2.5202e-03,
        -1.3700e-03,  2.1664e-04, -9.0081e-05, -1.4069e-03, -3.9496e-04,
         4.6430e-03, -4.2143e-03,  2.0980e-04,  2.4581e-03, -1.1853e-03,
         4.0256e-03,  1.2203e-03,  7.8373e-04, -9.1474e-04,  1.5272e-03,
        -2.7981e-03,  6.6716e-04,  8.3169e-05,  1.2527e-03, -4.0054e-04,
        -1.1783e-04,  1.8697e-03, -8.6187e-04, -2.9464e-03, -1.7450e-03,
        -1.1131e-03, -2.7595e-03,  1.8313e-03,  9.5406e-04, -2.4843e-03,
        -3.8645e-03,  8.3938e-04, -3.4344e-03, -3.9840e-04, -3.3386e-03,
        -3.0593e-04, -1.6780e-03,  1.7595e-03, -6.5359e-04,  1.0761e-03,
         6.5075e-04,  1.1417e-03,  4.2682e-03, -3.6498e-04,  2.2173e-04,
         1.1484e-04, -3.3478e-04, -5.4915e-03, -2.1860e-04,  2.8299e-03,
         8.4997e-04,  1.3393e-03, -5.8039e-04,  1.6493e-03, -5.7334e-04]), 'model.features.7.0.block.3.1.running_mean': tensor([ 0.4398,  0.4864,  0.6427, -0.1688, -1.0269,  0.4818, -1.0300,  0.5862,
        -0.4636, -0.1665,  0.4231, -0.2505, -0.5666, -0.1120,  0.5529,  0.5774,
         0.1871, -0.1278,  0.0354,  0.3878,  0.3188,  0.2235, -0.5894, -0.0513,
         0.3400, -0.2222,  0.1103,  0.1817,  0.0633, -0.4541, -0.2194,  0.3231,
        -1.1088, -0.4807,  0.6342, -0.7719, -0.2157,  0.2721,  0.3596, -0.1632,
        -0.1255, -0.3422,  0.2319, -0.0331,  0.0705, -0.1829, -0.7305, -0.1424,
         0.0251,  0.3789,  0.3920, -0.5519, -0.0693,  0.4295, -0.1605, -0.0642,
         0.2194,  0.0097, -0.1509,  0.6954, -0.4547,  0.7788,  0.5707, -0.5419,
        -0.4538,  0.1211, -0.2781,  0.2398,  0.0231, -0.3517, -0.4453,  0.1217,
         0.3713, -0.1216,  0.7608,  0.3895, -0.4323, -0.7033, -0.1945, -0.1901,
         0.3590, -0.3884,  0.0551, -0.1515, -0.8977, -0.8412,  0.2866,  0.4155,
        -0.3632,  1.2250, -0.1683,  0.2101,  0.2663, -0.3743,  0.3747,  0.3794,
        -0.3903, -0.2838, -0.2755, -0.5876, -0.2265, -0.7172, -0.1937, -0.0478,
         0.3370, -0.0139, -0.6656, -0.7045,  0.0531, -0.6407, -0.1207, -0.5600,
        -0.3886,  0.0446,  0.3881,  0.1669,  0.5186, -0.1806, -0.3525,  0.0879,
         0.9439, -0.6066, -0.0509, -0.1412, -0.0126, -0.4296,  0.2900, -0.2488,
         0.2089, -0.0377,  0.5659, -0.3862, -0.5329,  0.0061, -0.3691,  0.0154,
         0.8964,  0.2462,  0.1623,  0.2164,  0.1843, -0.4467, -0.2772, -0.4128,
         0.0412,  0.4891, -0.3273,  1.2864, -0.0794,  0.5661, -0.5888, -0.6469,
        -0.1525,  0.0444, -0.2619, -0.1543, -0.0125, -0.3557,  0.3570, -0.3451,
        -0.1278,  0.7971,  0.1299, -0.4195, -0.4091,  0.2148,  0.3096, -0.4658,
         0.5086,  0.1057, -0.7114,  0.0072,  0.4725,  0.8513,  0.0759, -0.6120,
        -1.0940,  0.4670, -0.0523,  0.0637, -0.9150, -0.6110, -0.2448, -0.2528,
         0.3034,  0.1448, -1.0379, -0.7979,  0.4845,  0.0155, -0.4577, -0.0785,
         0.9555,  0.1326,  0.0014, -0.3019,  0.1894,  0.0548, -0.8791, -0.9575,
        -0.0569, -0.1143,  0.7885, -0.2112, -0.1510,  0.3370, -0.0325,  0.3520,
        -0.3046,  0.3506,  1.0701,  0.1931,  0.3614,  0.3348,  0.0359, -0.4982,
         0.7358, -0.0293, -0.7387, -0.7857,  1.1625, -0.2337,  0.1450, -0.4157,
        -0.4286,  0.7153,  0.6695,  0.3640,  0.5235,  0.1215, -0.1647, -0.8582,
        -0.0572,  0.1216,  0.0127, -0.0331,  0.2969, -0.2481,  0.1790,  0.2295,
         0.0283, -0.2255, -0.0268,  0.5835,  0.3553,  0.0269, -0.0597,  0.5324,
        -0.5450,  0.1732,  0.1808, -0.5781,  0.3020, -0.6822, -0.1491,  0.2239,
         0.0258, -0.0800, -0.3477,  0.2042,  1.1929,  0.0641,  0.3437,  0.6241,
        -0.3252,  0.1345,  0.7306, -0.3621,  0.4100,  0.3322,  0.3749, -0.0274,
        -0.1110, -0.2791,  0.0020,  0.0643,  0.0286,  0.5943, -0.8247,  0.8326,
        -0.2113,  0.2008,  0.3548,  0.1228, -0.3473,  0.0699,  0.3904, -0.1488,
         0.0216, -0.3422, -0.0264, -0.2243, -0.0876,  0.2715, -0.5449, -0.5885,
         0.1189, -0.5348,  0.1187, -0.6657, -0.2724, -0.4066,  0.7286,  0.0699,
         0.0307,  0.2635,  0.0986,  0.8597, -0.6673, -0.2838, -0.0609, -0.3459,
        -0.6544,  0.0084,  0.5360, -0.1318,  1.1420, -0.3196,  0.8613,  0.8205]), 'model.features.7.0.block.3.1.running_var': tensor([ 5.5722,  5.2609,  8.3510,  3.4123, 12.5758,  5.5528,  9.4672,  5.4046,
         9.4797,  7.7165,  7.8657,  1.8742, 17.5248,  6.4150,  8.9865, 10.8628,
         9.3309,  7.0187, 10.8986,  3.1416,  6.8525,  4.6667,  4.7724,  9.1184,
        15.0127,  3.8743,  5.3528, 10.4283,  7.3466,  6.3043,  8.8731,  8.1047,
         4.2335,  9.5421,  5.8971,  7.3784,  3.1207,  6.8778,  8.9377,  4.4839,
         6.8499,  7.6641,  8.4865,  9.7763,  4.4267,  4.6772,  4.3175,  2.2152,
         6.3707, 10.1676,  7.1091,  8.0711,  8.3844,  7.1840,  8.2444,  6.0068,
         2.4435,  9.6106,  7.0470,  5.8488,  5.1684,  5.5976,  6.8630,  8.7400,
         9.3779,  3.6163,  7.3069,  5.6314,  2.8697,  4.8847, 13.3230,  8.9110,
        10.6504,  5.0491,  3.3669,  6.8329,  8.3383,  4.2975,  5.6989,  5.6077,
         9.1103,  7.0855,  7.3531,  4.1687,  7.4351, 10.7358,  8.7837,  7.4394,
         4.5888, 14.8383,  8.9594,  5.4360,  8.5647,  7.6232,  3.0466,  5.6740,
         6.0768,  6.0400,  9.9154, 15.3198,  6.9459,  8.5056,  5.7782,  9.3588,
         4.1927,  6.7525,  5.7609,  9.2467,  8.9666,  7.7381,  9.7815,  3.8959,
        11.5864, 11.2544, 10.9653,  9.3605,  7.5559, 10.9886, 12.2692,  7.2815,
        11.2907, 12.4349,  8.1482,  6.0876,  6.2175,  7.2887,  7.5773, 10.1404,
         6.5730,  6.8282,  7.1830,  3.0162,  6.1657,  8.6645,  4.4148,  5.2483,
         9.4282,  8.8818,  6.5612,  8.1984,  7.7282,  7.2605, 10.6260,  6.0102,
         6.4949,  6.5006, 11.0609, 10.3865,  2.8945,  3.6832,  5.6819,  4.0650,
         8.6695, 11.5404, 10.2512,  3.1715,  8.1058,  7.5485, 11.9126,  7.9944,
         5.5091,  8.5686,  5.8964,  6.9261,  7.0316,  3.6979,  5.6527,  3.9496,
         2.8041,  8.0777,  5.1148,  9.7579,  2.2353, 10.5116,  3.8967,  5.6763,
         8.6627,  5.2651,  4.3444,  4.2197,  3.9107,  4.4708,  6.2943,  4.0540,
         7.3411,  6.0598, 12.3610,  3.4173,  7.9112,  9.8065,  7.2809,  7.1994,
        16.7639,  5.7344,  7.6689,  7.3505,  7.2900,  6.9693, 14.6069, 11.0423,
         6.0150,  2.8663,  3.5017,  8.6830,  9.4739,  4.4954,  5.7599,  8.5879,
         5.2730,  7.3976,  6.1903,  6.1470,  3.4601,  9.2915,  3.7208,  3.5056,
        11.0779,  4.5868,  4.4234,  9.8796,  4.3102,  9.9725,  7.0035,  6.0734,
         8.4457, 11.4379,  6.5217,  3.7653,  3.8883,  4.7079,  7.1912,  8.8583,
         5.2632,  8.0075,  6.8608,  4.8300,  5.8006,  7.9575,  6.4388,  6.6618,
         3.6398,  2.8871, 12.1249,  5.1519,  8.1745,  6.7461,  6.1102,  6.8727,
         9.5891,  8.8975, 10.9040, 12.4069,  5.3773,  8.5466,  7.2578,  6.7610,
         5.7405,  7.6512,  7.8485,  6.9378,  8.0386,  3.9996,  9.2575,  3.9384,
         3.9807,  9.1448,  5.1692, 10.0642,  6.3567,  8.0489,  8.4956, 11.8649,
         6.1227,  9.3575, 10.0329,  7.5051,  5.3310,  3.2443,  3.6868, 12.8978,
         9.6102,  4.0395,  4.9289, 10.5939,  2.4100,  4.2203,  9.8508, 11.9733,
         6.8917,  6.1829,  5.6239, 11.3097,  8.0645,  9.4777,  5.4805,  5.7305,
         6.9326,  3.2520,  4.8897,  5.5431,  4.1637,  7.2702,  3.9501,  6.7673,
         6.0473,  6.6241,  8.4729,  9.9097,  6.6200,  3.6307,  3.9847,  5.8017,
        17.2159,  4.3558,  7.3932,  6.9826,  3.2306, 10.5321,  5.1239,  9.1541]), 'model.features.7.0.block.3.1.num_batches_tracked': tensor(703214), 'model.features.8.0.weight': tensor([[[[ 0.0689]],

         [[-0.0330]],

         [[ 0.0051]],

         ...,

         [[ 0.0820]],

         [[ 0.0037]],

         [[-0.0389]]],


        [[[ 0.0311]],

         [[ 0.0265]],

         [[ 0.0175]],

         ...,

         [[-0.0411]],

         [[-0.0045]],

         [[ 0.0414]]],


        [[[ 0.1195]],

         [[ 0.0065]],

         [[ 0.0521]],

         ...,

         [[-0.0579]],

         [[ 0.0745]],

         [[ 0.0536]]],


        ...,


        [[[-0.0283]],

         [[-0.0876]],

         [[ 0.0137]],

         ...,

         [[ 0.0618]],

         [[ 0.0115]],

         [[ 0.0096]]],


        [[[-0.0041]],

         [[-0.0004]],

         [[ 0.0191]],

         ...,

         [[-0.0181]],

         [[ 0.0141]],

         [[-0.0341]]],


        [[[ 0.0357]],

         [[ 0.0114]],

         [[-0.0412]],

         ...,

         [[ 0.1032]],

         [[-0.0230]],

         [[-0.0241]]]]), 'model.features.8.1.weight': tensor([2.3999, 2.7952, 2.7949,  ..., 2.6342, 2.5741, 2.9128]), 'model.features.8.1.bias': tensor([-1.7865, -2.5909, -2.3704,  ..., -2.3176, -2.1953, -2.4727]), 'model.features.8.1.running_mean': tensor([-0.0018, -0.0095,  0.0009,  ..., -0.0045, -0.0019, -0.0066]), 'model.features.8.1.running_var': tensor([52.8843, 24.8783, 63.1523,  ..., 52.6924, 51.2981, 52.7792]), 'model.features.8.1.num_batches_tracked': tensor(703214), 'model.classifier.1.weight': tensor([[-0.0135,  0.0009, -0.0186,  ..., -0.0185, -0.0258,  0.0171],
        [ 0.0117,  0.0189, -0.0219,  ...,  0.0301, -0.0112,  0.0082]]), 'model.classifier.1.bias': tensor([-0.0038,  0.0223])})